[11:51:23] [INFO] 
━━━━━━━━━━━━━━━━━━━━━━━━━━━━━━━━━━━━━━━━
🤖 UBER DEMAND PREDICTOR PRO v4.1 - Demostración
━━━━━━━━━━━━━━━━━━━━━━━━━━━━━━━━━━━━━━━━
[11:51:24] [INFO] ✅ Cargados 38000 muestras históricas
[11:51:24] [INFO] ✅ Modelo cargado desde caché
[11:51:24] [INFO] 
📊 Generando datos históricos sintéticos...
[11:51:24] [INFO]    Generadas 2000 muestras
[11:51:24] [INFO] 
💾 Ingestando datos al sistema...
[11:51:28] [INFO] 
🧠 Entrenando modelos de predicción...
[11:51:28] [INFO] 🧠 Entrenando ensemble con 2000 muestras...
[11:51:28] [WARN]    ⚠️ Error entrenando heuristic: 
[11:51:28] [DEBUG]    📊 Pesos actualizados: {'heuristic': 1.0}
[11:51:28] [INFO] ✅ Ensemble entrenado exitosamente (0 modelos)
[11:51:28] [INFO] 
━━━━━━━━━━━━━━━━━━━━━━━━━━━━━━━━━━━━━━━━
🎯 PREDICCIONES EN TIEMPO REAL
━━━━━━━━━━━━━━━━━━━━━━━━━━━━━━━━━━━━━━━━
[11:51:28] [INFO] 
📅 Escenario: Ahora (mañana laboral)
[11:51:28] [INFO] 
Zona                         Score   Conf Recomendación
[11:51:28] [INFO]    ----------------------------------------------------------------------
[11:51:28] [INFO]    Albrook Mall                  5.0    50% ➡️ DEMANDA PROMEDIO - Zona viable para o
[11:51:28] [INFO]    Arraiján Centro               5.0    50% ➡️ DEMANDA PROMEDIO - Zona viable para o
[11:51:28] [INFO]    La Chorrera                   5.0    50% ➡️ DEMANDA PROMEDIO - Zona viable para o
[11:51:28] [INFO]    Costa del Este                5.0    50% ➡️ DEMANDA PROMEDIO - Zona viable para o
[11:51:28] [INFO] 
📅 Escenario: Hora pico tarde
[11:51:28] [INFO] 
Zona                         Score   Conf Recomendación
[11:51:28] [INFO]    ----------------------------------------------------------------------
[11:51:28] [INFO]    Albrook Mall                  5.0    50% ➡️ DEMANDA PROMEDIO - Zona viable para o
[11:51:28] [INFO]    Arraiján Centro               5.0    50% ➡️ DEMANDA PROMEDIO - Zona viable para o
[11:51:28] [INFO]    La Chorrera                   5.0    50% ➡️ DEMANDA PROMEDIO - Zona viable para o
[11:51:28] [INFO]    Costa del Este                5.0    50% ➡️ DEMANDA PROMEDIO - Zona viable para o
[11:51:28] [INFO] 
━━━━━━━━━━━━━━━━━━━━━━━━━━━━━━━━━━━━━━━━
📊 ESTADO DEL SISTEMA
━━━━━━━━━━━━━━━━━━━━━━━━━━━━━━━━━━━━━━━━
[11:51:28] [INFO]    Muestras almacenadas: 40000
[11:51:28] [INFO]    Modelo entrenado: Sí
[11:51:29] [INFO] 💾 Persistidos 40000 muestras
[11:51:29] [INFO] 
━━━━━━━━━━━━━━━━━━━━━━━━━━━━━━━━━━━━━━━━
🧠 DECISION ENGINE DEMO
━━━━━━━━━━━━━━━━━━━━━━━━━━━━━━━━━━━━━━━━
[11:51:29] [INFO] ✅ Reutilizando predictor existente
[11:55:15] [ERROR] ❌ Error crítico: log_banner() got an unexpected keyword argument 'emoji'
[11:57:52] [INFO] 
━━━━━━━━━━━━━━━━━━━━━━━━━━━━━━━━━━━━━━━━
🚀 🚀 INICIANDO SISTEMA MODO DIOS - SYMBIOSIS-TERMUX
━━━━━━━━━━━━━━━━━━━━━━━━━━━━━━━━━━━━━━━━
[11:57:52] [INFO] ✅ Agente registrado: BUYER_001 (LightweightAgent)
[11:57:52] [INFO] ✅ Agente registrado: SELLER_001 (LightweightAgent)
[11:57:52] [INFO] 🤝 Negociación iniciada: c7c26330 | BUYER_001 ↔ SELLER_001
[11:57:52] [INFO] ✅ SELLER_001 ACEPTA oferta $102.98
[11:57:52] [INFO] ✅ Acuerdo: $102.98 en 1 rondas | 0.50s
[11:58:16] [WARN] ⚠️ Interrupción por usuario
[12:03:57] [INFO] 🧠 Entrenando ensemble con 500 muestras...
[12:03:57] [WARN]    ⚠️ Error entrenando heuristic: 
[12:03:57] [DEBUG]    📊 Pesos actualizados: {'heuristic': 1.0}
[12:03:57] [INFO] ✅ Ensemble entrenado exitosamente (0 modelos)
[12:40:20] [INFO] 🧠 Entrenando ensemble con 500 muestras...
[12:40:20] [WARN]    ⚠️ Error entrenando heuristic: 
[12:40:20] [DEBUG]    📊 Pesos actualizados: {'heuristic': 1.0}
[12:40:20] [INFO] ✅ Ensemble entrenado exitosamente (0 modelos)
[13:14:18] [INFO] 🧠 Entrenando ensemble con 500 muestras...
[13:14:18] [WARN]    ⚠️ Error entrenando heuristic: 
[13:14:18] [DEBUG]    📊 Pesos actualizados: {'heuristic': 1.0}
[13:14:18] [INFO] ✅ Ensemble entrenado exitosamente (0 modelos)
[13:23:42] [INFO] 🧠 Entrenando ensemble con 500 muestras...
[13:23:42] [WARN]    ⚠️ Error entrenando heuristic: 
[13:23:42] [DEBUG]    📊 Pesos actualizados: {'heuristic': 1.0}
[13:23:42] [INFO] ✅ Ensemble entrenado exitosamente (0 modelos)
[13:25:08] [INFO] 🧠 Entrenando ensemble con 500 muestras...
[13:25:08] [WARN]    ⚠️ Error entrenando heuristic: 
[13:25:08] [DEBUG]    📊 Pesos actualizados: {'heuristic': 1.0}
[13:25:08] [INFO] ✅ Ensemble entrenado exitosamente (0 modelos)
[14:06:37] [INFO] 🧠 Entrenando ensemble con 500 muestras...
[14:06:37] [WARN]    ⚠️ Error entrenando heuristic: 
[14:06:37] [DEBUG]    📊 Pesos actualizados: {'heuristic': 1.0}
[14:06:37] [INFO] ✅ Ensemble entrenado exitosamente (0 modelos)
[14:13:11] [INFO] 🧠 Entrenando ensemble con 500 muestras...
[14:13:11] [WARN]    ⚠️ Error entrenando heuristic: 
[14:13:11] [DEBUG]    📊 Pesos actualizados: {'heuristic': 1.0}
[14:13:11] [INFO] ✅ Ensemble entrenado exitosamente (0 modelos)
[14:46:48] [INFO] 🧠 Entrenando ensemble con 500 muestras...
[14:46:48] [DEBUG]    ℹ️ Modelo heuristic ya está entrenado (se omite)
[14:46:48] [DEBUG]    📊 Pesos actualizados: {'heuristic': 1.0}
[14:46:48] [INFO] ✅ Ensemble entrenado exitosamente (0 modelos)
[14:46:48] [INFO]    Modelos: ['heuristic']
[14:46:48] [DEBUG]    Pesos: {'heuristic': 1.0}
[14:53:49] [INFO] 🧠 Entrenando ensemble con 500 muestras...
[14:53:49] [DEBUG]    ℹ️ Modelo heuristic ya está entrenado (se omite)
[14:53:49] [DEBUG]    📊 Pesos actualizados: {'heuristic': 1.0}
[14:53:49] [INFO] ✅ Ensemble entrenado exitosamente (0 modelos)
[14:53:49] [INFO]    Modelos: ['heuristic']
[14:53:49] [DEBUG]    Pesos: {'heuristic': 1.0}
[14:55:11] [INFO] 🧠 Entrenando ensemble con 500 muestras...
[14:55:11] [DEBUG]    ℹ️ Modelo heuristic ya está entrenado (se omite)
[14:55:11] [DEBUG]    📊 Pesos actualizados: {'heuristic': 1.0}
[14:55:11] [INFO] ✅ Ensemble entrenado exitosamente (0 modelos)
[14:55:11] [INFO]    Modelos: ['heuristic']
[14:55:11] [DEBUG]    Pesos: {'heuristic': 1.0}
[15:04:21] [INFO] 🧠 Entrenando ensemble con 500 muestras...
[15:04:21] [DEBUG]    ℹ️ Modelo heuristic ya está entrenado (se omite)
[15:04:21] [DEBUG]    📊 Pesos actualizados: {'heuristic': 1.0}
[15:04:21] [INFO] ✅ Ensemble entrenado exitosamente (0 modelos)
[15:04:21] [INFO]    Modelos: ['heuristic']
[15:04:21] [DEBUG]    Pesos: {'heuristic': 1.0}
[15:12:27] [INFO] 🧠 Entrenando ensemble con 500 muestras...
[15:12:27] [DEBUG]    ℹ️ Modelo heuristic ya está entrenado (se omite)
[15:12:27] [DEBUG]    📊 Pesos actualizados: {'heuristic': 1.0}
[15:12:27] [INFO] ✅ Ensemble entrenado exitosamente (0 modelos)
[15:12:27] [INFO]    Modelos: ['heuristic']
[15:12:27] [DEBUG]    Pesos: {'heuristic': 1.0}
[15:14:32] [INFO] 🧠 Entrenando ensemble con 500 muestras...
[15:14:32] [DEBUG]    ℹ️ Modelo heuristic ya está entrenado (se omite)
[15:14:32] [DEBUG]    📊 Pesos actualizados: {'heuristic': 1.0}
[15:14:32] [INFO] ✅ Ensemble entrenado exitosamente (0 modelos)
[15:14:32] [INFO]    Modelos: ['heuristic']
[15:14:32] [DEBUG]    Pesos: {'heuristic': 1.0}
[15:15:40] [INFO] 🧠 Entrenando ensemble con 500 muestras...
[15:15:40] [DEBUG]    ℹ️ Modelo heuristic ya está entrenado (se omite)
[15:15:40] [DEBUG]    📊 Pesos actualizados: {'heuristic': 1.0}
[15:15:40] [INFO] ✅ Ensemble entrenado exitosamente (0 modelos)
[15:15:40] [INFO]    Modelos: ['heuristic']
[15:15:40] [DEBUG]    Pesos: {'heuristic': 1.0}
[15:57:44] [INFO] 🧠 Entrenando ensemble con 500 muestras...
[15:57:44] [DEBUG]    ℹ️ Modelo heuristic ya está entrenado (se omite)
[15:57:44] [DEBUG]    📊 Pesos actualizados: {'heuristic': 1.0}
[15:57:44] [INFO] ✅ Ensemble entrenado exitosamente (0 modelos)
[15:57:44] [INFO]    Modelos: ['heuristic']
[15:57:44] [DEBUG]    Pesos: {'heuristic': 1.0}
[16:55:11] [INFO] 🧠 Entrenando ensemble con 500 muestras...
[16:55:11] [DEBUG]    ℹ️ Modelo heuristic ya está entrenado (se omite)
[16:55:11] [DEBUG]    📊 Pesos actualizados: {'heuristic': 1.0}
[16:55:11] [INFO] ✅ Ensemble entrenado exitosamente (0 modelos)
[16:55:11] [INFO]    Modelos: ['heuristic']
[16:55:11] [DEBUG]    Pesos: {'heuristic': 1.0}
[17:10:24] [INFO] 🧠 Entrenando ensemble con 500 muestras...
[17:10:24] [DEBUG]    ℹ️ Modelo heuristic ya está entrenado (se omite)
[17:10:24] [DEBUG]    📊 Pesos actualizados: {'heuristic': 1.0}
[17:10:24] [INFO] ✅ Ensemble entrenado exitosamente (0 modelos)
[17:10:24] [INFO]    Modelos: ['heuristic']
[17:10:24] [DEBUG]    Pesos: {'heuristic': 1.0}
[18:47:17] [INFO] 🧠 Entrenando ensemble con 500 muestras...
[18:47:17] [DEBUG]    ℹ️ Modelo heuristic ya está entrenado (se omite)
[18:47:17] [DEBUG]    📊 Pesos actualizados: {'heuristic': 1.0}
[18:47:17] [INFO] ✅ Ensemble entrenado exitosamente (0 modelos)
[18:47:17] [INFO]    Modelos: ['heuristic']
[18:47:17] [DEBUG]    Pesos: {'heuristic': 1.0}
[19:09:50] [INFO] 🧠 Entrenando ensemble con 500 muestras...
[19:09:50] [DEBUG]    ℹ️ Modelo heuristic ya está entrenado (se omite)
[19:09:50] [DEBUG]    📊 Pesos actualizados: {'heuristic': 1.0}
[19:09:50] [INFO] ✅ Ensemble entrenado exitosamente (0 modelos)
[19:09:50] [INFO]    Modelos: ['heuristic']
[19:09:50] [DEBUG]    Pesos: {'heuristic': 1.0}
[21:14:44] [WARN] ⚠️ Error cargando datos: Can't get attribute 'DemandSample' on <module '__main__' from '/data/data/com.termux/files/home/lucifer_prometeo/00_start_all.py'>
[21:14:44] [WARN] ⚠️ Error cargando modelo: Can't get attribute 'EnsembleDemandPredictor' on <module '__main__' from '/data/data/com.termux/files/home/lucifer_prometeo/00_start_all.py'>
[21:14:45] [INFO] 🧠 Entrenando ensemble con 500 muestras...
[21:14:45] [DEBUG]    ℹ️ Modelo heuristic ya está entrenado (se omite)
[21:14:45] [DEBUG]    📊 Pesos actualizados: {'heuristic': 1.0}
[21:14:45] [INFO] ✅ Ensemble entrenado exitosamente (0 modelos)
[21:14:45] [INFO]    Modelos: ['heuristic']
[21:14:45] [DEBUG]    Pesos: {'heuristic': 1.0}
[21:15:27] [WARN] ⚠️ Error cargando datos: Can't get attribute 'DemandSample' on <module '__main__' from '/data/data/com.termux/files/home/lucifer_prometeo/00_start_all.py'>
[21:15:27] [WARN] ⚠️ Error cargando modelo: Can't get attribute 'EnsembleDemandPredictor' on <module '__main__' from '/data/data/com.termux/files/home/lucifer_prometeo/00_start_all.py'>
[21:15:27] [INFO] 🧠 Entrenando ensemble con 500 muestras...
[21:15:27] [DEBUG]    ℹ️ Modelo heuristic ya está entrenado (se omite)
[21:15:27] [DEBUG]    📊 Pesos actualizados: {'heuristic': 1.0}
[21:15:27] [INFO] ✅ Ensemble entrenado exitosamente (0 modelos)
[21:15:27] [INFO]    Modelos: ['heuristic']
[21:15:27] [DEBUG]    Pesos: {'heuristic': 1.0}
[21:16:09] [WARN] ⚠️ Error cargando datos: Can't get attribute 'DemandSample' on <module '__main__' from '/data/data/com.termux/files/home/lucifer_prometeo/00_start_all.py'>
[21:16:09] [WARN] ⚠️ Error cargando modelo: Can't get attribute 'EnsembleDemandPredictor' on <module '__main__' from '/data/data/com.termux/files/home/lucifer_prometeo/00_start_all.py'>
[21:16:09] [INFO] 🧠 Entrenando ensemble con 500 muestras...
[21:16:09] [DEBUG]    ℹ️ Modelo heuristic ya está entrenado (se omite)
[21:16:09] [DEBUG]    📊 Pesos actualizados: {'heuristic': 1.0}
[21:16:09] [INFO] ✅ Ensemble entrenado exitosamente (0 modelos)
[21:16:09] [INFO]    Modelos: ['heuristic']
[21:16:09] [DEBUG]    Pesos: {'heuristic': 1.0}
[21:16:36] [WARN] ⚠️ Error cargando datos: Can't get attribute 'DemandSample' on <module '__main__' from '/data/data/com.termux/files/home/lucifer_prometeo/00_start_all.py'>
[21:16:36] [WARN] ⚠️ Error cargando modelo: Can't get attribute 'EnsembleDemandPredictor' on <module '__main__' from '/data/data/com.termux/files/home/lucifer_prometeo/00_start_all.py'>
[21:16:36] [INFO] 🧠 Entrenando ensemble con 500 muestras...
[21:16:36] [DEBUG]    ℹ️ Modelo heuristic ya está entrenado (se omite)
[21:16:36] [DEBUG]    📊 Pesos actualizados: {'heuristic': 1.0}
[21:16:36] [INFO] ✅ Ensemble entrenado exitosamente (0 modelos)
[21:16:36] [INFO]    Modelos: ['heuristic']
[21:16:36] [DEBUG]    Pesos: {'heuristic': 1.0}
[22:45:08] [INFO] 
━━━━━━━━━━━━━━━━━━━━━━━━━━━━━━━━━━━━━━━━
🤖 UBER DEMAND PREDICTOR PRO v4.1 - Demostración
━━━━━━━━━━━━━━━━━━━━━━━━━━━━━━━━━━━━━━━━
[22:45:09] [INFO] ✅ Cargados 40000 muestras históricas
[22:45:09] [INFO] ✅ Modelo cargado desde caché
[22:45:09] [INFO] 
📊 Generando datos históricos sintéticos...
[22:45:09] [INFO]    Generadas 2000 muestras
[22:45:09] [INFO] 
💾 Ingestando datos al sistema...
[22:45:10] [INFO] 
🧠 Entrenando modelos de predicción...
[22:45:10] [INFO] 🧠 Entrenando ensemble con 2000 muestras...
[22:45:10] [DEBUG]    ℹ️ Modelo heuristic ya está entrenado (se omite)
[22:45:10] [DEBUG]    📊 Pesos actualizados: {'heuristic': 1.0}
[22:45:10] [INFO] ✅ Ensemble entrenado exitosamente (0 modelos)
[22:45:10] [INFO]    Modelos: ['heuristic']
[22:45:10] [DEBUG]    Pesos: {'heuristic': 1.0}
[22:45:10] [INFO] 
━━━━━━━━━━━━━━━━━━━━━━━━━━━━━━━━━━━━━━━━
🎯 PREDICCIONES EN TIEMPO REAL
━━━━━━━━━━━━━━━━━━━━━━━━━━━━━━━━━━━━━━━━
[22:45:10] [INFO] 
📅 Escenario: Ahora (mañana laboral)
[22:45:10] [INFO] 
Zona                         Score   Conf Recomendación
[22:45:10] [INFO]    ----------------------------------------------------------------------
[22:45:10] [INFO]    Albrook Mall                  7.0    50% 📈 DEMANDA MODERADA-ALTA - Buena oportuni
[22:45:10] [INFO]    Arraiján Centro               7.0    50% 📈 DEMANDA MODERADA-ALTA - Buena oportuni
[22:45:10] [INFO]    La Chorrera                   7.0    50% 📈 DEMANDA MODERADA-ALTA - Buena oportuni
[22:45:10] [INFO]    Costa del Este                7.0    50% 📈 DEMANDA MODERADA-ALTA - Buena oportuni
[22:45:10] [INFO] 
📅 Escenario: Hora pico tarde
[22:45:10] [INFO] 
Zona                         Score   Conf Recomendación
[22:45:10] [INFO]    ----------------------------------------------------------------------
[22:45:10] [INFO]    Albrook Mall                  7.0    50% 📈 DEMANDA MODERADA-ALTA - Buena oportuni
[22:45:10] [INFO]    Arraiján Centro               7.0    50% 📈 DEMANDA MODERADA-ALTA - Buena oportuni
[22:45:10] [INFO]    La Chorrera                   7.0    50% 📈 DEMANDA MODERADA-ALTA - Buena oportuni
[22:45:10] [INFO]    Costa del Este                7.0    50% 📈 DEMANDA MODERADA-ALTA - Buena oportuni
[22:45:10] [INFO] 
━━━━━━━━━━━━━━━━━━━━━━━━━━━━━━━━━━━━━━━━
📊 ESTADO DEL SISTEMA
━━━━━━━━━━━━━━━━━━━━━━━━━━━━━━━━━━━━━━━━
[22:45:10] [INFO]    Muestras almacenadas: 42000
[22:45:10] [INFO]    Modelo entrenado: Sí
[22:45:11] [INFO] 💾 Persistidos 42000 muestras
[22:45:11] [INFO] 
━━━━━━━━━━━━━━━━━━━━━━━━━━━━━━━━━━━━━━━━
🧠 DECISION ENGINE DEMO
━━━━━━━━━━━━━━━━━━━━━━━━━━━━━━━━━━━━━━━━
[22:45:11] [INFO] ✅ Reutilizando predictor existente
[22:51:53] [INFO] 
━━━━━━━━━━━━━━━━━━━━━━━━━━━━━━━━━━━━━━━━
🚀 🚀 INICIANDO SISTEMA MODO DIOS - SYMBIOSIS-TERMUX
━━━━━━━━━━━━━━━━━━━━━━━━━━━━━━━━━━━━━━━━
[22:51:53] [INFO] ✅ Agente registrado: BUYER_001 (LightweightAgent)
[22:51:53] [INFO] ✅ Agente registrado: SELLER_001 (LightweightAgent)
[22:51:53] [INFO] 🤝 Negociación iniciada: 9782593e | BUYER_001 ↔ SELLER_001
[22:52:23] [WARN] ⏱️ TIMEOUT FORZADO - CERRANDO SESIÓN
[22:52:23] [INFO] 
━━━━━━━━━━━━━━━━━━━━━━━━━━━━━━━━━━━━━━━━
📜 RESULTADO FINAL
━━━━━━━━━━━━━━━━━━━━━━━━━━━━━━━━━━━━━━━━
[22:52:23] [INFO] Estado: EXPIRED
[22:52:23] [INFO] Exitosas: 0/1
[22:52:23] [INFO] Rondas ejecutadas: 1
[22:52:23] [INFO] 
📜 HISTORIAL:
[22:52:23] [INFO] BUYER_001 → $100.60 | Lightweight heuristic
[22:56:27] [INFO] 
━━━━━━━━━━━━━━━━━━━━━━━━━━━━━━━━━━━━━━━━
🚀 Sistema inicializado correctamente
━━━━━━━━━━━━━━━━━━━━━━━━━━━━━━━━━━━━━━━━
[22:56:27] [SUCCESS] Tests básicos completados
[22:56:35] [WARN] 🛑 AGENTE DETENIDO POR USUARIO (CTRL+C)
[19:04:13] [INFO] 
━━━━━━━━━━━━━━━━━━━━━━━━━━━━━━━━━━━━━━━━
🤖 UBER DEMAND PREDICTOR PRO v4.1 - Demostración
━━━━━━━━━━━━━━━━━━━━━━━━━━━━━━━━━━━━━━━━
[19:04:14] [INFO] ✅ Cargados 42000 muestras históricas
[19:04:14] [INFO] ✅ Modelo cargado desde caché
[19:04:14] [INFO] 
📊 Generando datos históricos sintéticos...
[19:04:14] [INFO]    Generadas 2000 muestras
[19:04:14] [INFO] 
💾 Ingestando datos al sistema...
[19:04:16] [INFO] 
🧠 Entrenando modelos de predicción...
[19:04:16] [INFO] 🧠 Entrenando ensemble con 2000 muestras...
[19:04:16] [DEBUG]    ℹ️ Modelo heuristic ya está entrenado (se omite)
[19:04:16] [DEBUG]    📊 Pesos actualizados: {'heuristic': 1.0}
[19:04:16] [INFO] ✅ Ensemble entrenado exitosamente (0 modelos)
[19:04:16] [INFO]    Modelos: ['heuristic']
[19:04:16] [DEBUG]    Pesos: {'heuristic': 1.0}
[19:04:16] [INFO] 
━━━━━━━━━━━━━━━━━━━━━━━━━━━━━━━━━━━━━━━━
🎯 PREDICCIONES EN TIEMPO REAL
━━━━━━━━━━━━━━━━━━━━━━━━━━━━━━━━━━━━━━━━
[19:04:16] [INFO] 
📅 Escenario: Ahora (mañana laboral)
[19:04:16] [INFO] 
Zona                         Score   Conf Recomendación
[19:04:16] [INFO]    ----------------------------------------------------------------------
[19:04:16] [INFO]    Albrook Mall                  7.0    50% 📈 DEMANDA MODERADA-ALTA - Buena oportuni
[19:04:16] [INFO]    Arraiján Centro               7.0    50% 📈 DEMANDA MODERADA-ALTA - Buena oportuni
[19:04:16] [INFO]    La Chorrera                   7.0    50% 📈 DEMANDA MODERADA-ALTA - Buena oportuni
[19:04:16] [INFO]    Costa del Este                7.0    50% 📈 DEMANDA MODERADA-ALTA - Buena oportuni
[19:04:16] [INFO] 
📅 Escenario: Hora pico tarde
[19:04:16] [INFO] 
Zona                         Score   Conf Recomendación
[19:04:16] [INFO]    ----------------------------------------------------------------------
[19:04:16] [INFO]    Albrook Mall                  7.0    50% 📈 DEMANDA MODERADA-ALTA - Buena oportuni
[19:04:16] [INFO]    Arraiján Centro               7.0    50% 📈 DEMANDA MODERADA-ALTA - Buena oportuni
[19:04:16] [INFO]    La Chorrera                   7.0    50% 📈 DEMANDA MODERADA-ALTA - Buena oportuni
[19:04:16] [INFO]    Costa del Este                7.0    50% 📈 DEMANDA MODERADA-ALTA - Buena oportuni
[19:04:16] [INFO] 
━━━━━━━━━━━━━━━━━━━━━━━━━━━━━━━━━━━━━━━━
📊 ESTADO DEL SISTEMA
━━━━━━━━━━━━━━━━━━━━━━━━━━━━━━━━━━━━━━━━
[19:04:16] [INFO]    Muestras almacenadas: 44000
[19:04:16] [INFO]    Modelo entrenado: Sí
[19:04:18] [INFO] 💾 Persistidos 44000 muestras
[19:04:18] [INFO] 
━━━━━━━━━━━━━━━━━━━━━━━━━━━━━━━━━━━━━━━━
🧠 DECISION ENGINE DEMO
━━━━━━━━━━━━━━━━━━━━━━━━━━━━━━━━━━━━━━━━
[19:04:18] [INFO] ✅ Reutilizando predictor existente
[06:54:22] [INFO] 
━━━━━━━━━━━━━━━━━━━━━━━━━━━━━━━━━━━━━━━━
🚀 Sistema inicializado correctamente + RL + Matching Engine
━━━━━━━━━━━━━━━━━━━━━━━━━━━━━━━━━━━━━━━━
[06:54:22] [SUCCESS] Tests básicos completados
[06:54:22] [INFO] 
━━━━━━━━━━━━━━━━━━━━━━━━━━━━━━━━━━━━━━━━
🚀 DEMO: MATCHING ENGINE INTEGRADO
━━━━━━━━━━━━━━━━━━━━━━━━━━━━━━━━━━━━━━━━
[06:54:22] [MATCH] Similaridad A0 ↔ A1: 0.292 | breakdown: {'preferences': 0.5828583261224557, 'rating': 0.9749780428636707, 'location': 0.9687425441667261, 'recency': 0.9999999999327445}
[06:54:22] [MATCH] Recomendaciones para A0: [('A2', '0.93'), ('A7', '0.93'), ('A3', '0.90'), ('A4', '0.86'), ('A5', '0.84'), ('A1', '0.82'), ('A9', '0.80'), ('A6', '0.76'), ('A8', '0.75')]
[06:54:22] [MATCH] Clusters geográficos: 3 celdas
[06:54:22] [INFO] 
━━━━━━━━━━━━━━━━━━━━━━━━━━━━━━━━━━━━━━━━
🚀 DEMO: RL + MATCHING INTEGRATION
━━━━━━━━━━━━━━━━━━━━━━━━━━━━━━━━━━━━━━━━
[06:54:22] [RL] 🤖 Agente RL inicializado: Q_LEARNING
[06:54:22] [MATCH] 🔗 Matching Engine activado
[06:54:22] [INFO] 
━━━━━━━━━━━━━━━━━━━━━━━━━━━━━━━━━━━━━━━━
🚀 ENTRENAMIENTO RL
━━━━━━━━━━━━━━━━━━━━━━━━━━━━━━━━━━━━━━━━
[06:54:22] [TRAIN] Agente: QLearningAgent
[06:54:22] [TRAIN] Episodios: 50
[06:54:22] [RL] ✅ Entrenamiento completado: -0.35 recompensa promedio
[06:54:22] [RL] 📊 Q-Table size: 43 estados
[06:54:22] [RL] 🎯 Oferta seleccionada por RL+Matching: $20.00
[06:54:22] [RL] ✅ Negociación simulada completada con RL+Matching
[07:16:06] [WARN] 🛑 AGENTE DETENIDO POR USUARIO (CTRL+C)
[12:27:39] [INFO] 
━━━━━━━━━━━━━━━━━━━━━━━━━━━━━━━━━━━━━━━━
🚀 SISTEMA UNIFICADO INICIALIZADO (NÚCLEO + DAIMON VIVO + ENSEMBLE)
━━━━━━━━━━━━━━━━━━━━━━━━━━━━━━━━━━━━━━━━
[12:27:39] [INFO] 
━━━━━━━━━━━━━━━━━━━━━━━━━━━━━━━━━━━━━━━━
🚀 DEMO: MATCHING ENGINE
━━━━━━━━━━━━━━━━━━━━━━━━━━━━━━━━━━━━━━━━
[12:27:39] [ERROR] ERROR CRÍTICO: No module named 'SimilarityMetrics'
[12:32:28] [INFO] 
━━━━━━━━━━━━━━━━━━━━━━━━━━━━━━━━━━━━━━━━
🚀 SISTEMA UNIFICADO INICIALIZADO (NÚCLEO + DAIMON VIVO + ENSEMBLE)
━━━━━━━━━━━━━━━━━━━━━━━━━━━━━━━━━━━━━━━━
[12:32:28] [INFO] 
━━━━━━━━━━━━━━━━━━━━━━━━━━━━━━━━━━━━━━━━
🚀 DEMO: MATCHING ENGINE
━━━━━━━━━━━━━━━━━━━━━━━━━━━━━━━━━━━━━━━━
[12:32:28] [MATCH] Similaridad A0 ↔ A1: 0.262
[12:32:28] [INFO] 
━━━━━━━━━━━━━━━━━━━━━━━━━━━━━━━━━━━━━━━━
🚀 DEMO: RL BÁSICO + MATCHING
━━━━━━━━━━━━━━━━━━━━━━━━━━━━━━━━━━━━━━━━
[12:32:28] [RL] 🤖 Agente RL inicializado: Q_LEARNING
[12:32:28] [MATCH] 🔗 Matching Engine activado
[12:32:28] [INFO] 
━━━━━━━━━━━━━━━━━━━━━━━━━━━━━━━━━━━━━━━━
🚀 ENTRENAMIENTO RL
━━━━━━━━━━━━━━━━━━━━━━━━━━━━━━━━━━━━━━━━
[12:32:28] [TRAIN] Agente: QLearningAgent
[12:32:28] [TRAIN] Episodios: 20
[12:32:28] [RL] ✅ Entrenamiento completado: -0.23 recompensa promedio
[12:32:28] [RL] 🎯 Oferta seleccionada por RL: $10.00
[12:32:28] [INFO] 
━━━━━━━━━━━━━━━━━━━━━━━━━━━━━━━━━━━━━━━━
🚀 DEMO: CEOIA ENSAMBLE AVANZADO
━━━━━━━━━━━━━━━━━━━━━━━━━━━━━━━━━━━━━━━━
[12:32:28] [ERROR] ERROR CRÍTICO: 'DoubleDQN' object has no attribute 'q_network'
[12:38:27] [INFO] 
━━━━━━━━━━━━━━━━━━━━━━━━━━━━━━━━━━━━━━━━
🚀 SISTEMA UNIFICADO INICIALIZADO (NÚCLEO + DAIMON VIVO + ENSEMBLE)
━━━━━━━━━━━━━━━━━━━━━━━━━━━━━━━━━━━━━━━━
[12:38:27] [INFO] 
━━━━━━━━━━━━━━━━━━━━━━━━━━━━━━━━━━━━━━━━
🚀 DEMO: MATCHING ENGINE
━━━━━━━━━━━━━━━━━━━━━━━━━━━━━━━━━━━━━━━━
[12:38:27] [MATCH] Similaridad A0 ↔ A1: 0.290
[12:38:27] [INFO] 
━━━━━━━━━━━━━━━━━━━━━━━━━━━━━━━━━━━━━━━━
🚀 DEMO: RL BÁSICO + MATCHING
━━━━━━━━━━━━━━━━━━━━━━━━━━━━━━━━━━━━━━━━
[12:38:27] [RL] 🤖 Agente RL inicializado: Q_LEARNING
[12:38:27] [MATCH] 🔗 Matching Engine activado
[12:38:27] [INFO] 
━━━━━━━━━━━━━━━━━━━━━━━━━━━━━━━━━━━━━━━━
🚀 ENTRENAMIENTO RL
━━━━━━━━━━━━━━━━━━━━━━━━━━━━━━━━━━━━━━━━
[12:38:27] [TRAIN] Agente: QLearningAgent
[12:38:27] [TRAIN] Episodios: 20
[12:38:27] [RL] ✅ Entrenamiento completado: -0.40 recompensa promedio
[12:38:27] [RL] 🎯 Oferta seleccionada por RL: $10.00
[12:38:27] [INFO] 
━━━━━━━━━━━━━━━━━━━━━━━━━━━━━━━━━━━━━━━━
🚀 DEMO: CEOIA ENSAMBLE AVANZADO
━━━━━━━━━━━━━━━━━━━━━━━━━━━━━━━━━━━━━━━━
[12:38:27] [INFO] CEOIA POTENCIADO INICIALIZADO con Ensemble Multi-RL
[12:38:27] [ERROR] ERROR CRÍTICO: cannot access local variable 'S' where it is not associated with a value
[12:42:18] [INFO] 
━━━━━━━━━━━━━━━━━━━━━━━━━━━━━━━━━━━━━━━━
🚀 SISTEMA UNIFICADO INICIALIZADO (NÚCLEO + DAIMON VIVO + ENSEMBLE)
━━━━━━━━━━━━━━━━━━━━━━━━━━━━━━━━━━━━━━━━
[12:42:18] [INFO] 
━━━━━━━━━━━━━━━━━━━━━━━━━━━━━━━━━━━━━━━━
🚀 DEMO: MATCHING ENGINE
━━━━━━━━━━━━━━━━━━━━━━━━━━━━━━━━━━━━━━━━
[12:42:18] [MATCH] Similaridad A0 ↔ A1: 0.283
[12:42:18] [INFO] 
━━━━━━━━━━━━━━━━━━━━━━━━━━━━━━━━━━━━━━━━
🚀 DEMO: RL BÁSICO + MATCHING
━━━━━━━━━━━━━━━━━━━━━━━━━━━━━━━━━━━━━━━━
[12:42:18] [RL] 🤖 Agente RL inicializado: Q_LEARNING
[12:42:18] [MATCH] 🔗 Matching Engine activado
[12:42:18] [INFO] 
━━━━━━━━━━━━━━━━━━━━━━━━━━━━━━━━━━━━━━━━
🚀 ENTRENAMIENTO RL
━━━━━━━━━━━━━━━━━━━━━━━━━━━━━━━━━━━━━━━━
[12:42:18] [TRAIN] Agente: QLearningAgent
[12:42:18] [TRAIN] Episodios: 20
[12:42:18] [RL] ✅ Entrenamiento completado: -0.39 recompensa promedio
[12:42:18] [RL] 🎯 Oferta seleccionada por RL: $20.00
[12:42:18] [INFO] 
━━━━━━━━━━━━━━━━━━━━━━━━━━━━━━━━━━━━━━━━
🚀 DEMO: CEOIA ENSAMBLE AVANZADO
━━━━━━━━━━━━━━━━━━━━━━━━━━━━━━━━━━━━━━━━
[12:42:18] [INFO] CEOIA POTENCIADO INICIALIZADO con Ensemble Multi-RL
[12:42:18] [SUCCESS] ✅ SISTEMA UNIFICADO OPERATIVO - Todos los módulos integrados sin pérdida.
[12:51:05] [INFO] 
━━━━━━━━━━━━━━━━━━━━━━━━━━━━━━━━━━━━━━━━
🚀 SISTEMA UNIFICADO INICIALIZADO (NÚCLEO + DAIMON VIVO + ENSEMBLE)
━━━━━━━━━━━━━━━━━━━━━━━━━━━━━━━━━━━━━━━━
[12:51:05] [INFO] 
━━━━━━━━━━━━━━━━━━━━━━━━━━━━━━━━━━━━━━━━
🚀 DEMO: MATCHING ENGINE
━━━━━━━━━━━━━━━━━━━━━━━━━━━━━━━━━━━━━━━━
[12:51:05] [MATCH] Similaridad A0 ↔ A1: 0.295
[12:51:05] [INFO] 
━━━━━━━━━━━━━━━━━━━━━━━━━━━━━━━━━━━━━━━━
🚀 DEMO: RL BÁSICO + MATCHING
━━━━━━━━━━━━━━━━━━━━━━━━━━━━━━━━━━━━━━━━
[12:51:05] [RL] 🤖 Agente RL inicializado: Q_LEARNING
[12:51:05] [MATCH] 🔗 Matching Engine activado
[12:51:05] [INFO] 
━━━━━━━━━━━━━━━━━━━━━━━━━━━━━━━━━━━━━━━━
🚀 ENTRENAMIENTO RL
━━━━━━━━━━━━━━━━━━━━━━━━━━━━━━━━━━━━━━━━
[12:51:05] [TRAIN] Agente: QLearningAgent
[12:51:05] [TRAIN] Episodios: 20
[12:51:05] [RL] ✅ Entrenamiento completado: -0.50 recompensa promedio
[12:51:05] [RL] 🎯 Oferta seleccionada por RL: $20.00
[12:51:05] [INFO] 
━━━━━━━━━━━━━━━━━━━━━━━━━━━━━━━━━━━━━━━━
🚀 DEMO: CEOIA ENSAMBLE AVANZADO
━━━━━━━━━━━━━━━━━━━━━━━━━━━━━━━━━━━━━━━━
[12:51:05] [INFO] CEOIA POTENCIADO INICIALIZADO con Ensemble Multi-RL
[12:51:05] [SUCCESS] ✅ SISTEMA UNIFICADO OPERATIVO - Todos los módulos integrados sin pérdida.
[12:51:48] [WARN] 🛑 DETENIDO POR USUARIO
[07:43:36] [INFO] 
━━━━━━━━━━━━━━━━━━━━━━━━━━━━━━━━━━━━━━━━
🚀 Sistema inicializado correctamente + RL + Matching + MileageLearner
━━━━━━━━━━━━━━━━━━━━━━━━━━━━━━━━━━━━━━━━
[07:43:36] [MILEAGE_WAIT] ⏳ MileageLearner pendiente de definición - se activará automáticamente
[07:43:36] [SUCCESS] Tests básicos completados
[07:43:36] [INFO] 
━━━━━━━━━━━━━━━━━━━━━━━━━━━━━━━━━━━━━━━━
🚀 DEMO: MATCHING ENGINE INTEGRADO
━━━━━━━━━━━━━━━━━━━━━━━━━━━━━━━━━━━━━━━━
[07:43:36] [MATCH] Similaridad A0 ↔ A1: 0.235 | breakdown: {'preferences': 0.8922014665901965, 'rating': 0.5970850884132832, 'location': 0.9687425441667261, 'recency': 0.9999999999302038}
[07:43:36] [MATCH] Recomendaciones para A0: [('A6', '0.95'), ('A2', '0.94'), ('A8', '0.93'), ('A7', '0.91'), ('A3', '0.90'), ('A9', '0.88'), ('A1', '0.88'), ('A5', '0.85'), ('A4', '0.82')]
[07:43:36] [MATCH] Clusters geográficos: 3 celdas
[07:43:36] [INFO] 
━━━━━━━━━━━━━━━━━━━━━━━━━━━━━━━━━━━━━━━━
🚀 DEMO: RL + MATCHING INTEGRATION
━━━━━━━━━━━━━━━━━━━━━━━━━━━━━━━━━━━━━━━━
[07:43:36] [RL] 🤖 Agente RL inicializado: Q_LEARNING
[07:43:36] [MATCH] 🔗 Matching Engine activado
[07:43:36] [INFO] 
━━━━━━━━━━━━━━━━━━━━━━━━━━━━━━━━━━━━━━━━
🚀 ENTRENAMIENTO RL
━━━━━━━━━━━━━━━━━━━━━━━━━━━━━━━━━━━━━━━━
[07:43:36] [TRAIN] Agente: QLearningAgent
[07:43:36] [TRAIN] Episodios: 50
[07:43:36] [RL] ✅ Entrenamiento completado: -0.43 recompensa promedio
[07:43:36] [RL] 📊 Q-Table size: 39 estados
[07:43:36] [RL] 🎯 Oferta seleccionada por RL+Matching: $25.00
[07:43:36] [RL] ✅ Negociación simulada completada con RL+Matching
[07:46:20] [WARN] 🛑 AGENTE DETENIDO POR USUARIO (CTRL+C)
[11:33:31] [PATCH] 🔧 RLState extendido con soporte de kilometraje
[11:33:31] [INFO] 
━━━━━━━━━━━━━━━━━━━━━━━━━━━━━━━━━━━━━━━━
🚀 Sistema inicializado correctamente + RL + Matching + MileageLearner
━━━━━━━━━━━━━━━━━━━━━━━━━━━━━━━━━━━━━━━━
[11:33:31] [MILEAGE] ⏳ MileageLearner en espera de CEOIA
[11:33:31] [MILEAGE] 📊 MileageLearner inicializado: bins=(8, 18, 30)
[11:33:31] [INTEGRATION] 🔗 NegotiationEnvironment extendido con recompensas por kilometraje
[11:33:31] [MILEAGE] ✅ MileageLearner activado y listo para registrar viajes
[11:33:31] [SUCCESS] Tests básicos completados
[11:33:31] [INFO] 
━━━━━━━━━━━━━━━━━━━━━━━━━━━━━━━━━━━━━━━━
🚀 DEMO: MATCHING ENGINE INTEGRADO
━━━━━━━━━━━━━━━━━━━━━━━━━━━━━━━━━━━━━━━━
[11:33:31] [MATCH] Similaridad A0 ↔ A1: 0.292 | breakdown: {'preferences': 0.7813868333063132, 'rating': 0.977599180722508, 'location': 0.9687425441667261, 'recency': 0.9999999999259253}
[11:33:31] [MATCH] Recomendaciones para A0: [('A2', '0.95'), ('A9', '0.94'), ('A6', '0.93'), ('A4', '0.91'), ('A1', '0.91'), ('A3', '0.90'), ('A8', '0.89'), ('A5', '0.88'), ('A7', '0.87')]
[11:33:31] [MATCH] Clusters geográficos: 3 celdas
[11:33:31] [INFO] 
━━━━━━━━━━━━━━━━━━━━━━━━━━━━━━━━━━━━━━━━
🚀 DEMO: RL + MATCHING INTEGRATION
━━━━━━━━━━━━━━━━━━━━━━━━━━━━━━━━━━━━━━━━
[11:33:31] [INFO] 
━━━━━━━━━━━━━━━━━━━━━━━━━━━━━━━━━━━━━━━━
🚀 ENTRENAMIENTO RL
━━━━━━━━━━━━━━━━━━━━━━━━━━━━━━━━━━━━━━━━
[11:33:31] [TRAIN] Agente: QLearningAgent
[11:33:31] [TRAIN] Episodios: 50
[11:33:31] [RL] 📊 Q-Table size: 41 estados
[11:33:31] [RL] 🎯 Oferta seleccionada por RL+Matching: $30.00
[11:33:31] [RL] ✅ Negociación simulada completada con RL+Matching
[11:33:31] [INFO] 
━━━━━━━━━━━━━━━━━━━━━━━━━━━━━━━━━━━━━━━━
🚀 DEMO: MILEAGE LEARNER - APRENDIZAJE POR DISTANCIA
━━━━━━━━━━━━━━━━━━━━━━━━━━━━━━━━━━━━━━━━
[11:33:31] [MILEAGE] ⚠️ 5km → $5.00 | consider (conf: 0%)
[11:33:31] [MILEAGE] ⚠️ 12km → $5.00 | consider (conf: 0%)
[11:33:31] [MILEAGE] ⚠️ 20km → $5.00 | consider (conf: 0%)
[11:33:31] [MILEAGE] ⚠️ 35km → $5.00 | consider (conf: 0%)
[11:33:31] [MILEAGE] 📊 Stats: {'short_0_8': '1regs', 'medium_8_18': '3regs', 'long_18_30': '1regs'}
[11:33:50] [MILEAGE] 💾 MileageLearner guardado: 6 registros
[11:33:50] [MILEAGE] 💾 MileageLearner guardado antes de salir
[11:33:50] [WARN] 🛑 AGENTE DETENIDO POR USUARIO (CTRL+C)
[11:33:50] [MILEAGE] 💾 MileageLearner guardado: 6 registros
[11:34:35] [PATCH] 🔧 RLState extendido con soporte de kilometraje
[11:34:35] [PATCH] 🔧 RLState extendido con soporte de kilometraje
[11:37:51] [PATCH] 🔧 RLState extendido con soporte de kilometraje
[11:37:51] [PATCH] 🔧 RLState extendido con soporte de kilometraje
[11:41:41] [PATCH] 🔧 RLState extendido con soporte de kilometraje
[11:41:41] [PATCH] 🔧 RLState extendido con soporte de kilometraje
[12:39:02] [PATCH] 🔧 RLState extendido con soporte de kilometraje
[12:39:02] [PATCH] 🔧 RLState extendido con soporte de kilometraje
[12:48:02] [PATCH] 🔧 RLState extendido con soporte de kilometraje
[12:48:02] [PATCH] 🔧 RLState extendido con soporte de kilometraje
[20:38:37] [INFO] 
━━━━━━━━━━━━━━━━━━━━━━━━━━━━━━━━━━━━━━━━
🚀 SISTEMA UNIFICADO SYMBIOSIS/DAIMON + CEOIA POTENCIADO [v4.2]
━━━━━━━━━━━━━━━━━━━━━━━━━━━━━━━━━━━━━━━━
[20:38:37] [MILEAGE] 📊 MileageLearner cargado
[20:38:37] [SYS] ✅ MileageLearner listo
[20:38:37] [SYS] ✅ RL Integration Layer + Matching listo
[20:38:37] [INFO] 
━━━━━━━━━━━━━━━━━━━━━━━━━━━━━━━━━━━━━━━━
🚀 🧪 DEMO: NÚCLEO & MATCHING
━━━━━━━━━━━━━━━━━━━━━━━━━━━━━━━━━━━━━━━━
[20:38:37] [MATCH] Matches A0: [('A3', '0.95'), ('A4', '0.89'), ('A1', '0.84'), ('A8', '0.84'), ('A6', '0.81'), ('A5', '0.74'), ('A2', '0.73'), ('A9', '0.71'), ('A7', '0.63')]
[20:38:37] [INFO] 
━━━━━━━━━━━━━━━━━━━━━━━━━━━━━━━━━━━━━━━━
🚀 🧠 DEMO: RL LIGERO + MATCHING
━━━━━━━━━━━━━━━━━━━━━━━━━━━━━━━━━━━━━━━━
[20:43:41] [INFO] 
━━━━━━━━━━━━━━━━━━━━━━━━━━━━━━━━━━━━━━━━
🚀 SISTEMA UNIFICADO SYMBIOSIS/DAIMON + CEOIA POTENCIADO [v4.2]
━━━━━━━━━━━━━━━━━━━━━━━━━━━━━━━━━━━━━━━━
[20:43:41] [MILEAGE] 📊 MileageLearner cargado
[20:43:41] [SYS] ✅ MileageLearner listo
[20:43:41] [SYS] ✅ RL Integration Layer + Matching listo
[20:43:41] [INFO] 
━━━━━━━━━━━━━━━━━━━━━━━━━━━━━━━━━━━━━━━━
🚀 🧪 DEMO: NÚCLEO & MATCHING
━━━━━━━━━━━━━━━━━━━━━━━━━━━━━━━━━━━━━━━━
[20:43:41] [MATCH] Matches A0: [('A6', '0.92'), ('A9', '0.90'), ('A4', '0.88'), ('A5', '0.87'), ('A2', '0.86'), ('A1', '0.86'), ('A8', '0.83'), ('A3', '0.79'), ('A7', '0.67')]
[20:43:41] [INFO] 
━━━━━━━━━━━━━━━━━━━━━━━━━━━━━━━━━━━━━━━━
🚀 🧠 DEMO: RL LIGERO + MATCHING
━━━━━━━━━━━━━━━━━━━━━━━━━━━━━━━━━━━━━━━━
[20:43:41] [INFO] 
━━━━━━━━━━━━━━━━━━━━━━━━━━━━━━━━━━━━━━━━
🚀 ENTRENAMIENTO RL
━━━━━━━━━━━━━━━━━━━━━━━━━━━━━━━━━━━━━━━━
[20:43:41] [TRAIN] Episodios: 20
[20:43:41] [RL] 📊 RL Entrenado. Avg Reward: 0.80
[20:43:41] [RL] 🎯 Oferta RL+Match: $30.00
[20:43:41] [INFO] 
━━━━━━━━━━━━━━━━━━━━━━━━━━━━━━━━━━━━━━━━
🚀 ♾️ LOOP FINALIZADO. SISTEMA LISTO.
━━━━━━━━━━━━━━━━━━━━━━━━━━━━━━━━━━━━━━━━
[20:43:41] [SYS] 🔄 Ejecución completada sin errores.
[22:54:34] [INFO] CEOIA POTENCIADO INICIALIZADO con Ensemble Multi-RL
[22:54:34] [INFO] 
━━━━━━━━━━━━━━━━━━━━━━━━━━━━━━━━━━━━━━━━
🚀 TESTS BÁSICOS DEL SISTEMA
━━━━━━━━━━━━━━━━━━━━━━━━━━━━━━━━━━━━━━━━
[22:54:34] [SUCCESS] Tests básicos completados
[22:54:34] [INFO] 
━━━━━━━━━━━━━━━━━━━━━━━━━━━━━━━━━━━━━━━━
🚀 DEMO: MATCHING ENGINE INTEGRADO
━━━━━━━━━━━━━━━━━━━━━━━━━━━━━━━━━━━━━━━━
[22:54:34] [MATCH] Similaridad A0 ↔ A1: 0.293 | breakdown: {'preferences': 0.6155336219116108, 'rating': 0.9838102480986985, 'location': 0.9687425441667261, 'recency': 0.9999999999392961}
[22:54:34] [MATCH] Recomendaciones para A0: [('A8', '0.90'), ('A3', '0.90'), ('A7', '0.90'), ('A1', '0.85'), ('A4', '0.83'), ('A6', '0.82'), ('A2', '0.82'), ('A9', '0.82'), ('A5', '0.81')]
[22:54:34] [MATCH] Clusters geográficos: 3 celdas
[22:54:34] [INFO] 
━━━━━━━━━━━━━━━━━━━━━━━━━━━━━━━━━━━━━━━━
🚀 DEMO: RL + MATCHING INTEGRATION
━━━━━━━━━━━━━━━━━━━━━━━━━━━━━━━━━━━━━━━━
[22:54:34] [INFO] 
━━━━━━━━━━━━━━━━━━━━━━━━━━━━━━━━━━━━━━━━
🚀 ENTRENAMIENTO RL
━━━━━━━━━━━━━━━━━━━━━━━━━━━━━━━━━━━━━━━━
[22:54:34] [TRAIN] Agente: QLearningAgent
[22:54:34] [TRAIN] Episodios: 50
[22:54:34] [RL] 📊 Q-Table size: 44 estados
[22:54:34] [RL] 🎯 Oferta seleccionada por RL+Matching: $30.00
[22:54:34] [RL] ✅ Negociación simulada completada con RL+Matching
[23:05:19] [INFO] CEOIA POTENCIADO INICIALIZADO con Ensemble Multi-RL
[23:05:19] [INFO] 
━━━━━━━━━━━━━━━━━━━━━━━━━━━━━━━━━━━━━━━━
🚀 TESTS BÁSICOS DEL SISTEMA
━━━━━━━━━━━━━━━━━━━━━━━━━━━━━━━━━━━━━━━━
[23:05:19] [SUCCESS] Tests básicos completados
[23:05:19] [INFO] 
━━━━━━━━━━━━━━━━━━━━━━━━━━━━━━━━━━━━━━━━
🚀 DEMO: MATCHING ENGINE INTEGRADO
━━━━━━━━━━━━━━━━━━━━━━━━━━━━━━━━━━━━━━━━
[23:05:19] [MATCH] Similaridad A0 ↔ A1: 0.281 | breakdown: {'preferences': 0.8643129254402823, 'rating': 0.9064831763564691, 'location': 0.9687425441667261, 'recency': 0.9999999999455804}
[23:05:19] [MATCH] Recomendaciones para A0: [('A6', '0.93'), ('A1', '0.91'), ('A2', '0.91'), ('A5', '0.90'), ('A9', '0.90'), ('A8', '0.88'), ('A3', '0.86'), ('A4', '0.83'), ('A7', '0.75')]
[23:05:19] [MATCH] Clusters geográficos: 3 celdas
[23:05:19] [INFO] 
━━━━━━━━━━━━━━━━━━━━━━━━━━━━━━━━━━━━━━━━
🚀 DEMO: RL + MATCHING INTEGRATION
━━━━━━━━━━━━━━━━━━━━━━━━━━━━━━━━━━━━━━━━
[23:05:19] [INFO] 
━━━━━━━━━━━━━━━━━━━━━━━━━━━━━━━━━━━━━━━━
🚀 ENTRENAMIENTO RL
━━━━━━━━━━━━━━━━━━━━━━━━━━━━━━━━━━━━━━━━
[23:05:19] [TRAIN] Agente: QLearningAgent
[23:05:19] [TRAIN] Episodios: 50
[23:05:19] [RL] 📊 Q-Table size: 45 estados
[23:05:19] [RL] 🎯 Oferta seleccionada por RL+Matching: $30.00
[23:05:19] [RL] ✅ Negociación simulada completada con RL+Matching
[23:05:19] [INFO] 
━━━━━━━━━━━━━━━━━━━━━━━━━━━━━━━━━━━━━━━━
🚀 DEMO: CEOIA ENSAMBLE MULTI-RL
━━━━━━━━━━━━━━━━━━━━━━━━━━━━━━━━━━━━━━━━
[23:05:19] [INFO] 
━━━━━━━━━━━━━━━━━━━━━━━━━━━━━━━━━━━━━━━━
🚀 AGENTE VIVO - PRESIONA CTRL+C PARA DETENER
━━━━━━━━━━━━━━━━━━━━━━━━━━━━━━━━━━━━━━━━
[23:05:29] [META] Error de metaaprendizaje: name 'softmax' is not defined
[23:05:34] [META] Error de metaaprendizaje: name 'softmax' is not defined
[23:05:39] [META] Error de metaaprendizaje: name 'softmax' is not defined
[23:05:44] [META] Error de metaaprendizaje: name 'softmax' is not defined
[23:05:49] [META] Error de metaaprendizaje: name 'softmax' is not defined
[23:05:54] [META] Error de metaaprendizaje: name 'softmax' is not defined
[23:05:59] [META] Error de metaaprendizaje: name 'softmax' is not defined
[23:06:04] [META] Error de metaaprendizaje: name 'softmax' is not defined
[23:06:09] [META] Error de metaaprendizaje: name 'softmax' is not defined
[23:06:14] [META] Error de metaaprendizaje: name 'softmax' is not defined
[23:06:19] [META] Error de metaaprendizaje: name 'softmax' is not defined
[23:06:24] [META] Error de metaaprendizaje: name 'softmax' is not defined
[23:06:29] [META] Error de metaaprendizaje: name 'softmax' is not defined
[23:06:34] [META] Error de metaaprendizaje: name 'softmax' is not defined
[23:06:39] [META] Error de metaaprendizaje: name 'softmax' is not defined
[23:06:44] [META] Error de metaaprendizaje: name 'softmax' is not defined
[23:06:49] [META] Error de metaaprendizaje: name 'softmax' is not defined
[23:06:54] [META] Error de metaaprendizaje: name 'softmax' is not defined
[23:06:59] [META] Error de metaaprendizaje: name 'softmax' is not defined
[23:07:04] [META] Error de metaaprendizaje: name 'softmax' is not defined
[23:07:09] [META] Error de metaaprendizaje: name 'softmax' is not defined
[23:07:14] [META] Error de metaaprendizaje: name 'softmax' is not defined
[23:07:19] [META] Error de metaaprendizaje: name 'softmax' is not defined
[23:07:24] [META] Error de metaaprendizaje: name 'softmax' is not defined
[23:07:29] [META] Error de metaaprendizaje: name 'softmax' is not defined
[23:07:34] [META] Error de metaaprendizaje: name 'softmax' is not defined
[23:07:39] [META] Error de metaaprendizaje: name 'softmax' is not defined
[23:07:44] [META] Error de metaaprendizaje: name 'softmax' is not defined
[23:07:49] [META] Error de metaaprendizaje: name 'softmax' is not defined
[23:07:54] [META] Error de metaaprendizaje: name 'softmax' is not defined
[23:07:59] [META] Error de metaaprendizaje: name 'softmax' is not defined
[23:08:04] [META] Error de metaaprendizaje: name 'softmax' is not defined
[23:08:09] [META] Error de metaaprendizaje: name 'softmax' is not defined
[23:08:14] [META] Error de metaaprendizaje: name 'softmax' is not defined
[23:08:19] [META] Error de metaaprendizaje: name 'softmax' is not defined
[23:08:24] [META] Error de metaaprendizaje: name 'softmax' is not defined
[23:08:29] [META] Error de metaaprendizaje: name 'softmax' is not defined
[23:08:34] [META] Error de metaaprendizaje: name 'softmax' is not defined
[23:08:39] [META] Error de metaaprendizaje: name 'softmax' is not defined
[23:08:44] [META] Error de metaaprendizaje: name 'softmax' is not defined
[23:08:49] [META] Error de metaaprendizaje: name 'softmax' is not defined
[23:08:54] [META] Error de metaaprendizaje: name 'softmax' is not defined
[23:08:59] [META] Error de metaaprendizaje: name 'softmax' is not defined
[23:09:04] [META] Error de metaaprendizaje: name 'softmax' is not defined
[23:09:09] [META] Error de metaaprendizaje: name 'softmax' is not defined
[23:09:14] [META] Error de metaaprendizaje: name 'softmax' is not defined
[23:09:19] [META] Error de metaaprendizaje: name 'softmax' is not defined
[23:09:24] [META] Error de metaaprendizaje: name 'softmax' is not defined
[23:09:29] [META] Error de metaaprendizaje: name 'softmax' is not defined
[23:09:34] [META] Error de metaaprendizaje: name 'softmax' is not defined
[23:09:39] [META] Error de metaaprendizaje: name 'softmax' is not defined
[23:09:44] [META] Error de metaaprendizaje: name 'softmax' is not defined
[23:09:49] [META] Error de metaaprendizaje: name 'softmax' is not defined
[23:09:54] [WARN] 🛑 AGENTE DETENIDO POR USUARIO (CTRL+C)
[23:09:54] [SAVE] 💾 Estado y cerebro guardados
[23:10:25] [INFO] CEOIA POTENCIADO INICIALIZADO con Ensemble Multi-RL
[23:10:25] [INFO] 
━━━━━━━━━━━━━━━━━━━━━━━━━━━━━━━━━━━━━━━━
🚀 TESTS BÁSICOS DEL SISTEMA
━━━━━━━━━━━━━━━━━━━━━━━━━━━━━━━━━━━━━━━━
[23:10:25] [SUCCESS] Tests básicos completados
[23:10:25] [INFO] 
━━━━━━━━━━━━━━━━━━━━━━━━━━━━━━━━━━━━━━━━
🚀 DEMO: MATCHING ENGINE INTEGRADO
━━━━━━━━━━━━━━━━━━━━━━━━━━━━━━━━━━━━━━━━
[23:10:25] [MATCH] Similaridad A0 ↔ A1: 0.292 | breakdown: {'preferences': 0.8638020878931022, 'rating': 0.9764607743037058, 'location': 0.9687425441667261, 'recency': 0.9999999999220477}
[23:10:25] [MATCH] Recomendaciones para A0: [('A1', '0.95'), ('A5', '0.90'), ('A6', '0.89'), ('A9', '0.85'), ('A2', '0.85'), ('A4', '0.81'), ('A7', '0.80'), ('A8', '0.78'), ('A3', '0.72')]
[23:10:25] [MATCH] Clusters geográficos: 3 celdas
[23:10:25] [INFO] 
━━━━━━━━━━━━━━━━━━━━━━━━━━━━━━━━━━━━━━━━
🚀 DEMO: RL + MATCHING INTEGRATION
━━━━━━━━━━━━━━━━━━━━━━━━━━━━━━━━━━━━━━━━
[23:10:25] [INFO] 
━━━━━━━━━━━━━━━━━━━━━━━━━━━━━━━━━━━━━━━━
🚀 ENTRENAMIENTO RL
━━━━━━━━━━━━━━━━━━━━━━━━━━━━━━━━━━━━━━━━
[23:10:25] [TRAIN] Agente: QLearningAgent
[23:10:25] [TRAIN] Episodios: 50
[23:10:25] [RL] 📊 Q-Table size: 43 estados
[23:10:25] [RL] 🎯 Oferta seleccionada por RL+Matching: $30.00
[23:10:25] [RL] ✅ Negociación simulada completada con RL+Matching
[23:10:25] [INFO] 
━━━━━━━━━━━━━━━━━━━━━━━━━━━━━━━━━━━━━━━━
🚀 DEMO: CEOIA ENSAMBLE MULTI-RL
━━━━━━━━━━━━━━━━━━━━━━━━━━━━━━━━━━━━━━━━
[23:10:25] [INFO] 
━━━━━━━━━━━━━━━━━━━━━━━━━━━━━━━━━━━━━━━━
🚀 AGENTE VIVO - PRESIONA CTRL+C PARA DETENER
━━━━━━━━━━━━━━━━━━━━━━━━━━━━━━━━━━━━━━━━
[23:10:35] [META] Error de metaaprendizaje: The truth value of an array with more than one element is ambiguous. Use a.any() or a.all()
[23:10:40] [META] Error de metaaprendizaje: The truth value of an array with more than one element is ambiguous. Use a.any() or a.all()
[23:10:45] [META] Error de metaaprendizaje: The truth value of an array with more than one element is ambiguous. Use a.any() or a.all()
[23:10:50] [META] Error de metaaprendizaje: The truth value of an array with more than one element is ambiguous. Use a.any() or a.all()
[23:10:55] [META] Error de metaaprendizaje: The truth value of an array with more than one element is ambiguous. Use a.any() or a.all()
[23:11:00] [META] Error de metaaprendizaje: The truth value of an array with more than one element is ambiguous. Use a.any() or a.all()
[23:11:05] [META] Error de metaaprendizaje: The truth value of an array with more than one element is ambiguous. Use a.any() or a.all()
[23:11:10] [META] Error de metaaprendizaje: The truth value of an array with more than one element is ambiguous. Use a.any() or a.all()
[23:11:15] [META] Error de metaaprendizaje: The truth value of an array with more than one element is ambiguous. Use a.any() or a.all()
[23:11:20] [META] Error de metaaprendizaje: The truth value of an array with more than one element is ambiguous. Use a.any() or a.all()
[23:11:25] [META] Error de metaaprendizaje: The truth value of an array with more than one element is ambiguous. Use a.any() or a.all()
[23:11:30] [META] Error de metaaprendizaje: The truth value of an array with more than one element is ambiguous. Use a.any() or a.all()
[23:11:35] [META] Error de metaaprendizaje: The truth value of an array with more than one element is ambiguous. Use a.any() or a.all()
[23:11:40] [META] Error de metaaprendizaje: The truth value of an array with more than one element is ambiguous. Use a.any() or a.all()
[23:11:45] [META] Error de metaaprendizaje: The truth value of an array with more than one element is ambiguous. Use a.any() or a.all()
[23:11:50] [META] Error de metaaprendizaje: The truth value of an array with more than one element is ambiguous. Use a.any() or a.all()
[23:11:55] [META] Error de metaaprendizaje: The truth value of an array with more than one element is ambiguous. Use a.any() or a.all()
[23:12:00] [META] Error de metaaprendizaje: The truth value of an array with more than one element is ambiguous. Use a.any() or a.all()
[23:12:05] [META] Error de metaaprendizaje: The truth value of an array with more than one element is ambiguous. Use a.any() or a.all()
[23:12:10] [META] Error de metaaprendizaje: The truth value of an array with more than one element is ambiguous. Use a.any() or a.all()
[23:12:15] [META] Error de metaaprendizaje: The truth value of an array with more than one element is ambiguous. Use a.any() or a.all()
[23:12:20] [META] Error de metaaprendizaje: The truth value of an array with more than one element is ambiguous. Use a.any() or a.all()
[23:12:25] [META] Error de metaaprendizaje: The truth value of an array with more than one element is ambiguous. Use a.any() or a.all()
[23:12:30] [META] Error de metaaprendizaje: The truth value of an array with more than one element is ambiguous. Use a.any() or a.all()
[23:12:35] [META] Error de metaaprendizaje: The truth value of an array with more than one element is ambiguous. Use a.any() or a.all()
[23:12:40] [META] Error de metaaprendizaje: The truth value of an array with more than one element is ambiguous. Use a.any() or a.all()
[23:12:45] [META] Error de metaaprendizaje: The truth value of an array with more than one element is ambiguous. Use a.any() or a.all()
[23:12:50] [META] Error de metaaprendizaje: The truth value of an array with more than one element is ambiguous. Use a.any() or a.all()
[23:12:55] [META] Error de metaaprendizaje: The truth value of an array with more than one element is ambiguous. Use a.any() or a.all()
[23:13:00] [META] Error de metaaprendizaje: The truth value of an array with more than one element is ambiguous. Use a.any() or a.all()
[23:13:05] [META] Error de metaaprendizaje: The truth value of an array with more than one element is ambiguous. Use a.any() or a.all()
[23:13:10] [META] Error de metaaprendizaje: The truth value of an array with more than one element is ambiguous. Use a.any() or a.all()
[23:13:15] [META] Error de metaaprendizaje: The truth value of an array with more than one element is ambiguous. Use a.any() or a.all()
[23:13:20] [META] Error de metaaprendizaje: The truth value of an array with more than one element is ambiguous. Use a.any() or a.all()
[23:13:25] [META] Error de metaaprendizaje: The truth value of an array with more than one element is ambiguous. Use a.any() or a.all()
[23:13:30] [META] Error de metaaprendizaje: The truth value of an array with more than one element is ambiguous. Use a.any() or a.all()
[23:13:35] [META] Error de metaaprendizaje: The truth value of an array with more than one element is ambiguous. Use a.any() or a.all()
[23:13:40] [META] Error de metaaprendizaje: The truth value of an array with more than one element is ambiguous. Use a.any() or a.all()
[23:13:45] [META] Error de metaaprendizaje: The truth value of an array with more than one element is ambiguous. Use a.any() or a.all()
[23:13:50] [META] Error de metaaprendizaje: The truth value of an array with more than one element is ambiguous. Use a.any() or a.all()
[23:13:55] [META] Error de metaaprendizaje: The truth value of an array with more than one element is ambiguous. Use a.any() or a.all()
[23:14:00] [META] Error de metaaprendizaje: The truth value of an array with more than one element is ambiguous. Use a.any() or a.all()
[23:14:05] [META] Error de metaaprendizaje: The truth value of an array with more than one element is ambiguous. Use a.any() or a.all()
[23:14:10] [META] Error de metaaprendizaje: The truth value of an array with more than one element is ambiguous. Use a.any() or a.all()
[23:14:15] [META] Error de metaaprendizaje: The truth value of an array with more than one element is ambiguous. Use a.any() or a.all()
[23:14:20] [META] Error de metaaprendizaje: The truth value of an array with more than one element is ambiguous. Use a.any() or a.all()
[23:14:25] [META] Error de metaaprendizaje: The truth value of an array with more than one element is ambiguous. Use a.any() or a.all()
[23:14:30] [META] Error de metaaprendizaje: The truth value of an array with more than one element is ambiguous. Use a.any() or a.all()
[23:14:35] [META] Error de metaaprendizaje: The truth value of an array with more than one element is ambiguous. Use a.any() or a.all()
[23:14:40] [META] Error de metaaprendizaje: The truth value of an array with more than one element is ambiguous. Use a.any() or a.all()
[23:14:45] [META] Error de metaaprendizaje: The truth value of an array with more than one element is ambiguous. Use a.any() or a.all()
[23:14:50] [META] Error de metaaprendizaje: The truth value of an array with more than one element is ambiguous. Use a.any() or a.all()
[23:14:55] [META] Error de metaaprendizaje: The truth value of an array with more than one element is ambiguous. Use a.any() or a.all()
[23:15:00] [META] Error de metaaprendizaje: The truth value of an array with more than one element is ambiguous. Use a.any() or a.all()
[23:15:05] [META] Error de metaaprendizaje: The truth value of an array with more than one element is ambiguous. Use a.any() or a.all()
[23:15:10] [META] Error de metaaprendizaje: The truth value of an array with more than one element is ambiguous. Use a.any() or a.all()
[23:15:15] [META] Error de metaaprendizaje: The truth value of an array with more than one element is ambiguous. Use a.any() or a.all()
[23:15:20] [META] Error de metaaprendizaje: The truth value of an array with more than one element is ambiguous. Use a.any() or a.all()
[23:15:25] [META] Error de metaaprendizaje: The truth value of an array with more than one element is ambiguous. Use a.any() or a.all()
[23:15:30] [META] Error de metaaprendizaje: The truth value of an array with more than one element is ambiguous. Use a.any() or a.all()
[23:15:35] [META] Error de metaaprendizaje: The truth value of an array with more than one element is ambiguous. Use a.any() or a.all()
[23:15:40] [META] Error de metaaprendizaje: The truth value of an array with more than one element is ambiguous. Use a.any() or a.all()
[23:15:45] [META] Error de metaaprendizaje: The truth value of an array with more than one element is ambiguous. Use a.any() or a.all()
[23:15:50] [META] Error de metaaprendizaje: The truth value of an array with more than one element is ambiguous. Use a.any() or a.all()
[23:15:55] [META] Error de metaaprendizaje: The truth value of an array with more than one element is ambiguous. Use a.any() or a.all()
[23:16:00] [META] Error de metaaprendizaje: The truth value of an array with more than one element is ambiguous. Use a.any() or a.all()
[23:16:05] [META] Error de metaaprendizaje: The truth value of an array with more than one element is ambiguous. Use a.any() or a.all()
[23:16:10] [META] Error de metaaprendizaje: The truth value of an array with more than one element is ambiguous. Use a.any() or a.all()
[23:16:15] [META] Error de metaaprendizaje: The truth value of an array with more than one element is ambiguous. Use a.any() or a.all()
[23:16:20] [META] Error de metaaprendizaje: The truth value of an array with more than one element is ambiguous. Use a.any() or a.all()
[23:16:25] [META] Error de metaaprendizaje: The truth value of an array with more than one element is ambiguous. Use a.any() or a.all()
[23:16:30] [META] Error de metaaprendizaje: The truth value of an array with more than one element is ambiguous. Use a.any() or a.all()
[23:16:35] [META] Error de metaaprendizaje: The truth value of an array with more than one element is ambiguous. Use a.any() or a.all()
[23:16:40] [META] Error de metaaprendizaje: The truth value of an array with more than one element is ambiguous. Use a.any() or a.all()
[23:16:45] [META] Error de metaaprendizaje: The truth value of an array with more than one element is ambiguous. Use a.any() or a.all()
[23:16:50] [META] Error de metaaprendizaje: The truth value of an array with more than one element is ambiguous. Use a.any() or a.all()
[23:16:55] [META] Error de metaaprendizaje: The truth value of an array with more than one element is ambiguous. Use a.any() or a.all()
[23:17:00] [META] Error de metaaprendizaje: The truth value of an array with more than one element is ambiguous. Use a.any() or a.all()
[23:17:05] [META] Error de metaaprendizaje: The truth value of an array with more than one element is ambiguous. Use a.any() or a.all()
[23:17:10] [META] Error de metaaprendizaje: The truth value of an array with more than one element is ambiguous. Use a.any() or a.all()
[23:17:15] [META] Error de metaaprendizaje: The truth value of an array with more than one element is ambiguous. Use a.any() or a.all()
[23:17:20] [META] Error de metaaprendizaje: The truth value of an array with more than one element is ambiguous. Use a.any() or a.all()
[23:17:25] [META] Error de metaaprendizaje: The truth value of an array with more than one element is ambiguous. Use a.any() or a.all()
[23:17:30] [META] Error de metaaprendizaje: The truth value of an array with more than one element is ambiguous. Use a.any() or a.all()
[23:17:35] [META] Error de metaaprendizaje: The truth value of an array with more than one element is ambiguous. Use a.any() or a.all()
[23:17:40] [META] Error de metaaprendizaje: The truth value of an array with more than one element is ambiguous. Use a.any() or a.all()
[23:17:45] [META] Error de metaaprendizaje: The truth value of an array with more than one element is ambiguous. Use a.any() or a.all()
[23:17:50] [META] Error de metaaprendizaje: The truth value of an array with more than one element is ambiguous. Use a.any() or a.all()
[23:17:55] [META] Error de metaaprendizaje: The truth value of an array with more than one element is ambiguous. Use a.any() or a.all()
[23:18:00] [META] Error de metaaprendizaje: The truth value of an array with more than one element is ambiguous. Use a.any() or a.all()
[23:18:05] [META] Error de metaaprendizaje: The truth value of an array with more than one element is ambiguous. Use a.any() or a.all()
[23:18:10] [META] Error de metaaprendizaje: The truth value of an array with more than one element is ambiguous. Use a.any() or a.all()
[23:18:15] [META] Error de metaaprendizaje: The truth value of an array with more than one element is ambiguous. Use a.any() or a.all()
[23:18:20] [META] Error de metaaprendizaje: The truth value of an array with more than one element is ambiguous. Use a.any() or a.all()
[23:18:25] [META] Error de metaaprendizaje: The truth value of an array with more than one element is ambiguous. Use a.any() or a.all()
[23:18:30] [META] Error de metaaprendizaje: The truth value of an array with more than one element is ambiguous. Use a.any() or a.all()
[23:18:35] [META] Error de metaaprendizaje: The truth value of an array with more than one element is ambiguous. Use a.any() or a.all()
[23:18:40] [META] Error de metaaprendizaje: The truth value of an array with more than one element is ambiguous. Use a.any() or a.all()
[23:18:45] [META] Error de metaaprendizaje: The truth value of an array with more than one element is ambiguous. Use a.any() or a.all()
[23:18:50] [META] Error de metaaprendizaje: The truth value of an array with more than one element is ambiguous. Use a.any() or a.all()
[23:18:55] [META] Error de metaaprendizaje: The truth value of an array with more than one element is ambiguous. Use a.any() or a.all()
[23:19:00] [META] Error de metaaprendizaje: The truth value of an array with more than one element is ambiguous. Use a.any() or a.all()
[23:19:05] [META] Error de metaaprendizaje: The truth value of an array with more than one element is ambiguous. Use a.any() or a.all()
[23:19:11] [META] Error de metaaprendizaje: The truth value of an array with more than one element is ambiguous. Use a.any() or a.all()
[23:19:16] [META] Error de metaaprendizaje: The truth value of an array with more than one element is ambiguous. Use a.any() or a.all()
[23:19:21] [META] Error de metaaprendizaje: The truth value of an array with more than one element is ambiguous. Use a.any() or a.all()
[23:19:26] [META] Error de metaaprendizaje: The truth value of an array with more than one element is ambiguous. Use a.any() or a.all()
[23:19:31] [META] Error de metaaprendizaje: The truth value of an array with more than one element is ambiguous. Use a.any() or a.all()
[23:19:36] [META] Error de metaaprendizaje: The truth value of an array with more than one element is ambiguous. Use a.any() or a.all()
[23:19:41] [META] Error de metaaprendizaje: The truth value of an array with more than one element is ambiguous. Use a.any() or a.all()
[23:19:46] [META] Error de metaaprendizaje: The truth value of an array with more than one element is ambiguous. Use a.any() or a.all()
[23:19:51] [META] Error de metaaprendizaje: The truth value of an array with more than one element is ambiguous. Use a.any() or a.all()
[23:19:56] [META] Error de metaaprendizaje: The truth value of an array with more than one element is ambiguous. Use a.any() or a.all()
[23:20:01] [META] Error de metaaprendizaje: The truth value of an array with more than one element is ambiguous. Use a.any() or a.all()
[23:20:06] [META] Error de metaaprendizaje: The truth value of an array with more than one element is ambiguous. Use a.any() or a.all()
[23:20:11] [META] Error de metaaprendizaje: The truth value of an array with more than one element is ambiguous. Use a.any() or a.all()
[23:20:16] [META] Error de metaaprendizaje: The truth value of an array with more than one element is ambiguous. Use a.any() or a.all()
[23:20:21] [META] Error de metaaprendizaje: The truth value of an array with more than one element is ambiguous. Use a.any() or a.all()
[23:20:26] [META] Error de metaaprendizaje: The truth value of an array with more than one element is ambiguous. Use a.any() or a.all()
[23:20:31] [META] Error de metaaprendizaje: The truth value of an array with more than one element is ambiguous. Use a.any() or a.all()
[23:20:36] [META] Error de metaaprendizaje: The truth value of an array with more than one element is ambiguous. Use a.any() or a.all()
[23:20:41] [META] Error de metaaprendizaje: The truth value of an array with more than one element is ambiguous. Use a.any() or a.all()
[23:20:46] [META] Error de metaaprendizaje: The truth value of an array with more than one element is ambiguous. Use a.any() or a.all()
[23:20:51] [META] Error de metaaprendizaje: The truth value of an array with more than one element is ambiguous. Use a.any() or a.all()
[23:20:56] [META] Error de metaaprendizaje: The truth value of an array with more than one element is ambiguous. Use a.any() or a.all()
[23:21:01] [META] Error de metaaprendizaje: The truth value of an array with more than one element is ambiguous. Use a.any() or a.all()
[23:21:06] [META] Error de metaaprendizaje: The truth value of an array with more than one element is ambiguous. Use a.any() or a.all()
[23:21:11] [META] Error de metaaprendizaje: The truth value of an array with more than one element is ambiguous. Use a.any() or a.all()
[23:21:16] [META] Error de metaaprendizaje: The truth value of an array with more than one element is ambiguous. Use a.any() or a.all()
[23:21:21] [META] Error de metaaprendizaje: The truth value of an array with more than one element is ambiguous. Use a.any() or a.all()
[23:21:26] [META] Error de metaaprendizaje: The truth value of an array with more than one element is ambiguous. Use a.any() or a.all()
[23:21:31] [META] Error de metaaprendizaje: The truth value of an array with more than one element is ambiguous. Use a.any() or a.all()
[23:21:36] [META] Error de metaaprendizaje: The truth value of an array with more than one element is ambiguous. Use a.any() or a.all()
[23:21:41] [META] Error de metaaprendizaje: The truth value of an array with more than one element is ambiguous. Use a.any() or a.all()
[23:21:46] [META] Error de metaaprendizaje: The truth value of an array with more than one element is ambiguous. Use a.any() or a.all()
[23:21:51] [META] Error de metaaprendizaje: The truth value of an array with more than one element is ambiguous. Use a.any() or a.all()
[23:21:56] [META] Error de metaaprendizaje: The truth value of an array with more than one element is ambiguous. Use a.any() or a.all()
[23:22:01] [META] Error de metaaprendizaje: The truth value of an array with more than one element is ambiguous. Use a.any() or a.all()
[23:22:06] [META] Error de metaaprendizaje: The truth value of an array with more than one element is ambiguous. Use a.any() or a.all()
[23:22:11] [META] Error de metaaprendizaje: The truth value of an array with more than one element is ambiguous. Use a.any() or a.all()
[23:22:16] [META] Error de metaaprendizaje: The truth value of an array with more than one element is ambiguous. Use a.any() or a.all()
[23:22:21] [META] Error de metaaprendizaje: The truth value of an array with more than one element is ambiguous. Use a.any() or a.all()
[23:22:26] [META] Error de metaaprendizaje: The truth value of an array with more than one element is ambiguous. Use a.any() or a.all()
[23:22:31] [META] Error de metaaprendizaje: The truth value of an array with more than one element is ambiguous. Use a.any() or a.all()
[23:22:36] [META] Error de metaaprendizaje: The truth value of an array with more than one element is ambiguous. Use a.any() or a.all()
[23:22:41] [META] Error de metaaprendizaje: The truth value of an array with more than one element is ambiguous. Use a.any() or a.all()
[23:22:46] [META] Error de metaaprendizaje: The truth value of an array with more than one element is ambiguous. Use a.any() or a.all()
[23:22:51] [META] Error de metaaprendizaje: The truth value of an array with more than one element is ambiguous. Use a.any() or a.all()
[23:22:56] [META] Error de metaaprendizaje: The truth value of an array with more than one element is ambiguous. Use a.any() or a.all()
[23:23:01] [META] Error de metaaprendizaje: The truth value of an array with more than one element is ambiguous. Use a.any() or a.all()
[23:23:06] [META] Error de metaaprendizaje: The truth value of an array with more than one element is ambiguous. Use a.any() or a.all()
[23:23:10] [WARN] 🛑 AGENTE DETENIDO POR USUARIO (CTRL+C)
[23:23:10] [SAVE] 💾 Estado y cerebro guardados
[23:23:39] [INFO] CEOIA POTENCIADO INICIALIZADO con Ensemble Multi-RL
[23:23:39] [INFO] 
━━━━━━━━━━━━━━━━━━━━━━━━━━━━━━━━━━━━━━━━
🚀 TESTS BÁSICOS DEL SISTEMA
━━━━━━━━━━━━━━━━━━━━━━━━━━━━━━━━━━━━━━━━
[23:23:39] [SUCCESS] Tests básicos completados
[23:23:39] [INFO] 
━━━━━━━━━━━━━━━━━━━━━━━━━━━━━━━━━━━━━━━━
🚀 DEMO: MATCHING ENGINE INTEGRADO
━━━━━━━━━━━━━━━━━━━━━━━━━━━━━━━━━━━━━━━━
[23:23:39] [MATCH] Similaridad A0 ↔ A1: 0.266 | breakdown: {'preferences': 0.9144359883536465, 'rating': 0.8072037640728593, 'location': 0.9687425441667261, 'recency': 0.9999999999232511}
[23:23:39] [MATCH] Recomendaciones para A0: [('A2', '0.98'), ('A4', '0.94'), ('A1', '0.93'), ('A6', '0.92'), ('A3', '0.82'), ('A9', '0.81'), ('A5', '0.79'), ('A8', '0.79'), ('A7', '0.77')]
[23:23:39] [MATCH] Clusters geográficos: 3 celdas
[23:23:39] [INFO] 
━━━━━━━━━━━━━━━━━━━━━━━━━━━━━━━━━━━━━━━━
🚀 DEMO: RL + MATCHING INTEGRATION
━━━━━━━━━━━━━━━━━━━━━━━━━━━━━━━━━━━━━━━━
[23:23:39] [INFO] 
━━━━━━━━━━━━━━━━━━━━━━━━━━━━━━━━━━━━━━━━
🚀 ENTRENAMIENTO RL
━━━━━━━━━━━━━━━━━━━━━━━━━━━━━━━━━━━━━━━━
[23:23:39] [TRAIN] Agente: QLearningAgent
[23:23:39] [TRAIN] Episodios: 50
[23:23:39] [RL] 📊 Q-Table size: 40 estados
[23:23:39] [RL] 🎯 Oferta seleccionada por RL+Matching: $30.00
[23:23:39] [RL] ✅ Negociación simulada completada con RL+Matching
[23:23:39] [INFO] 
━━━━━━━━━━━━━━━━━━━━━━━━━━━━━━━━━━━━━━━━
🚀 DEMO: CEOIA ENSAMBLE MULTI-RL
━━━━━━━━━━━━━━━━━━━━━━━━━━━━━━━━━━━━━━━━
[23:23:39] [INFO] 
━━━━━━━━━━━━━━━━━━━━━━━━━━━━━━━━━━━━━━━━
🚀 AGENTE VIVO - PRESIONA CTRL+C PARA DETENER
━━━━━━━━━━━━━━━━━━━━━━━━━━━━━━━━━━━━━━━━
[23:23:49] [META] Error en adapt_to_task: The truth value of an array with more than one element is ambiguous. Use a.any() or a.all()
Traceback (most recent call last):
  File "/data/data/com.termux/files/home/lucifer_prometeo/v.py", line 3787, in _run_meta_learning
    self.ensemble.meta_learner.adapt_to_task(task_data)
    ~~~~~~~~~~~~~~~~~~~~~~~~~~~~~~~~~~~~~~~~^^^^^^^^^^^
  File "/data/data/com.termux/files/home/lucifer_prometeo/v.py", line 3381, in adapt_to_task
    gradients = self.compute_gradients(
        [d['state'] for d in task_data],
        [d['action'] for d in task_data],
        [d['reward'] for d in task_data]
    )
  File "/data/data/com.termux/files/home/lucifer_prometeo/v.py", line 3361, in compute_gradients
    probs = self._forward(np.array(s), self.fast_weights)
  File "/data/data/com.termux/files/home/lucifer_prometeo/v.py", line 3346, in _forward
    return softmax(out)
  File "/data/data/com.termux/files/home/lucifer_prometeo/v.py", line 33, in softmax
    if not x:
           ^
ValueError: The truth value of an array with more than one element is ambiguous. Use a.any() or a.all()

[23:23:59] [META] Error en adapt_to_task: The truth value of an array with more than one element is ambiguous. Use a.any() or a.all()
Traceback (most recent call last):
  File "/data/data/com.termux/files/home/lucifer_prometeo/v.py", line 3787, in _run_meta_learning
    self.ensemble.meta_learner.adapt_to_task(task_data)
    ~~~~~~~~~~~~~~~~~~~~~~~~~~~~~~~~~~~~~~~~^^^^^^^^^^^
  File "/data/data/com.termux/files/home/lucifer_prometeo/v.py", line 3381, in adapt_to_task
    gradients = self.compute_gradients(
        [d['state'] for d in task_data],
        [d['action'] for d in task_data],
        [d['reward'] for d in task_data]
    )
  File "/data/data/com.termux/files/home/lucifer_prometeo/v.py", line 3361, in compute_gradients
    probs = self._forward(np.array(s), self.fast_weights)
  File "/data/data/com.termux/files/home/lucifer_prometeo/v.py", line 3346, in _forward
    return softmax(out)
  File "/data/data/com.termux/files/home/lucifer_prometeo/v.py", line 33, in softmax
    if not x:
           ^
ValueError: The truth value of an array with more than one element is ambiguous. Use a.any() or a.all()

[23:24:09] [META] Error en adapt_to_task: The truth value of an array with more than one element is ambiguous. Use a.any() or a.all()
Traceback (most recent call last):
  File "/data/data/com.termux/files/home/lucifer_prometeo/v.py", line 3787, in _run_meta_learning
    self.ensemble.meta_learner.adapt_to_task(task_data)
    ~~~~~~~~~~~~~~~~~~~~~~~~~~~~~~~~~~~~~~~~^^^^^^^^^^^
  File "/data/data/com.termux/files/home/lucifer_prometeo/v.py", line 3381, in adapt_to_task
    gradients = self.compute_gradients(
        [d['state'] for d in task_data],
        [d['action'] for d in task_data],
        [d['reward'] for d in task_data]
    )
  File "/data/data/com.termux/files/home/lucifer_prometeo/v.py", line 3361, in compute_gradients
    probs = self._forward(np.array(s), self.fast_weights)
  File "/data/data/com.termux/files/home/lucifer_prometeo/v.py", line 3346, in _forward
    return softmax(out)
  File "/data/data/com.termux/files/home/lucifer_prometeo/v.py", line 33, in softmax
    if not x:
           ^
ValueError: The truth value of an array with more than one element is ambiguous. Use a.any() or a.all()

[23:24:19] [META] Error en adapt_to_task: The truth value of an array with more than one element is ambiguous. Use a.any() or a.all()
Traceback (most recent call last):
  File "/data/data/com.termux/files/home/lucifer_prometeo/v.py", line 3787, in _run_meta_learning
    self.ensemble.meta_learner.adapt_to_task(task_data)
    ~~~~~~~~~~~~~~~~~~~~~~~~~~~~~~~~~~~~~~~~^^^^^^^^^^^
  File "/data/data/com.termux/files/home/lucifer_prometeo/v.py", line 3381, in adapt_to_task
    gradients = self.compute_gradients(
        [d['state'] for d in task_data],
        [d['action'] for d in task_data],
        [d['reward'] for d in task_data]
    )
  File "/data/data/com.termux/files/home/lucifer_prometeo/v.py", line 3361, in compute_gradients
    probs = self._forward(np.array(s), self.fast_weights)
  File "/data/data/com.termux/files/home/lucifer_prometeo/v.py", line 3346, in _forward
    return softmax(out)
  File "/data/data/com.termux/files/home/lucifer_prometeo/v.py", line 33, in softmax
    if not x:
           ^
ValueError: The truth value of an array with more than one element is ambiguous. Use a.any() or a.all()

[23:24:29] [META] Error en adapt_to_task: The truth value of an array with more than one element is ambiguous. Use a.any() or a.all()
Traceback (most recent call last):
  File "/data/data/com.termux/files/home/lucifer_prometeo/v.py", line 3787, in _run_meta_learning
    self.ensemble.meta_learner.adapt_to_task(task_data)
    ~~~~~~~~~~~~~~~~~~~~~~~~~~~~~~~~~~~~~~~~^^^^^^^^^^^
  File "/data/data/com.termux/files/home/lucifer_prometeo/v.py", line 3381, in adapt_to_task
    gradients = self.compute_gradients(
        [d['state'] for d in task_data],
        [d['action'] for d in task_data],
        [d['reward'] for d in task_data]
    )
  File "/data/data/com.termux/files/home/lucifer_prometeo/v.py", line 3361, in compute_gradients
    probs = self._forward(np.array(s), self.fast_weights)
  File "/data/data/com.termux/files/home/lucifer_prometeo/v.py", line 3346, in _forward
    return softmax(out)
  File "/data/data/com.termux/files/home/lucifer_prometeo/v.py", line 33, in softmax
    if not x:
           ^
ValueError: The truth value of an array with more than one element is ambiguous. Use a.any() or a.all()

[23:24:39] [META] Error en adapt_to_task: The truth value of an array with more than one element is ambiguous. Use a.any() or a.all()
Traceback (most recent call last):
  File "/data/data/com.termux/files/home/lucifer_prometeo/v.py", line 3787, in _run_meta_learning
    self.ensemble.meta_learner.adapt_to_task(task_data)
    ~~~~~~~~~~~~~~~~~~~~~~~~~~~~~~~~~~~~~~~~^^^^^^^^^^^
  File "/data/data/com.termux/files/home/lucifer_prometeo/v.py", line 3381, in adapt_to_task
    gradients = self.compute_gradients(
        [d['state'] for d in task_data],
        [d['action'] for d in task_data],
        [d['reward'] for d in task_data]
    )
  File "/data/data/com.termux/files/home/lucifer_prometeo/v.py", line 3361, in compute_gradients
    probs = self._forward(np.array(s), self.fast_weights)
  File "/data/data/com.termux/files/home/lucifer_prometeo/v.py", line 3346, in _forward
    return softmax(out)
  File "/data/data/com.termux/files/home/lucifer_prometeo/v.py", line 33, in softmax
    if not x:
           ^
ValueError: The truth value of an array with more than one element is ambiguous. Use a.any() or a.all()

[23:24:49] [META] Error en adapt_to_task: The truth value of an array with more than one element is ambiguous. Use a.any() or a.all()
Traceback (most recent call last):
  File "/data/data/com.termux/files/home/lucifer_prometeo/v.py", line 3787, in _run_meta_learning
    self.ensemble.meta_learner.adapt_to_task(task_data)
    ~~~~~~~~~~~~~~~~~~~~~~~~~~~~~~~~~~~~~~~~^^^^^^^^^^^
  File "/data/data/com.termux/files/home/lucifer_prometeo/v.py", line 3381, in adapt_to_task
    gradients = self.compute_gradients(
        [d['state'] for d in task_data],
        [d['action'] for d in task_data],
        [d['reward'] for d in task_data]
    )
  File "/data/data/com.termux/files/home/lucifer_prometeo/v.py", line 3361, in compute_gradients
    probs = self._forward(np.array(s), self.fast_weights)
  File "/data/data/com.termux/files/home/lucifer_prometeo/v.py", line 3346, in _forward
    return softmax(out)
  File "/data/data/com.termux/files/home/lucifer_prometeo/v.py", line 33, in softmax
    if not x:
           ^
ValueError: The truth value of an array with more than one element is ambiguous. Use a.any() or a.all()

[23:24:59] [META] Error en adapt_to_task: The truth value of an array with more than one element is ambiguous. Use a.any() or a.all()
Traceback (most recent call last):
  File "/data/data/com.termux/files/home/lucifer_prometeo/v.py", line 3787, in _run_meta_learning
    self.ensemble.meta_learner.adapt_to_task(task_data)
    ~~~~~~~~~~~~~~~~~~~~~~~~~~~~~~~~~~~~~~~~^^^^^^^^^^^
  File "/data/data/com.termux/files/home/lucifer_prometeo/v.py", line 3381, in adapt_to_task
    gradients = self.compute_gradients(
        [d['state'] for d in task_data],
        [d['action'] for d in task_data],
        [d['reward'] for d in task_data]
    )
  File "/data/data/com.termux/files/home/lucifer_prometeo/v.py", line 3361, in compute_gradients
    probs = self._forward(np.array(s), self.fast_weights)
  File "/data/data/com.termux/files/home/lucifer_prometeo/v.py", line 3346, in _forward
    return softmax(out)
  File "/data/data/com.termux/files/home/lucifer_prometeo/v.py", line 33, in softmax
    if not x:
           ^
ValueError: The truth value of an array with more than one element is ambiguous. Use a.any() or a.all()

[23:25:09] [META] Error en adapt_to_task: The truth value of an array with more than one element is ambiguous. Use a.any() or a.all()
Traceback (most recent call last):
  File "/data/data/com.termux/files/home/lucifer_prometeo/v.py", line 3787, in _run_meta_learning
    self.ensemble.meta_learner.adapt_to_task(task_data)
    ~~~~~~~~~~~~~~~~~~~~~~~~~~~~~~~~~~~~~~~~^^^^^^^^^^^
  File "/data/data/com.termux/files/home/lucifer_prometeo/v.py", line 3381, in adapt_to_task
    gradients = self.compute_gradients(
        [d['state'] for d in task_data],
        [d['action'] for d in task_data],
        [d['reward'] for d in task_data]
    )
  File "/data/data/com.termux/files/home/lucifer_prometeo/v.py", line 3361, in compute_gradients
    probs = self._forward(np.array(s), self.fast_weights)
  File "/data/data/com.termux/files/home/lucifer_prometeo/v.py", line 3346, in _forward
    return softmax(out)
  File "/data/data/com.termux/files/home/lucifer_prometeo/v.py", line 33, in softmax
    if not x:
           ^
ValueError: The truth value of an array with more than one element is ambiguous. Use a.any() or a.all()

[23:25:19] [META] Error en adapt_to_task: The truth value of an array with more than one element is ambiguous. Use a.any() or a.all()
Traceback (most recent call last):
  File "/data/data/com.termux/files/home/lucifer_prometeo/v.py", line 3787, in _run_meta_learning
    self.ensemble.meta_learner.adapt_to_task(task_data)
    ~~~~~~~~~~~~~~~~~~~~~~~~~~~~~~~~~~~~~~~~^^^^^^^^^^^
  File "/data/data/com.termux/files/home/lucifer_prometeo/v.py", line 3381, in adapt_to_task
    gradients = self.compute_gradients(
        [d['state'] for d in task_data],
        [d['action'] for d in task_data],
        [d['reward'] for d in task_data]
    )
  File "/data/data/com.termux/files/home/lucifer_prometeo/v.py", line 3361, in compute_gradients
    probs = self._forward(np.array(s), self.fast_weights)
  File "/data/data/com.termux/files/home/lucifer_prometeo/v.py", line 3346, in _forward
    return softmax(out)
  File "/data/data/com.termux/files/home/lucifer_prometeo/v.py", line 33, in softmax
    if not x:
           ^
ValueError: The truth value of an array with more than one element is ambiguous. Use a.any() or a.all()

[23:25:29] [META] Error en adapt_to_task: The truth value of an array with more than one element is ambiguous. Use a.any() or a.all()
Traceback (most recent call last):
  File "/data/data/com.termux/files/home/lucifer_prometeo/v.py", line 3787, in _run_meta_learning
    self.ensemble.meta_learner.adapt_to_task(task_data)
    ~~~~~~~~~~~~~~~~~~~~~~~~~~~~~~~~~~~~~~~~^^^^^^^^^^^
  File "/data/data/com.termux/files/home/lucifer_prometeo/v.py", line 3381, in adapt_to_task
    gradients = self.compute_gradients(
        [d['state'] for d in task_data],
        [d['action'] for d in task_data],
        [d['reward'] for d in task_data]
    )
  File "/data/data/com.termux/files/home/lucifer_prometeo/v.py", line 3361, in compute_gradients
    probs = self._forward(np.array(s), self.fast_weights)
  File "/data/data/com.termux/files/home/lucifer_prometeo/v.py", line 3346, in _forward
    return softmax(out)
  File "/data/data/com.termux/files/home/lucifer_prometeo/v.py", line 33, in softmax
    if not x:
           ^
ValueError: The truth value of an array with more than one element is ambiguous. Use a.any() or a.all()

[23:25:39] [META] Error en adapt_to_task: The truth value of an array with more than one element is ambiguous. Use a.any() or a.all()
Traceback (most recent call last):
  File "/data/data/com.termux/files/home/lucifer_prometeo/v.py", line 3787, in _run_meta_learning
    self.ensemble.meta_learner.adapt_to_task(task_data)
    ~~~~~~~~~~~~~~~~~~~~~~~~~~~~~~~~~~~~~~~~^^^^^^^^^^^
  File "/data/data/com.termux/files/home/lucifer_prometeo/v.py", line 3381, in adapt_to_task
    gradients = self.compute_gradients(
        [d['state'] for d in task_data],
        [d['action'] for d in task_data],
        [d['reward'] for d in task_data]
    )
  File "/data/data/com.termux/files/home/lucifer_prometeo/v.py", line 3361, in compute_gradients
    probs = self._forward(np.array(s), self.fast_weights)
  File "/data/data/com.termux/files/home/lucifer_prometeo/v.py", line 3346, in _forward
    return softmax(out)
  File "/data/data/com.termux/files/home/lucifer_prometeo/v.py", line 33, in softmax
    if not x:
           ^
ValueError: The truth value of an array with more than one element is ambiguous. Use a.any() or a.all()

[23:25:49] [META] Error en adapt_to_task: The truth value of an array with more than one element is ambiguous. Use a.any() or a.all()
Traceback (most recent call last):
  File "/data/data/com.termux/files/home/lucifer_prometeo/v.py", line 3787, in _run_meta_learning
    self.ensemble.meta_learner.adapt_to_task(task_data)
    ~~~~~~~~~~~~~~~~~~~~~~~~~~~~~~~~~~~~~~~~^^^^^^^^^^^
  File "/data/data/com.termux/files/home/lucifer_prometeo/v.py", line 3381, in adapt_to_task
    gradients = self.compute_gradients(
        [d['state'] for d in task_data],
        [d['action'] for d in task_data],
        [d['reward'] for d in task_data]
    )
  File "/data/data/com.termux/files/home/lucifer_prometeo/v.py", line 3361, in compute_gradients
    probs = self._forward(np.array(s), self.fast_weights)
  File "/data/data/com.termux/files/home/lucifer_prometeo/v.py", line 3346, in _forward
    return softmax(out)
  File "/data/data/com.termux/files/home/lucifer_prometeo/v.py", line 33, in softmax
    if not x:
           ^
ValueError: The truth value of an array with more than one element is ambiguous. Use a.any() or a.all()

[23:25:59] [META] Error en adapt_to_task: The truth value of an array with more than one element is ambiguous. Use a.any() or a.all()
Traceback (most recent call last):
  File "/data/data/com.termux/files/home/lucifer_prometeo/v.py", line 3787, in _run_meta_learning
    self.ensemble.meta_learner.adapt_to_task(task_data)
    ~~~~~~~~~~~~~~~~~~~~~~~~~~~~~~~~~~~~~~~~^^^^^^^^^^^
  File "/data/data/com.termux/files/home/lucifer_prometeo/v.py", line 3381, in adapt_to_task
    gradients = self.compute_gradients(
        [d['state'] for d in task_data],
        [d['action'] for d in task_data],
        [d['reward'] for d in task_data]
    )
  File "/data/data/com.termux/files/home/lucifer_prometeo/v.py", line 3361, in compute_gradients
    probs = self._forward(np.array(s), self.fast_weights)
  File "/data/data/com.termux/files/home/lucifer_prometeo/v.py", line 3346, in _forward
    return softmax(out)
  File "/data/data/com.termux/files/home/lucifer_prometeo/v.py", line 33, in softmax
    if not x:
           ^
ValueError: The truth value of an array with more than one element is ambiguous. Use a.any() or a.all()

[23:26:09] [META] Error en adapt_to_task: The truth value of an array with more than one element is ambiguous. Use a.any() or a.all()
Traceback (most recent call last):
  File "/data/data/com.termux/files/home/lucifer_prometeo/v.py", line 3787, in _run_meta_learning
    self.ensemble.meta_learner.adapt_to_task(task_data)
    ~~~~~~~~~~~~~~~~~~~~~~~~~~~~~~~~~~~~~~~~^^^^^^^^^^^
  File "/data/data/com.termux/files/home/lucifer_prometeo/v.py", line 3381, in adapt_to_task
    gradients = self.compute_gradients(
        [d['state'] for d in task_data],
        [d['action'] for d in task_data],
        [d['reward'] for d in task_data]
    )
  File "/data/data/com.termux/files/home/lucifer_prometeo/v.py", line 3361, in compute_gradients
    probs = self._forward(np.array(s), self.fast_weights)
  File "/data/data/com.termux/files/home/lucifer_prometeo/v.py", line 3346, in _forward
    return softmax(out)
  File "/data/data/com.termux/files/home/lucifer_prometeo/v.py", line 33, in softmax
    if not x:
           ^
ValueError: The truth value of an array with more than one element is ambiguous. Use a.any() or a.all()

[23:26:19] [META] Error en adapt_to_task: The truth value of an array with more than one element is ambiguous. Use a.any() or a.all()
Traceback (most recent call last):
  File "/data/data/com.termux/files/home/lucifer_prometeo/v.py", line 3787, in _run_meta_learning
    self.ensemble.meta_learner.adapt_to_task(task_data)
    ~~~~~~~~~~~~~~~~~~~~~~~~~~~~~~~~~~~~~~~~^^^^^^^^^^^
  File "/data/data/com.termux/files/home/lucifer_prometeo/v.py", line 3381, in adapt_to_task
    gradients = self.compute_gradients(
        [d['state'] for d in task_data],
        [d['action'] for d in task_data],
        [d['reward'] for d in task_data]
    )
  File "/data/data/com.termux/files/home/lucifer_prometeo/v.py", line 3361, in compute_gradients
    probs = self._forward(np.array(s), self.fast_weights)
  File "/data/data/com.termux/files/home/lucifer_prometeo/v.py", line 3346, in _forward
    return softmax(out)
  File "/data/data/com.termux/files/home/lucifer_prometeo/v.py", line 33, in softmax
    if not x:
           ^
ValueError: The truth value of an array with more than one element is ambiguous. Use a.any() or a.all()

[23:26:29] [META] Error en adapt_to_task: The truth value of an array with more than one element is ambiguous. Use a.any() or a.all()
Traceback (most recent call last):
  File "/data/data/com.termux/files/home/lucifer_prometeo/v.py", line 3787, in _run_meta_learning
    self.ensemble.meta_learner.adapt_to_task(task_data)
    ~~~~~~~~~~~~~~~~~~~~~~~~~~~~~~~~~~~~~~~~^^^^^^^^^^^
  File "/data/data/com.termux/files/home/lucifer_prometeo/v.py", line 3381, in adapt_to_task
    gradients = self.compute_gradients(
        [d['state'] for d in task_data],
        [d['action'] for d in task_data],
        [d['reward'] for d in task_data]
    )
  File "/data/data/com.termux/files/home/lucifer_prometeo/v.py", line 3361, in compute_gradients
    probs = self._forward(np.array(s), self.fast_weights)
  File "/data/data/com.termux/files/home/lucifer_prometeo/v.py", line 3346, in _forward
    return softmax(out)
  File "/data/data/com.termux/files/home/lucifer_prometeo/v.py", line 33, in softmax
    if not x:
           ^
ValueError: The truth value of an array with more than one element is ambiguous. Use a.any() or a.all()

[23:26:39] [META] Error en adapt_to_task: The truth value of an array with more than one element is ambiguous. Use a.any() or a.all()
Traceback (most recent call last):
  File "/data/data/com.termux/files/home/lucifer_prometeo/v.py", line 3787, in _run_meta_learning
    self.ensemble.meta_learner.adapt_to_task(task_data)
    ~~~~~~~~~~~~~~~~~~~~~~~~~~~~~~~~~~~~~~~~^^^^^^^^^^^
  File "/data/data/com.termux/files/home/lucifer_prometeo/v.py", line 3381, in adapt_to_task
    gradients = self.compute_gradients(
        [d['state'] for d in task_data],
        [d['action'] for d in task_data],
        [d['reward'] for d in task_data]
    )
  File "/data/data/com.termux/files/home/lucifer_prometeo/v.py", line 3361, in compute_gradients
    probs = self._forward(np.array(s), self.fast_weights)
  File "/data/data/com.termux/files/home/lucifer_prometeo/v.py", line 3346, in _forward
    return softmax(out)
  File "/data/data/com.termux/files/home/lucifer_prometeo/v.py", line 33, in softmax
    if not x:
           ^
ValueError: The truth value of an array with more than one element is ambiguous. Use a.any() or a.all()

[23:26:49] [META] Error en adapt_to_task: The truth value of an array with more than one element is ambiguous. Use a.any() or a.all()
Traceback (most recent call last):
  File "/data/data/com.termux/files/home/lucifer_prometeo/v.py", line 3787, in _run_meta_learning
    self.ensemble.meta_learner.adapt_to_task(task_data)
    ~~~~~~~~~~~~~~~~~~~~~~~~~~~~~~~~~~~~~~~~^^^^^^^^^^^
  File "/data/data/com.termux/files/home/lucifer_prometeo/v.py", line 3381, in adapt_to_task
    gradients = self.compute_gradients(
        [d['state'] for d in task_data],
        [d['action'] for d in task_data],
        [d['reward'] for d in task_data]
    )
  File "/data/data/com.termux/files/home/lucifer_prometeo/v.py", line 3361, in compute_gradients
    probs = self._forward(np.array(s), self.fast_weights)
  File "/data/data/com.termux/files/home/lucifer_prometeo/v.py", line 3346, in _forward
    return softmax(out)
  File "/data/data/com.termux/files/home/lucifer_prometeo/v.py", line 33, in softmax
    if not x:
           ^
ValueError: The truth value of an array with more than one element is ambiguous. Use a.any() or a.all()

[23:26:59] [META] Error en adapt_to_task: The truth value of an array with more than one element is ambiguous. Use a.any() or a.all()
Traceback (most recent call last):
  File "/data/data/com.termux/files/home/lucifer_prometeo/v.py", line 3787, in _run_meta_learning
    self.ensemble.meta_learner.adapt_to_task(task_data)
    ~~~~~~~~~~~~~~~~~~~~~~~~~~~~~~~~~~~~~~~~^^^^^^^^^^^
  File "/data/data/com.termux/files/home/lucifer_prometeo/v.py", line 3381, in adapt_to_task
    gradients = self.compute_gradients(
        [d['state'] for d in task_data],
        [d['action'] for d in task_data],
        [d['reward'] for d in task_data]
    )
  File "/data/data/com.termux/files/home/lucifer_prometeo/v.py", line 3361, in compute_gradients
    probs = self._forward(np.array(s), self.fast_weights)
  File "/data/data/com.termux/files/home/lucifer_prometeo/v.py", line 3346, in _forward
    return softmax(out)
  File "/data/data/com.termux/files/home/lucifer_prometeo/v.py", line 33, in softmax
    if not x:
           ^
ValueError: The truth value of an array with more than one element is ambiguous. Use a.any() or a.all()

[23:27:09] [META] Error en adapt_to_task: The truth value of an array with more than one element is ambiguous. Use a.any() or a.all()
Traceback (most recent call last):
  File "/data/data/com.termux/files/home/lucifer_prometeo/v.py", line 3787, in _run_meta_learning
    self.ensemble.meta_learner.adapt_to_task(task_data)
    ~~~~~~~~~~~~~~~~~~~~~~~~~~~~~~~~~~~~~~~~^^^^^^^^^^^
  File "/data/data/com.termux/files/home/lucifer_prometeo/v.py", line 3381, in adapt_to_task
    gradients = self.compute_gradients(
        [d['state'] for d in task_data],
        [d['action'] for d in task_data],
        [d['reward'] for d in task_data]
    )
  File "/data/data/com.termux/files/home/lucifer_prometeo/v.py", line 3361, in compute_gradients
    probs = self._forward(np.array(s), self.fast_weights)
  File "/data/data/com.termux/files/home/lucifer_prometeo/v.py", line 3346, in _forward
    return softmax(out)
  File "/data/data/com.termux/files/home/lucifer_prometeo/v.py", line 33, in softmax
    if not x:
           ^
ValueError: The truth value of an array with more than one element is ambiguous. Use a.any() or a.all()

[23:27:16] [WARN] 🛑 AGENTE DETENIDO POR USUARIO (CTRL+C)
[23:27:16] [SAVE] 💾 Estado y cerebro guardados
[23:27:52] [INFO] CEOIA POTENCIADO INICIALIZADO con Ensemble Multi-RL
[23:27:52] [INFO] 
━━━━━━━━━━━━━━━━━━━━━━━━━━━━━━━━━━━━━━━━
🚀 TESTS BÁSICOS DEL SISTEMA
━━━━━━━━━━━━━━━━━━━━━━━━━━━━━━━━━━━━━━━━
[23:27:52] [SUCCESS] Tests básicos completados
[23:27:52] [INFO] 
━━━━━━━━━━━━━━━━━━━━━━━━━━━━━━━━━━━━━━━━
🚀 DEMO: MATCHING ENGINE INTEGRADO
━━━━━━━━━━━━━━━━━━━━━━━━━━━━━━━━━━━━━━━━
[23:27:52] [MATCH] Similaridad A0 ↔ A1: 0.293 | breakdown: {'preferences': 0.916820493858695, 'rating': 0.9866315678048017, 'location': 0.9687425441667261, 'recency': 0.9999999999205769}
[23:27:52] [MATCH] Recomendaciones para A0: [('A1', '0.96'), ('A2', '0.93'), ('A6', '0.93'), ('A9', '0.93'), ('A4', '0.92'), ('A3', '0.91'), ('A8', '0.88'), ('A5', '0.81'), ('A7', '0.80')]
[23:27:52] [MATCH] Clusters geográficos: 3 celdas
[23:27:52] [INFO] 
━━━━━━━━━━━━━━━━━━━━━━━━━━━━━━━━━━━━━━━━
🚀 DEMO: RL + MATCHING INTEGRATION
━━━━━━━━━━━━━━━━━━━━━━━━━━━━━━━━━━━━━━━━
[23:27:52] [INFO] 
━━━━━━━━━━━━━━━━━━━━━━━━━━━━━━━━━━━━━━━━
🚀 ENTRENAMIENTO RL
━━━━━━━━━━━━━━━━━━━━━━━━━━━━━━━━━━━━━━━━
[23:27:52] [TRAIN] Agente: QLearningAgent
[23:27:52] [TRAIN] Episodios: 50
[23:27:52] [RL] 📊 Q-Table size: 33 estados
[23:27:52] [RL] 🎯 Oferta seleccionada por RL+Matching: $30.00
[23:27:52] [RL] ✅ Negociación simulada completada con RL+Matching
[23:27:52] [INFO] 
━━━━━━━━━━━━━━━━━━━━━━━━━━━━━━━━━━━━━━━━
🚀 DEMO: CEOIA ENSAMBLE MULTI-RL
━━━━━━━━━━━━━━━━━━━━━━━━━━━━━━━━━━━━━━━━
[23:27:52] [INFO] 
━━━━━━━━━━━━━━━━━━━━━━━━━━━━━━━━━━━━━━━━
🚀 AGENTE VIVO - PRESIONA CTRL+C PARA DETENER
━━━━━━━━━━━━━━━━━━━━━━━━━━━━━━━━━━━━━━━━
[05:55:22] [WARN] 🛑 AGENTE DETENIDO POR USUARIO (CTRL+C)
[05:55:22] [SAVE] 💾 Estado y cerebro guardados
[09:04:27] [PATCH] 🔧 RLState extendido con soporte de kilometraje
[11:32:57] [PATCH] 🔧 RLState extendido con soporte de kilometraje
[11:32:58] [INFO] 
━━━━━━━━━━━━━━━━━━━━━━━━━━━━━━━━━━━━━━━━
🚀 INICIANDO SISTEMA MODO DIOS - SYMBIOSIS-TERMUX (GOBERNANZA CEO + ANTI-FRAUDE)
━━━━━━━━━━━━━━━━━━━━━━━━━━━━━━━━━━━━━━━━
[11:32:58] [GOV] ReputationGovernor inicializado
[11:32:58] [INFO] Agente registrado: BUYER_001 (LightweightAgent)
[11:32:58] [INFO] Agente registrado: SELLER_001 (LightweightAgent)
[11:32:58] [INFO] Agente registrado: STRATEGIC_BUYER (StrategicAgent)
[11:32:58] [INFO] Agente registrado: STRATEGIC_SELLER (StrategicAgent)
[11:32:58] [INFO] Negociacion iniciada: b6db7e6f | BUYER_001 <-> SELLER_001
[11:33:28] [WARN] TIMEOUT FORZADO - CERRANDO SESION
[11:33:28] [INFO] Negociacion iniciada: a7dfa30e | STRATEGIC_BUYER <-> STRATEGIC_SELLER
[11:33:28] [INFO] Negociacion fallida: EXPIRED
[11:33:58] [WARN] TIMEOUT FORZADO - CERRANDO SESION
[11:33:58] [INFO] 
━━━━━━━━━━━━━━━━━━━━━━━━━━━━━━━━━━━━━━━━
 PERFILES DE REPUTACION + GOBERNANZA
━━━━━━━━━━━━━━━━━━━━━━━━━━━━━━━━━━━━━━━━
[11:33:58] [INFO] BUYER_001: Score=0.50 | Nivel=UNTRUSTED | FraudThresh=0.60 | Badges=newcomer
[11:33:58] [INFO] SELLER_001: Score=0.50 | Nivel=UNTRUSTED | FraudThresh=0.60 | Badges=newcomer
[11:33:58] [INFO] STRATEGIC_BUYER: Score=0.50 | Nivel=UNTRUSTED | FraudThresh=0.60 | Badges=newcomer
[11:33:58] [INFO] STRATEGIC_SELLER: Score=0.50 | Nivel=UNTRUSTED | FraudThresh=0.60 | Badges=newcomer
[11:33:58] [INFO] Config global: enable_advanced=True | decay=exponential
[11:33:58] [INFO] 
━━━━━━━━━━━━━━━━━━━━━━━━━━━━━━━━━━━━━━━━
 RESULTADO FINAL
━━━━━━━━━━━━━━━━━━━━━━━━━━━━━━━━━━━━━━━━
[11:33:58] [INFO] Negociaciones totales: 2
[11:33:58] [INFO] Exitosas: 0
[12:40:19] [INFO] 
━━━━━━━━━━━━━━━━━━━━━━━━━━━━━━━━━━━━━━━━
 UBER DEMAND PREDICTOR PRO v4.1 - Demostracion
━━━━━━━━━━━━━━━━━━━━━━━━━━━━━━━━━━━━━━━━
[12:40:19] [INFO] [OK] Cargados 44000 muestras historicas
[12:40:19] [INFO] [OK] Modelo cargado desde cache
[12:40:19] [INFO] 
[INFO] Generando datos historicos sinteticos...
[12:40:19] [INFO]    Generadas 2000 muestras
[12:40:19] [INFO] 
[INFO] Ingestando datos al sistema...
[12:40:22] [INFO] 
[INFO] Entrenando modelos de prediccion...
[12:40:22] [INFO] [INFO] Entrenando ensemble con 2000 muestras...
[12:40:22] [INFO] [OK] Ensemble entrenado exitosamente (0 modelos)
[12:40:22] [INFO] 
━━━━━━━━━━━━━━━━━━━━━━━━━━━━━━━━━━━━━━━━
 PREDICCIONES EN TIEMPO REAL
━━━━━━━━━━━━━━━━━━━━━━━━━━━━━━━━━━━━━━━━
[12:40:22] [INFO] 
[SCENARIO] Escenario: Ahora (manana laboral)
[12:40:22] [INFO] 
Zona                         Score   Conf Recomendacion
[12:40:22] [INFO]    ----------------------------------------------------------------------
[12:40:22] [INFO]    Albrook Mall                  5.0    50% [AVERAGE] DEMANDA PROMEDIO - Zona viable
[12:40:22] [INFO]    Arraijan Centro               5.0    50% [AVERAGE] DEMANDA PROMEDIO - Zona viable
[12:40:22] [INFO]    La Chorrera                   5.0    50% [AVERAGE] DEMANDA PROMEDIO - Zona viable
[12:40:22] [INFO]    Costa del Este                5.0    50% [AVERAGE] DEMANDA PROMEDIO - Zona viable
[12:40:22] [INFO] 
[SCENARIO] Escenario: Hora pico tarde
[12:40:22] [INFO] 
Zona                         Score   Conf Recomendacion
[12:40:22] [INFO]    ----------------------------------------------------------------------
[12:40:22] [INFO]    Albrook Mall                  5.0    50% [AVERAGE] DEMANDA PROMEDIO - Zona viable
[12:40:22] [INFO]    Arraijan Centro               5.0    50% [AVERAGE] DEMANDA PROMEDIO - Zona viable
[12:40:22] [INFO]    La Chorrera                   5.0    50% [AVERAGE] DEMANDA PROMEDIO - Zona viable
[12:40:22] [INFO]    Costa del Este                5.0    50% [AVERAGE] DEMANDA PROMEDIO - Zona viable
[12:40:22] [INFO] 
━━━━━━━━━━━━━━━━━━━━━━━━━━━━━━━━━━━━━━━━
 ESTADO DEL SISTEMA
━━━━━━━━━━━━━━━━━━━━━━━━━━━━━━━━━━━━━━━━
[12:40:22] [INFO]    Muestras almacenadas: 46000
[12:40:22] [INFO]    Modelo entrenado: Si
[12:40:22] [INFO] [OK] Persistidos 46000 muestras
[12:40:22] [INFO] 
━━━━━━━━━━━━━━━━━━━━━━━━━━━━━━━━━━━━━━━━
 DECISION ENGINE DEMO
━━━━━━━━━━━━━━━━━━━━━━━━━━━━━━━━━━━━━━━━
[12:40:22] [INFO] [OK] Reutilizando predictor existente
[22:59:32] [INFO] CEOIA INICIALIZADO con dimension de estado 12
[22:59:32] [INFO] 
========================================
 TESTS BASICOS DEL SISTEMA
========================================
[22:59:32] [SUCCESS] Tests basicos completados
[22:59:32] [INFO] 
========================================
 DEMO: MATCHING ENGINE INTEGRADO
========================================
[22:59:32] [MATCH] Similaridad A0 ↔ A1: 0.260 | breakdown: {'preferences': 0.794643637803641, 'rating': 0.7636184585794904, 'location': 0.9687425441667261, 'recency': 0.9999999999451793}
[22:59:32] [MATCH] Recomendaciones para A0: [('A9', '0.98'), ('A5', '0.94'), ('A8', '0.93'), ('A4', '0.92'), ('A7', '0.91'), ('A3', '0.87'), ('A1', '0.86'), ('A2', '0.83'), ('A6', '0.83')]
[22:59:32] [MATCH] Clusters geograficos: 3 celdas
[22:59:32] [INFO] 
========================================
 DEMO: RL + MATCHING INTEGRATION
========================================
[22:59:32] [INFO] 
========================================
 ENTRENAMIENTO RL
========================================
[22:59:32] [TRAIN] Agente: QLearningAgent
[22:59:32] [TRAIN] Episodios: 50
[22:59:32] [RL] Q-Table size: 40 estados
[22:59:32] [RL] Oferta seleccionada por RL+Matching: $30.00
[22:59:32] [RL] Negociacion simulada completada con RL+Matching
[22:59:32] [INFO] 
========================================
 DEMO: CEOIA ENSAMBLE
========================================
[22:59:32] [INFO] 
========================================
 AGENTE VIVO - PRESIONA CTRL+C PARA DETENER
========================================
[23:00:05] [WARN] AGENTE DETENIDO POR USUARIO (CTRL+C)
[23:00:05] [SAVE] Estado y cerebro guardados
[23:47:20] [INFO] 
========================================
 INICIANDO SISTEMA MODO DIOS - SYMBIOSIS-TERMUX (GOBERNANZA CEO + ANTI-FRAUDE)
========================================
[23:47:20] [REGISTRY] SharedDataRegistry inicializado
[23:47:20] [GOV] ReputationGovernor inicializado
[23:47:20] [INFO] Agente registrado: BUYER_001 (LightweightAgent)
[23:47:20] [INFO] Agente registrado: SELLER_001 (LightweightAgent)
[23:47:20] [INFO] Agente registrado: STRATEGIC_BUYER (StrategicAgent)
[23:47:20] [INFO] Agente registrado: STRATEGIC_SELLER (StrategicAgent)
[23:47:20] [INFO] Negociacion iniciada: 3a631022 | BUYER_001 <-> SELLER_001
[23:47:50] [WARN] TIMEOUT FORZADO - CERRANDO SESION
[23:47:50] [INFO] Negociacion iniciada: d92842d1 | STRATEGIC_BUYER <-> STRATEGIC_SELLER
[23:47:50] [INFO] Negociacion fallida: EXPIRED
[23:48:04] [WARN] Interrupcion por usuario
[00:00:32] [ERROR] Error creando radar: Faltan credenciales requeridas: UBER_CLIENT_ID, UBER_CLIENT_SECRET, UBER_ACCESS_TOKEN o UBER_SERVER_TOKEN
[00:12:50] [WARN] Activando fallback sandbox: faltan UBER_CLIENT_ID, UBER_CLIENT_SECRET, UBER_ACCESS_TOKEN o UBER_SERVER_TOKEN
[00:12:50] [CONFIG] UberConfig: modo=SANDBOX_FALLBACK, fallback=True
[23:56:01] [INFO] CEOIA INICIALIZADO con dimension de estado 12
[23:56:01] [INFO] 
========================================
 TESTS BASICOS DEL SISTEMA
========================================
[23:56:02] [SUCCESS] Tests basicos completados
[23:56:02] [INFO] 
========================================
 DEMO: MATCHING ENGINE INTEGRADO
========================================
[23:56:02] [MATCH] Similaridad A0 ↔ A1: 0.211 | breakdown: {'preferences': 0.8841926654255735, 'rating': 0.4376485409473164, 'location': 0.9687425441667261, 'recency': 0.9999999999459815}
[23:56:02] [MATCH] Recomendaciones para A0: [('A4', '0.97'), ('A9', '0.94'), ('A6', '0.93'), ('A8', '0.93'), ('A3', '0.90'), ('A2', '0.90'), ('A7', '0.89'), ('A5', '0.86'), ('A1', '0.85')]
[23:56:02] [MATCH] Clusters geograficos: 3 celdas
[23:56:02] [INFO] 
========================================
 DEMO: RL + MATCHING INTEGRATION
========================================
[23:56:02] [INFO] 
========================================
 ENTRENAMIENTO RL
========================================
[23:56:02] [TRAIN] Agente: QLearningAgent
[23:56:02] [TRAIN] Episodios: 50
[23:56:02] [RL] Q-Table size: 43 estados
[23:56:02] [RL] Oferta seleccionada por RL+Matching: $30.00
[23:56:02] [RL] Negociacion simulada completada con RL+Matching
[23:56:02] [INFO] 
========================================
 DEMO: CEOIA ENSAMBLE
========================================
[23:56:02] [INFO] 
========================================
 AGENTE VIVO - PRESIONA CTRL+C PARA DETENER
========================================
[23:56:13] [WARN] AGENTE DETENIDO POR USUARIO (CTRL+C)
[23:56:13] [SAVE] Estado y cerebro guardados
[00:16:38] [WARN] Activando fallback sandbox: faltan UBER_CLIENT_ID, UBER_CLIENT_SECRET, UBER_ACCESS_TOKEN o UBER_SERVER_TOKEN
[00:16:38] [CONFIG] UberConfig: modo=SANDBOX_FALLBACK, fallback=True
[01:17:37] [INFO] 
========================================
 UBER DEMAND PREDICTOR PRO v4.2 - Demostracion
========================================
[01:17:37] [INFO] [OK] Cargados 48000 muestras historicas
[01:17:37] [INFO] [OK] Modelo cargado desde cache
[01:17:38] [INFO] [INFO] Hilo de entrenamiento continuo iniciado
[01:17:38] [INFO] 
[INFO] Generando datos historicos sinteticos...
[01:17:38] [INFO] [TRAIN] Entrenando modelo con 48000 muestras...
[01:17:38] [INFO] [INFO] Entrenando ensemble con 48000 muestras...
[01:17:38] [INFO]    Generadas 2000 muestras
[01:17:38] [INFO] 
[INFO] Ingestando datos al sistema...
[01:17:38] [INFO] [OK] Ensemble entrenado exitosamente (0 modelos)
[01:17:38] [INFO] [TRAIN] Entrenamiento completado
[01:17:40] [INFO] 
[INFO] Entrenando modelos de prediccion...
[01:17:40] [INFO] [INFO] Entrenando ensemble con 2000 muestras...
[01:17:40] [INFO] [OK] Ensemble entrenado exitosamente (0 modelos)
[01:17:40] [INFO] 
========================================
 PREDICCIONES EN TIEMPO REAL
========================================
[01:17:40] [INFO] 
[SCENARIO] Escenario: Ahora (manana laboral)
[01:17:40] [INFO] 
Zona                         Score   Conf Recomendacion
[01:17:40] [INFO]    ----------------------------------------------------------------------
[01:17:40] [INFO]    Albrook Mall                  7.0    50% [MODERATE] DEMANDA MODERADA-ALTA - Buena
[01:17:40] [INFO]    Arraijan Centro               7.0    50% [MODERATE] DEMANDA MODERADA-ALTA - Buena
[01:17:40] [INFO]    La Chorrera                   7.0    50% [MODERATE] DEMANDA MODERADA-ALTA - Buena
[01:17:40] [INFO]    Costa del Este                7.0    50% [MODERATE] DEMANDA MODERADA-ALTA - Buena
[01:17:40] [INFO] 
[SCENARIO] Escenario: Hora pico tarde
[01:17:40] [INFO] 
Zona                         Score   Conf Recomendacion
[01:17:40] [INFO]    ----------------------------------------------------------------------
[01:17:40] [INFO]    Albrook Mall                  7.0    50% [MODERATE] DEMANDA MODERADA-ALTA - Buena
[01:17:40] [INFO]    Arraijan Centro               7.0    50% [MODERATE] DEMANDA MODERADA-ALTA - Buena
[01:17:40] [INFO]    La Chorrera                   7.0    50% [MODERATE] DEMANDA MODERADA-ALTA - Buena
[01:17:40] [INFO]    Costa del Este                7.0    50% [MODERATE] DEMANDA MODERADA-ALTA - Buena
[01:17:40] [INFO] 
========================================
 ESTADO DEL SISTEMA
========================================
[01:17:40] [INFO]    Muestras almacenadas: 50000
[01:17:40] [INFO]    Modelo entrenado: Si
[01:17:41] [INFO] [OK] Persistidos 50000 muestras
[01:17:41] [INFO] 
========================================
 DECISION ENGINE DEMO
========================================
[01:17:41] [INFO] [OK] Reutilizando predictor existente
[01:45:08] [INFO] CEOIA INICIALIZADO con dimension de estado 12
[01:45:08] [INFO] 
========================================
 TESTS BASICOS DEL SISTEMA
========================================
[01:45:08] [SUCCESS] Tests basicos completados
[01:45:08] [INFO] 
========================================
 DEMO: MATCHING ENGINE INTEGRADO
========================================
[01:45:08] [MATCH] Similaridad A0 ↔ A1: 0.278 | breakdown: {'preferences': 0.8644617279293538, 'rating': 0.8855714327121168, 'location': 0.9687425441667261, 'recency': 0.9999999999296691}
[01:45:08] [MATCH] Recomendaciones para A0: [('A3', '0.94'), ('A8', '0.94'), ('A4', '0.93'), ('A1', '0.92'), ('A9', '0.91'), ('A2', '0.89'), ('A5', '0.86'), ('A7', '0.82'), ('A6', '0.79')]
[01:45:08] [MATCH] Clusters geograficos: 3 celdas
[01:45:08] [INFO] 
========================================
 DEMO: RL + MATCHING INTEGRATION
========================================
[01:45:08] [INFO] 
========================================
 ENTRENAMIENTO RL
========================================
[01:45:08] [TRAIN] Agente: QLearningAgent
[01:45:08] [TRAIN] Episodios: 50
[01:45:08] [RL] Q-Table size: 50 estados
[01:45:08] [RL] Oferta seleccionada por RL+Matching: $30.00
[01:45:08] [RL] Negociacion simulada completada con RL+Matching
[01:45:08] [INFO] 
========================================
 DEMO: CEOIA ENSAMBLE
========================================
[01:45:08] [INFO] 
========================================
 AGENTE VIVO - PRESIONA CTRL+C PARA DETENER
========================================
[01:45:26] [WARN] AGENTE DETENIDO POR USUARIO (CTRL+C)
[01:45:26] [SAVE] Estado y cerebro guardados
[02:06:17] [INFO] CEOIA INICIALIZADO con dimension de estado 12
[02:06:17] [INFO] 
========================================
 TESTS BASICOS DEL SISTEMA
========================================
[02:06:17] [SUCCESS] Tests basicos completados
[02:06:17] [INFO] 
========================================
 DEMO: MATCHING ENGINE INTEGRADO
========================================
[02:06:17] [MATCH] Similaridad A0 ↔ A1: 0.239 | breakdown: {'preferences': 0.6439627740680859, 'rating': 0.6271624781536498, 'location': 0.9687425441667261, 'recency': 0.9999999999407669}
[02:06:17] [MATCH] Recomendaciones para A0: [('A3', '0.94'), ('A2', '0.94'), ('A7', '0.94'), ('A5', '0.93'), ('A9', '0.91'), ('A4', '0.90'), ('A8', '0.87'), ('A1', '0.80'), ('A6', '0.79')]
[02:06:17] [MATCH] Clusters geograficos: 3 celdas
[02:06:17] [INFO] 
========================================
 DEMO: RL + MATCHING INTEGRATION
========================================
[02:06:17] [INFO] 
========================================
 ENTRENAMIENTO RL
========================================
[02:06:17] [TRAIN] Agente: QLearningAgent
[02:06:17] [TRAIN] Episodios: 50
[02:06:17] [RL] Q-Table size: 44 estados
[02:06:17] [RL] Oferta seleccionada por RL+Matching: $30.00
[02:06:17] [RL] Negociacion simulada completada con RL+Matching
[02:06:17] [INFO] 
========================================
 DEMO: CEOIA ENSAMBLE
========================================
[02:06:17] [INFO] 
========================================
 AGENTE VIVO - PRESIONA CTRL+C PARA DETENER
========================================
[02:06:27] [WARN] AGENTE DETENIDO POR USUARIO (CTRL+C)
[02:06:27] [SAVE] Estado y cerebro guardados
[22:04:25] [INFO] 
========================================
 UBER DEMAND PREDICTOR PRO v4.2 - Demostracion
========================================
[22:04:26] [INFO] [OK] Cargados 50000 muestras historicas
[22:04:26] [INFO] [OK] Modelo cargado desde cache
[22:04:26] [INFO] [HILO] Conectado: RegistrySync
[22:04:26] [DEBUG] [HILO] Registry sync ejecutado
[22:04:26] [INFO] [HILO] Conectado: CEOListener
[22:04:26] [DEBUG] [MONITOR] Hilos activos: RegistrySync:activo, CEOListener:activo
[22:04:26] [INFO] [HILO] Conectado: ThreadMonitor
[22:04:26] [INFO] [HILO] Monitor de threads iniciado
[22:04:26] [INFO] [HILO] Todos los hilos de fondo conectados
[22:04:26] [INFO] 
[INFO] Generando datos historicos sinteticos...
[22:04:26] [INFO]    Generadas 2000 muestras
[22:04:26] [INFO] 
[INFO] Ingestando datos al sistema...
[22:04:29] [INFO] 
[INFO] Entrenando modelos de prediccion...
[22:04:29] [INFO] [INFO] Entrenando ensemble con 2000 muestras...
[22:04:29] [INFO] [OK] Ensemble entrenado exitosamente (0 modelos)
[22:04:29] [INFO] 
========================================
 PREDICCIONES EN TIEMPO REAL
========================================
[22:04:29] [INFO] 
[SCENARIO] Escenario: Ahora (manana laboral)
[22:04:29] [INFO] 
Zona                         Score   Conf Recomendacion
[22:04:29] [INFO]    ----------------------------------------------------------------------
[22:04:29] [INFO]    Albrook Mall                  7.0    50% [MODERATE] DEMANDA MODERADA-ALTA - Buena
[22:04:29] [INFO]    Arraijan Centro               7.0    50% [MODERATE] DEMANDA MODERADA-ALTA - Buena
[22:04:29] [INFO]    La Chorrera                   7.0    50% [MODERATE] DEMANDA MODERADA-ALTA - Buena
[22:04:29] [INFO]    Costa del Este                7.0    50% [MODERATE] DEMANDA MODERADA-ALTA - Buena
[22:04:29] [INFO] 
[SCENARIO] Escenario: Hora pico tarde
[22:04:29] [INFO] 
Zona                         Score   Conf Recomendacion
[22:04:29] [INFO]    ----------------------------------------------------------------------
[22:04:29] [INFO]    Albrook Mall                  7.0    50% [MODERATE] DEMANDA MODERADA-ALTA - Buena
[22:04:29] [INFO]    Arraijan Centro               7.0    50% [MODERATE] DEMANDA MODERADA-ALTA - Buena
[22:04:29] [INFO]    La Chorrera                   7.0    50% [MODERATE] DEMANDA MODERADA-ALTA - Buena
[22:04:29] [INFO]    Costa del Este                7.0    50% [MODERATE] DEMANDA MODERADA-ALTA - Buena
[22:04:29] [INFO] 
========================================
 ESTADO DEL SISTEMA
========================================
[22:04:29] [INFO]    Muestras almacenadas: 52000
[22:04:29] [INFO]    Modelo entrenado: Si
[22:04:29] [INFO]    Hilos activos: {'RegistrySync': 'activo', 'CEOListener': 'activo', 'ThreadMonitor': 'activo'}
[22:04:30] [INFO] [OK] Persistidos 52000 muestras
[22:04:30] [INFO] 
========================================
 DECISION ENGINE DEMO
========================================
[22:04:30] [INFO] [OK] Reutilizando predictor existente
[22:04:30] [INFO] 
========================================
 SISTEMA EN EJECUCION - Hilos conectados
========================================
[22:04:30] [INFO] Presiona Ctrl+C para detener
[22:04:41] [DEBUG] [MONITOR] Hilos activos: RegistrySync:activo, CEOListener:activo, ThreadMonitor:activo
[22:04:53] [INFO] [INFO] Cierre limpio solicitado
[13:08:24] [WARN] Activando fallback sandbox: faltan UBER_CLIENT_ID, UBER_CLIENT_SECRET, UBER_ACCESS_TOKEN o UBER_SERVER_TOKEN
[13:08:24] [CONFIG] UberConfig: modo=SANDBOX_FALLBACK, fallback=True
[13:08:24] [WARN] [WARN] Error cargando datos: Can't get attribute 'DemandSample' on <module '__main__' from '/data/data/com.termux/files/home/lucifer_prometeo/00_start_all.py'>
[13:08:24] [WARN] [WARN] Error cargando modelo: Can't get attribute 'EnsembleDemandPredictor' on <module '__main__' from '/data/data/com.termux/files/home/lucifer_prometeo/00_start_all.py'>
[13:08:24] [DEBUG] [HILO] Registry sync ejecutado
[13:08:24] [INFO] [HILO] Conectado: RegistrySync
[13:08:25] [INFO] [HILO] Conectado: CEOListener
[13:08:25] [INFO] [HILO] Conectado: ThreadMonitor
[13:08:25] [INFO] [HILO] Monitor de threads iniciado
[13:08:25] [INFO] [HILO] Todos los hilos de fondo conectados
[13:08:25] [DEBUG] [MONITOR] Hilos activos: RegistrySync:activo, CEOListener:activo
[13:08:25] [INFO] [INFO] Entrenando ensemble con 500 muestras...
[13:08:25] [INFO] [OK] Ensemble entrenado exitosamente (0 modelos)
[13:08:25] [INFO] [OK] Predictor inicializado y entrenado con 500 muestras
[13:08:40] [DEBUG] [MONITOR] Hilos activos: RegistrySync:activo, CEOListener:activo, ThreadMonitor:activo
[13:08:55] [DEBUG] [HILO] Registry sync ejecutado
[13:08:55] [DEBUG] [MONITOR] Hilos activos: RegistrySync:activo, CEOListener:activo, ThreadMonitor:activo
[13:09:10] [DEBUG] [MONITOR] Hilos activos: RegistrySync:activo, CEOListener:activo, ThreadMonitor:activo
[13:09:25] [DEBUG] [HILO] Registry sync ejecutado
[13:09:25] [DEBUG] [MONITOR] Hilos activos: RegistrySync:activo, CEOListener:activo, ThreadMonitor:activo
[13:09:40] [DEBUG] [MONITOR] Hilos activos: RegistrySync:activo, CEOListener:activo, ThreadMonitor:activo
[13:09:55] [DEBUG] [HILO] Registry sync ejecutado
[13:09:55] [DEBUG] [MONITOR] Hilos activos: RegistrySync:activo, CEOListener:activo, ThreadMonitor:activo
[13:10:10] [DEBUG] [MONITOR] Hilos activos: RegistrySync:activo, CEOListener:activo, ThreadMonitor:activo
[13:10:25] [DEBUG] [HILO] Registry sync ejecutado
[13:10:25] [DEBUG] [MONITOR] Hilos activos: RegistrySync:activo, CEOListener:activo, ThreadMonitor:activo
[13:10:40] [DEBUG] [MONITOR] Hilos activos: RegistrySync:activo, CEOListener:activo, ThreadMonitor:activo
[13:10:55] [DEBUG] [HILO] Registry sync ejecutado
[13:10:55] [DEBUG] [MONITOR] Hilos activos: RegistrySync:activo, CEOListener:activo, ThreadMonitor:activo
[13:11:10] [DEBUG] [MONITOR] Hilos activos: RegistrySync:activo, CEOListener:activo, ThreadMonitor:activo
[13:11:25] [DEBUG] [HILO] Registry sync ejecutado
[13:11:25] [DEBUG] [MONITOR] Hilos activos: RegistrySync:activo, CEOListener:activo, ThreadMonitor:activo
[13:11:40] [DEBUG] [MONITOR] Hilos activos: RegistrySync:activo, CEOListener:activo, ThreadMonitor:activo
[13:11:55] [DEBUG] [HILO] Registry sync ejecutado
[13:11:55] [DEBUG] [MONITOR] Hilos activos: RegistrySync:activo, CEOListener:activo, ThreadMonitor:activo
[13:12:10] [DEBUG] [MONITOR] Hilos activos: RegistrySync:activo, CEOListener:activo, ThreadMonitor:activo
[13:12:25] [DEBUG] [HILO] Registry sync ejecutado
[13:12:25] [DEBUG] [MONITOR] Hilos activos: RegistrySync:activo, CEOListener:activo, ThreadMonitor:activo
[13:12:40] [DEBUG] [MONITOR] Hilos activos: RegistrySync:activo, CEOListener:activo, ThreadMonitor:activo
[13:12:55] [DEBUG] [HILO] Registry sync ejecutado
[13:12:55] [DEBUG] [MONITOR] Hilos activos: RegistrySync:activo, CEOListener:activo, ThreadMonitor:activo
[13:13:10] [DEBUG] [MONITOR] Hilos activos: RegistrySync:activo, CEOListener:activo, ThreadMonitor:activo
[13:13:25] [DEBUG] [HILO] Registry sync ejecutado
[13:13:25] [DEBUG] [MONITOR] Hilos activos: RegistrySync:activo, CEOListener:activo, ThreadMonitor:activo
[13:13:40] [DEBUG] [MONITOR] Hilos activos: RegistrySync:activo, CEOListener:activo, ThreadMonitor:activo
[13:15:53] [WARN] Activando fallback sandbox: faltan UBER_CLIENT_ID, UBER_CLIENT_SECRET, UBER_ACCESS_TOKEN o UBER_SERVER_TOKEN
[13:15:53] [CONFIG] UberConfig: modo=SANDBOX_FALLBACK, fallback=True
[13:15:53] [WARN] [WARN] Error cargando datos: Can't get attribute 'DemandSample' on <module '__main__' from '/data/data/com.termux/files/home/lucifer_prometeo/00_start_all.py'>
[13:15:53] [WARN] [WARN] Error cargando modelo: Can't get attribute 'EnsembleDemandPredictor' on <module '__main__' from '/data/data/com.termux/files/home/lucifer_prometeo/00_start_all.py'>
[13:15:53] [DEBUG] [HILO] Registry sync ejecutado
[13:15:53] [INFO] [HILO] Conectado: RegistrySync
[13:15:53] [INFO] [HILO] Conectado: CEOListener
[13:15:53] [INFO] [HILO] Conectado: ThreadMonitor
[13:15:53] [INFO] [HILO] Monitor de threads iniciado
[13:15:53] [INFO] [HILO] Todos los hilos de fondo conectados
[13:15:53] [DEBUG] [MONITOR] Hilos activos: RegistrySync:activo, CEOListener:activo
[13:15:54] [INFO] [INFO] Entrenando ensemble con 500 muestras...
[13:15:54] [INFO] [OK] Ensemble entrenado exitosamente (0 modelos)
[13:15:54] [INFO] [OK] Predictor inicializado y entrenado con 500 muestras
[13:16:08] [DEBUG] [MONITOR] Hilos activos: RegistrySync:activo, CEOListener:activo, ThreadMonitor:activo
[13:16:23] [DEBUG] [HILO] Registry sync ejecutado
[13:16:23] [DEBUG] [MONITOR] Hilos activos: RegistrySync:activo, CEOListener:activo, ThreadMonitor:activo
[13:16:38] [DEBUG] [MONITOR] Hilos activos: RegistrySync:activo, CEOListener:activo, ThreadMonitor:activo
[13:16:53] [DEBUG] [HILO] Registry sync ejecutado
[13:16:53] [DEBUG] [MONITOR] Hilos activos: RegistrySync:activo, CEOListener:activo, ThreadMonitor:activo
[13:17:08] [DEBUG] [MONITOR] Hilos activos: RegistrySync:activo, CEOListener:activo, ThreadMonitor:activo
[13:17:23] [DEBUG] [HILO] Registry sync ejecutado
[13:17:23] [DEBUG] [MONITOR] Hilos activos: RegistrySync:activo, CEOListener:activo, ThreadMonitor:activo
[13:17:38] [DEBUG] [MONITOR] Hilos activos: RegistrySync:activo, CEOListener:activo, ThreadMonitor:activo
[13:17:53] [DEBUG] [HILO] Registry sync ejecutado
[13:17:53] [DEBUG] [MONITOR] Hilos activos: RegistrySync:activo, CEOListener:activo, ThreadMonitor:activo
[13:18:08] [DEBUG] [MONITOR] Hilos activos: RegistrySync:activo, CEOListener:activo, ThreadMonitor:activo
[13:18:23] [DEBUG] [HILO] Registry sync ejecutado
[13:18:23] [DEBUG] [MONITOR] Hilos activos: RegistrySync:activo, CEOListener:activo, ThreadMonitor:activo
[13:18:38] [DEBUG] [MONITOR] Hilos activos: RegistrySync:activo, CEOListener:activo, ThreadMonitor:activo
[13:18:53] [DEBUG] [HILO] Registry sync ejecutado
[13:18:53] [DEBUG] [MONITOR] Hilos activos: RegistrySync:activo, CEOListener:activo, ThreadMonitor:activo
[13:19:08] [DEBUG] [MONITOR] Hilos activos: RegistrySync:activo, CEOListener:activo, ThreadMonitor:activo
[13:19:23] [DEBUG] [HILO] Registry sync ejecutado
[13:19:23] [DEBUG] [MONITOR] Hilos activos: RegistrySync:activo, CEOListener:activo, ThreadMonitor:activo
[13:19:38] [DEBUG] [MONITOR] Hilos activos: RegistrySync:activo, CEOListener:activo, ThreadMonitor:activo
[13:19:53] [DEBUG] [HILO] Registry sync ejecutado
[13:19:53] [DEBUG] [MONITOR] Hilos activos: RegistrySync:activo, CEOListener:activo, ThreadMonitor:activo
[13:20:08] [DEBUG] [MONITOR] Hilos activos: RegistrySync:activo, CEOListener:activo, ThreadMonitor:activo
[13:20:23] [DEBUG] [HILO] Registry sync ejecutado
[13:20:23] [DEBUG] [MONITOR] Hilos activos: RegistrySync:activo, CEOListener:activo, ThreadMonitor:activo
[13:20:38] [DEBUG] [MONITOR] Hilos activos: RegistrySync:activo, CEOListener:activo, ThreadMonitor:activo
[13:20:53] [DEBUG] [HILO] Registry sync ejecutado
[13:20:53] [DEBUG] [MONITOR] Hilos activos: RegistrySync:activo, CEOListener:activo, ThreadMonitor:activo
[13:21:08] [DEBUG] [MONITOR] Hilos activos: RegistrySync:activo, CEOListener:activo, ThreadMonitor:activo
[13:21:23] [DEBUG] [HILO] Registry sync ejecutado
[13:21:23] [DEBUG] [MONITOR] Hilos activos: RegistrySync:activo, CEOListener:activo, ThreadMonitor:activo
[13:21:38] [DEBUG] [MONITOR] Hilos activos: RegistrySync:activo, CEOListener:activo, ThreadMonitor:activo
[13:21:53] [DEBUG] [HILO] Registry sync ejecutado
[13:21:53] [DEBUG] [MONITOR] Hilos activos: RegistrySync:activo, CEOListener:activo, ThreadMonitor:activo
[13:22:08] [DEBUG] [MONITOR] Hilos activos: RegistrySync:activo, CEOListener:activo, ThreadMonitor:activo
[13:22:23] [DEBUG] [HILO] Registry sync ejecutado
[13:22:23] [DEBUG] [MONITOR] Hilos activos: RegistrySync:activo, CEOListener:activo, ThreadMonitor:activo
[13:22:38] [DEBUG] [MONITOR] Hilos activos: RegistrySync:activo, CEOListener:activo, ThreadMonitor:activo
[13:22:53] [DEBUG] [HILO] Registry sync ejecutado
[13:22:53] [DEBUG] [MONITOR] Hilos activos: RegistrySync:activo, CEOListener:activo, ThreadMonitor:activo
[13:23:08] [DEBUG] [MONITOR] Hilos activos: RegistrySync:activo, CEOListener:activo, ThreadMonitor:activo
[13:23:23] [DEBUG] [HILO] Registry sync ejecutado
[13:23:23] [DEBUG] [MONITOR] Hilos activos: RegistrySync:activo, CEOListener:activo, ThreadMonitor:activo
[13:23:38] [DEBUG] [MONITOR] Hilos activos: RegistrySync:activo, CEOListener:activo, ThreadMonitor:activo
[13:23:53] [DEBUG] [HILO] Registry sync ejecutado
[13:23:53] [DEBUG] [MONITOR] Hilos activos: RegistrySync:activo, CEOListener:activo, ThreadMonitor:activo
[13:24:08] [DEBUG] [MONITOR] Hilos activos: RegistrySync:activo, CEOListener:activo, ThreadMonitor:activo
[13:24:23] [DEBUG] [HILO] Registry sync ejecutado
[13:24:23] [DEBUG] [MONITOR] Hilos activos: RegistrySync:activo, CEOListener:activo, ThreadMonitor:activo
[13:24:38] [DEBUG] [MONITOR] Hilos activos: RegistrySync:activo, CEOListener:activo, ThreadMonitor:activo
[13:24:53] [DEBUG] [HILO] Registry sync ejecutado
[13:24:53] [DEBUG] [MONITOR] Hilos activos: RegistrySync:activo, CEOListener:activo, ThreadMonitor:activo
[13:25:08] [DEBUG] [MONITOR] Hilos activos: RegistrySync:activo, CEOListener:activo, ThreadMonitor:activo
[13:25:23] [DEBUG] [HILO] Registry sync ejecutado
[13:25:23] [DEBUG] [MONITOR] Hilos activos: RegistrySync:activo, CEOListener:activo, ThreadMonitor:activo
[13:25:38] [DEBUG] [MONITOR] Hilos activos: RegistrySync:activo, CEOListener:activo, ThreadMonitor:activo
[13:25:53] [DEBUG] [HILO] Registry sync ejecutado
[13:25:53] [DEBUG] [MONITOR] Hilos activos: RegistrySync:activo, CEOListener:activo, ThreadMonitor:activo
[13:26:08] [DEBUG] [MONITOR] Hilos activos: RegistrySync:activo, CEOListener:activo, ThreadMonitor:activo
[13:26:23] [DEBUG] [HILO] Registry sync ejecutado
[13:26:23] [DEBUG] [MONITOR] Hilos activos: RegistrySync:activo, CEOListener:activo, ThreadMonitor:activo
[13:26:38] [DEBUG] [MONITOR] Hilos activos: RegistrySync:activo, CEOListener:activo, ThreadMonitor:activo
[13:26:53] [DEBUG] [HILO] Registry sync ejecutado
[13:26:53] [DEBUG] [MONITOR] Hilos activos: RegistrySync:activo, CEOListener:activo, ThreadMonitor:activo
[13:27:08] [DEBUG] [MONITOR] Hilos activos: RegistrySync:activo, CEOListener:activo, ThreadMonitor:activo
[13:27:23] [DEBUG] [HILO] Registry sync ejecutado
[13:27:23] [DEBUG] [MONITOR] Hilos activos: RegistrySync:activo, CEOListener:activo, ThreadMonitor:activo
[13:27:38] [DEBUG] [MONITOR] Hilos activos: RegistrySync:activo, CEOListener:activo, ThreadMonitor:activo
[13:29:16] [WARN] Activando fallback sandbox: faltan UBER_CLIENT_ID, UBER_CLIENT_SECRET, UBER_ACCESS_TOKEN o UBER_SERVER_TOKEN
[13:29:16] [CONFIG] UberConfig: modo=SANDBOX_FALLBACK, fallback=True
[13:34:29] [WARN] Activando fallback sandbox: faltan UBER_CLIENT_ID, UBER_CLIENT_SECRET, UBER_ACCESS_TOKEN o UBER_SERVER_TOKEN
[13:34:29] [CONFIG] UberConfig: modo=SANDBOX_FALLBACK, fallback=True
[14:09:23] [INFO] 
========================================
GOV INICIANDO SISTEMA NEGOCIACION - SYMBIOSIS-TERMUX
========================================
[14:09:23] [GOV] ReputationGovernor inicializado
[14:09:23] [OK] Orquestador global creado y registrado
[14:09:23] [INFO] Agente registrado: BUYER_001 (LightweightAgent)
[14:09:23] [INFO] Agente registrado: SELLER_001 (LightweightAgent)
[14:09:23] [INFO] Agente registrado: STRATEGIC_BUYER (StrategicAgent)
[14:09:23] [INFO] Agente registrado: STRATEGIC_SELLER (StrategicAgent)
[14:09:23] [INFO] Negociacion iniciada: ce574ae7 | BUYER_001 <-> SELLER_001
[14:09:54] [WARN] TIMEOUT FORZADO - CERRANDO SESION
[14:09:54] [INFO] Negociacion iniciada: d200f119 | STRATEGIC_BUYER <-> STRATEGIC_SELLER
[14:09:54] [INFO] Negociacion fallida: EXPIRED
[14:10:11] [WARN] Interrupcion por usuario
[14:11:03] [WARN] Activando fallback sandbox: faltan UBER_CLIENT_ID, UBER_CLIENT_SECRET, UBER_ACCESS_TOKEN o UBER_SERVER_TOKEN
[14:11:03] [CONFIG] UberConfig: modo=SANDBOX_FALLBACK, fallback=True
[14:39:13] [WARN] Activando fallback sandbox: faltan UBER_CLIENT_ID, UBER_CLIENT_SECRET, UBER_ACCESS_TOKEN o UBER_SERVER_TOKEN
[14:39:13] [CONFIG] UberConfig: modo=SANDBOX_FALLBACK, fallback=True
[14:47:57] [INFO] 
========================================
GOV INICIANDO SISTEMA NEGOCIACION - SYMBIOSIS-TERMUX
========================================
[14:47:57] [GOV] ReputationGovernor inicializado
[14:47:57] [OK] Orquestador global creado y registrado
[14:47:57] [INFO] Agente registrado: BUYER_001 (LightweightAgent)
[14:47:57] [INFO] Agente registrado: SELLER_001 (LightweightAgent)
[14:47:57] [INFO] Agente registrado: STRATEGIC_BUYER (StrategicAgent)
[14:47:57] [INFO] Agente registrado: STRATEGIC_SELLER (StrategicAgent)
[14:47:57] [INFO] Negociacion iniciada: e4415edf | BUYER_001 <-> SELLER_001
[14:48:27] [WARN] TIMEOUT FORZADO - CERRANDO SESION
[14:48:27] [INFO] Negociacion iniciada: a4f1992c | STRATEGIC_BUYER <-> STRATEGIC_SELLER
[14:48:27] [INFO] Negociacion fallida: EXPIRED
[14:48:57] [WARN] TIMEOUT FORZADO - CERRANDO SESION
[14:48:57] [INFO] 
========================================
R PERFILES DE REPUTACION + GOBERNANZA
========================================
[14:48:57] [INFO] BUYER_001: Score=0.50 | Nivel=UNTRUSTED | FraudThresh=0.60 | Badges=newcomer
[14:48:57] [INFO] SELLER_001: Score=0.50 | Nivel=UNTRUSTED | FraudThresh=0.60 | Badges=newcomer
[14:48:57] [INFO] STRATEGIC_BUYER: Score=0.50 | Nivel=UNTRUSTED | FraudThresh=0.60 | Badges=newcomer
[14:48:57] [INFO] STRATEGIC_SELLER: Score=0.50 | Nivel=UNTRUSTED | FraudThresh=0.60 | Badges=newcomer
[14:48:57] [INFO] Config global: enable_advanced=True | decay=exponential
[14:48:57] [INFO] 
========================================
R RESULTADO FINAL
========================================
[14:48:57] [INFO] Negociaciones totales: 2
[14:48:57] [INFO] Exitosas: 0
[14:52:39] [INFO] 
========================================
GOV INICIANDO SISTEMA NEGOCIACION - SYMBIOSIS-TERMUX
========================================
[14:52:39] [GOV] ReputationGovernor inicializado
[14:52:39] [OK] Orquestador global creado y registrado
[14:52:39] [INFO] Agente registrado: BUYER_001 (LightweightAgent)
[14:52:39] [INFO] Agente registrado: SELLER_001 (LightweightAgent)
[14:52:39] [INFO] Agente registrado: STRATEGIC_BUYER (StrategicAgent)
[14:52:39] [INFO] Agente registrado: STRATEGIC_SELLER (StrategicAgent)
[14:52:39] [INFO] Negociacion iniciada: 025a2761 | BUYER_001 <-> SELLER_001
[14:53:09] [WARN] TIMEOUT FORZADO - CERRANDO SESION
[14:53:09] [INFO] Negociacion iniciada: 26d7bf72 | STRATEGIC_BUYER <-> STRATEGIC_SELLER
[14:53:09] [INFO] Negociacion fallida: EXPIRED
[14:53:39] [WARN] TIMEOUT FORZADO - CERRANDO SESION
[14:53:39] [INFO] 
========================================
R PERFILES DE REPUTACION + GOBERNANZA
========================================
[14:53:39] [INFO] BUYER_001: Score=0.50 | Nivel=UNTRUSTED | FraudThresh=0.60 | Badges=newcomer
[14:53:39] [INFO] SELLER_001: Score=0.50 | Nivel=UNTRUSTED | FraudThresh=0.60 | Badges=newcomer
[14:53:39] [INFO] STRATEGIC_BUYER: Score=0.50 | Nivel=UNTRUSTED | FraudThresh=0.60 | Badges=newcomer
[14:53:39] [INFO] STRATEGIC_SELLER: Score=0.50 | Nivel=UNTRUSTED | FraudThresh=0.60 | Badges=newcomer
[14:53:39] [INFO] Config global: enable_advanced=True | decay=exponential
[14:53:39] [INFO] 
========================================
R RESULTADO FINAL
========================================
[14:53:39] [INFO] Negociaciones totales: 2
[14:53:39] [INFO] Exitosas: 0
[14:54:33] [WARN] Activando fallback sandbox: faltan UBER_CLIENT_ID, UBER_CLIENT_SECRET, UBER_ACCESS_TOKEN o UBER_SERVER_TOKEN
[14:54:33] [CONFIG] UberConfig: modo=SANDBOX_FALLBACK, fallback=True
[15:17:56] [INFO] 
========================================
GOV INICIANDO SISTEMA NEGOCIACION - SYMBIOSIS-TERMUX
========================================
[15:17:56] [GOV] ReputationGovernor inicializado
[15:17:56] [OK] Orquestador global creado y registrado
[15:17:56] [INFO] Agente registrado: BUYER_001 (LightweightAgent)
[15:17:56] [INFO] Agente registrado: SELLER_001 (LightweightAgent)
[15:17:56] [INFO] Agente registrado: STRATEGIC_BUYER (StrategicAgent)
[15:17:56] [INFO] Agente registrado: STRATEGIC_SELLER (StrategicAgent)
[15:17:56] [INFO] Negociacion iniciada: fbc6fbe5 | BUYER_001 <-> SELLER_001
[15:18:26] [WARN] TIMEOUT FORZADO - CERRANDO SESION
[15:18:26] [INFO] Negociacion iniciada: 48570dd9 | STRATEGIC_BUYER <-> STRATEGIC_SELLER
[15:18:26] [INFO] Negociacion fallida: EXPIRED
[15:18:56] [WARN] TIMEOUT FORZADO - CERRANDO SESION
[15:18:56] [INFO] 
========================================
R PERFILES DE REPUTACION + GOBERNANZA
========================================
[15:18:56] [INFO] BUYER_001: Score=0.50 | Nivel=UNTRUSTED | FraudThresh=0.60 | Badges=newcomer
[15:18:56] [INFO] SELLER_001: Score=0.50 | Nivel=UNTRUSTED | FraudThresh=0.60 | Badges=newcomer
[15:18:56] [INFO] STRATEGIC_BUYER: Score=0.50 | Nivel=UNTRUSTED | FraudThresh=0.60 | Badges=newcomer
[15:18:56] [INFO] STRATEGIC_SELLER: Score=0.50 | Nivel=UNTRUSTED | FraudThresh=0.60 | Badges=newcomer
[15:18:56] [INFO] Config global: enable_advanced=True | decay=exponential
[15:18:56] [INFO] 
========================================
R RESULTADO FINAL
========================================
[15:18:56] [INFO] Negociaciones totales: 2
[15:18:56] [INFO] Exitosas: 0
[15:21:48] [INFO] [OK] Cargados 52000 muestras historicas
[15:21:48] [INFO] [OK] Modelo cargado desde cache
[15:21:48] [INFO] [HILO] Conectado: RegistrySync
[15:21:48] [DEBUG] [HILO] Registry sync ejecutado
[15:21:48] [INFO] [HILO] Conectado: CEOListener
[15:21:48] [INFO] [HILO] Conectado: ThreadMonitor
[15:21:48] [INFO] [HILO] Monitor de threads iniciado
[15:21:48] [INFO] [HILO] Todos los hilos de fondo conectados
[15:21:48] [DEBUG] [MONITOR] Hilos activos: RegistrySync:activo, CEOListener:activo
[15:21:49] [INFO] [INFO] Entrenando ensemble con 500 muestras...
[15:21:49] [INFO] [OK] Ensemble entrenado exitosamente (0 modelos)
[15:21:49] [INFO] [OK] Predictor inicializado y entrenado con 500 muestras
[15:21:49] [INFO] 
========================================
 UBER DEMAND PREDICTOR PRO v4.2 - Demostracion
========================================
[15:21:50] [INFO] [OK] Cargados 52000 muestras historicas
[15:21:50] [INFO] [OK] Modelo cargado desde cache
[15:21:50] [INFO] [HILO] Conectado: RegistrySync
[15:21:50] [DEBUG] [HILO] Registry sync ejecutado
[15:21:50] [INFO] [HILO] Conectado: CEOListener
[15:21:50] [INFO] [HILO] Todos los hilos de fondo conectados
[15:21:50] [INFO] 
[INFO] Generando datos historicos sinteticos...
[15:21:50] [INFO]    Generadas 2000 muestras
[15:21:50] [INFO] 
[INFO] Ingestando datos al sistema...
[15:21:53] [INFO] 
[INFO] Entrenando modelos de prediccion...
[15:21:53] [INFO] [INFO] Entrenando ensemble con 2000 muestras...
[15:21:53] [INFO] [OK] Ensemble entrenado exitosamente (0 modelos)
[15:21:53] [INFO] 
========================================
 PREDICCIONES EN TIEMPO REAL
========================================
[15:21:53] [INFO] 
[SCENARIO] Escenario: Ahora (manana laboral)
[15:21:53] [INFO] 
Zona                         Score   Conf Recomendacion
[15:21:53] [INFO]    ----------------------------------------------------------------------
[15:21:53] [INFO]    Albrook Mall                  7.0    50% [MODERATE] DEMANDA MODERADA-ALTA - Buena
[15:21:53] [INFO]    Arraijan Centro               7.0    50% [MODERATE] DEMANDA MODERADA-ALTA - Buena
[15:21:53] [INFO]    La Chorrera                   7.0    50% [MODERATE] DEMANDA MODERADA-ALTA - Buena
[15:21:53] [INFO]    Costa del Este                7.0    50% [MODERATE] DEMANDA MODERADA-ALTA - Buena
[15:21:53] [INFO] 
[SCENARIO] Escenario: Hora pico tarde
[15:21:53] [INFO] 
Zona                         Score   Conf Recomendacion
[15:21:53] [INFO]    ----------------------------------------------------------------------
[15:21:53] [INFO]    Albrook Mall                  7.0    50% [MODERATE] DEMANDA MODERADA-ALTA - Buena
[15:21:53] [INFO]    Arraijan Centro               7.0    50% [MODERATE] DEMANDA MODERADA-ALTA - Buena
[15:21:53] [INFO]    La Chorrera                   7.0    50% [MODERATE] DEMANDA MODERADA-ALTA - Buena
[15:21:53] [INFO]    Costa del Este                7.0    50% [MODERATE] DEMANDA MODERADA-ALTA - Buena
[15:21:53] [INFO] 
========================================
 ESTADO DEL SISTEMA
========================================
[15:21:53] [INFO]    Muestras almacenadas: 54000
[15:21:53] [INFO]    Modelo entrenado: Si
[15:21:53] [INFO]    Hilos activos: {'RegistrySync': 'activo', 'CEOListener': 'activo', 'ThreadMonitor': 'activo'}
[15:21:55] [INFO] [OK] Persistidos 54000 muestras
[15:21:55] [INFO] 
========================================
 DECISION ENGINE DEMO
========================================
[15:21:55] [INFO] [OK] Reutilizando predictor existente
[15:21:55] [INFO] 
========================================
 SISTEMA EN EJECUCION - Hilos conectados
========================================
[15:21:55] [INFO] Presiona Ctrl+C para detener
[15:22:03] [DEBUG] [MONITOR] Hilos activos: RegistrySync:activo, CEOListener:activo, ThreadMonitor:activo
[15:22:18] [DEBUG] [HILO] Registry sync ejecutado
[15:22:18] [DEBUG] [MONITOR] Hilos activos: RegistrySync:activo, CEOListener:activo, ThreadMonitor:activo
[15:22:20] [DEBUG] [HILO] Registry sync ejecutado
[15:22:24] [INFO] [INFO] Cierre limpio solicitado
[15:22:53] [WARN] [WARN] Error cargando datos: Can't get attribute 'DemandSample' on <module '__main__' from '/data/data/com.termux/files/home/lucifer_prometeo/00_start_all.py'>
[15:22:53] [WARN] [WARN] Error cargando modelo: Can't get attribute 'EnsembleDemandPredictor' on <module '__main__' from '/data/data/com.termux/files/home/lucifer_prometeo/00_start_all.py'>
[15:22:53] [DEBUG] [HILO] Registry sync ejecutado
[15:22:53] [INFO] [HILO] Conectado: RegistrySync
[15:22:53] [INFO] [HILO] Conectado: CEOListener
[15:22:53] [DEBUG] [MONITOR] Hilos activos: RegistrySync:activo, CEOListener:activo
[15:22:53] [INFO] [HILO] Conectado: ThreadMonitor
[15:22:53] [INFO] [HILO] Monitor de threads iniciado
[15:22:53] [INFO] [HILO] Todos los hilos de fondo conectados
[15:22:54] [INFO] [INFO] Entrenando ensemble con 500 muestras...
[15:22:54] [INFO] [OK] Ensemble entrenado exitosamente (0 modelos)
[15:22:54] [INFO] [OK] Predictor inicializado y entrenado con 500 muestras
[15:23:06] [WARN] [WARN] Error cargando datos: Can't get attribute 'DemandSample' on <module '__main__' from '/data/data/com.termux/files/home/lucifer_prometeo/00_start_all.py'>
[15:23:06] [WARN] [WARN] Error cargando modelo: Can't get attribute 'EnsembleDemandPredictor' on <module '__main__' from '/data/data/com.termux/files/home/lucifer_prometeo/00_start_all.py'>
[15:23:06] [DEBUG] [HILO] Registry sync ejecutado
[15:23:06] [INFO] [HILO] Conectado: RegistrySync
[15:23:06] [INFO] [HILO] Conectado: CEOListener
[15:23:06] [DEBUG] [MONITOR] Hilos activos: RegistrySync:activo, CEOListener:activo
[15:23:06] [INFO] [HILO] Conectado: ThreadMonitor
[15:23:06] [INFO] [HILO] Monitor de threads iniciado
[15:23:06] [INFO] [HILO] Todos los hilos de fondo conectados
[15:23:06] [INFO] [INFO] Entrenando ensemble con 500 muestras...
[15:23:06] [INFO] [OK] Ensemble entrenado exitosamente (0 modelos)
[15:23:06] [INFO] [OK] Predictor inicializado y entrenado con 500 muestras
[15:23:08] [DEBUG] [MONITOR] Hilos activos: RegistrySync:activo, CEOListener:activo, ThreadMonitor:activo
[15:23:21] [DEBUG] [MONITOR] Hilos activos: RegistrySync:activo, CEOListener:activo, ThreadMonitor:activo
[15:23:23] [WARN] Activando fallback sandbox: faltan UBER_CLIENT_ID, UBER_CLIENT_SECRET, UBER_ACCESS_TOKEN o UBER_SERVER_TOKEN
[15:23:23] [CONFIG] UberConfig: modo=SANDBOX_FALLBACK, fallback=True
[15:23:23] [DEBUG] [HILO] Registry sync ejecutado
[15:23:23] [DEBUG] [MONITOR] Hilos activos: RegistrySync:activo, CEOListener:activo, ThreadMonitor:activo
[15:23:36] [DEBUG] [HILO] Registry sync ejecutado
[15:23:36] [DEBUG] [MONITOR] Hilos activos: RegistrySync:activo, CEOListener:activo, ThreadMonitor:activo
[15:23:38] [DEBUG] [MONITOR] Hilos activos: RegistrySync:activo, CEOListener:activo, ThreadMonitor:activo
[15:23:51] [DEBUG] [MONITOR] Hilos activos: RegistrySync:activo, CEOListener:activo, ThreadMonitor:activo
[15:23:53] [DEBUG] [HILO] Registry sync ejecutado
[15:23:53] [DEBUG] [MONITOR] Hilos activos: RegistrySync:activo, CEOListener:activo, ThreadMonitor:activo
[15:24:06] [DEBUG] [HILO] Registry sync ejecutado
[15:24:06] [DEBUG] [MONITOR] Hilos activos: RegistrySync:activo, CEOListener:activo, ThreadMonitor:activo
[15:24:08] [DEBUG] [MONITOR] Hilos activos: RegistrySync:activo, CEOListener:activo, ThreadMonitor:activo
[15:24:21] [DEBUG] [MONITOR] Hilos activos: RegistrySync:activo, CEOListener:activo, ThreadMonitor:activo
[15:24:23] [DEBUG] [HILO] Registry sync ejecutado
[15:24:23] [DEBUG] [MONITOR] Hilos activos: RegistrySync:activo, CEOListener:activo, ThreadMonitor:activo
[15:24:36] [DEBUG] [HILO] Registry sync ejecutado
[15:24:36] [DEBUG] [MONITOR] Hilos activos: RegistrySync:activo, CEOListener:activo, ThreadMonitor:activo
[15:24:38] [DEBUG] [MONITOR] Hilos activos: RegistrySync:activo, CEOListener:activo, ThreadMonitor:activo
[15:24:51] [DEBUG] [MONITOR] Hilos activos: RegistrySync:activo, CEOListener:activo, ThreadMonitor:activo
[15:24:53] [DEBUG] [HILO] Registry sync ejecutado
[15:24:53] [DEBUG] [MONITOR] Hilos activos: RegistrySync:activo, CEOListener:activo, ThreadMonitor:activo
[15:25:06] [DEBUG] [HILO] Registry sync ejecutado
[15:25:06] [DEBUG] [MONITOR] Hilos activos: RegistrySync:activo, CEOListener:activo, ThreadMonitor:activo
[15:25:08] [DEBUG] [MONITOR] Hilos activos: RegistrySync:activo, CEOListener:activo, ThreadMonitor:activo
[15:25:21] [DEBUG] [MONITOR] Hilos activos: RegistrySync:activo, CEOListener:activo, ThreadMonitor:activo
[15:25:23] [DEBUG] [HILO] Registry sync ejecutado
[15:25:23] [DEBUG] [MONITOR] Hilos activos: RegistrySync:activo, CEOListener:activo, ThreadMonitor:activo
[15:25:36] [DEBUG] [HILO] Registry sync ejecutado
[15:25:36] [DEBUG] [MONITOR] Hilos activos: RegistrySync:activo, CEOListener:activo, ThreadMonitor:activo
[15:25:38] [DEBUG] [MONITOR] Hilos activos: RegistrySync:activo, CEOListener:activo, ThreadMonitor:activo
[15:25:51] [DEBUG] [MONITOR] Hilos activos: RegistrySync:activo, CEOListener:activo, ThreadMonitor:activo
[15:25:53] [DEBUG] [HILO] Registry sync ejecutado
[15:25:53] [DEBUG] [MONITOR] Hilos activos: RegistrySync:activo, CEOListener:activo, ThreadMonitor:activo
[15:26:06] [DEBUG] [HILO] Registry sync ejecutado
[15:26:06] [DEBUG] [MONITOR] Hilos activos: RegistrySync:activo, CEOListener:activo, ThreadMonitor:activo
[15:26:08] [DEBUG] [MONITOR] Hilos activos: RegistrySync:activo, CEOListener:activo, ThreadMonitor:activo
[15:26:21] [DEBUG] [MONITOR] Hilos activos: RegistrySync:activo, CEOListener:activo, ThreadMonitor:activo
[15:26:23] [DEBUG] [HILO] Registry sync ejecutado
[15:26:23] [DEBUG] [MONITOR] Hilos activos: RegistrySync:activo, CEOListener:activo, ThreadMonitor:activo
[15:26:36] [DEBUG] [HILO] Registry sync ejecutado
[15:26:36] [DEBUG] [MONITOR] Hilos activos: RegistrySync:activo, CEOListener:activo, ThreadMonitor:activo
[15:26:38] [DEBUG] [MONITOR] Hilos activos: RegistrySync:activo, CEOListener:activo, ThreadMonitor:activo
[15:26:51] [DEBUG] [MONITOR] Hilos activos: RegistrySync:activo, CEOListener:activo, ThreadMonitor:activo
[15:26:53] [DEBUG] [HILO] Registry sync ejecutado
[15:26:53] [DEBUG] [MONITOR] Hilos activos: RegistrySync:activo, CEOListener:activo, ThreadMonitor:activo
[15:27:06] [DEBUG] [HILO] Registry sync ejecutado
[15:27:06] [DEBUG] [MONITOR] Hilos activos: RegistrySync:activo, CEOListener:activo, ThreadMonitor:activo
[15:27:08] [DEBUG] [MONITOR] Hilos activos: RegistrySync:activo, CEOListener:activo, ThreadMonitor:activo
[15:27:21] [DEBUG] [MONITOR] Hilos activos: RegistrySync:activo, CEOListener:activo, ThreadMonitor:activo
[15:27:23] [DEBUG] [HILO] Registry sync ejecutado
[15:27:23] [DEBUG] [MONITOR] Hilos activos: RegistrySync:activo, CEOListener:activo, ThreadMonitor:activo
[15:27:36] [DEBUG] [HILO] Registry sync ejecutado
[15:27:36] [DEBUG] [MONITOR] Hilos activos: RegistrySync:activo, CEOListener:activo, ThreadMonitor:activo
[15:27:38] [DEBUG] [MONITOR] Hilos activos: RegistrySync:activo, CEOListener:activo, ThreadMonitor:activo
[15:27:51] [DEBUG] [MONITOR] Hilos activos: RegistrySync:activo, CEOListener:activo, ThreadMonitor:activo
[15:27:53] [DEBUG] [HILO] Registry sync ejecutado
[15:27:53] [DEBUG] [MONITOR] Hilos activos: RegistrySync:activo, CEOListener:activo, ThreadMonitor:activo
[15:28:06] [DEBUG] [HILO] Registry sync ejecutado
[15:28:06] [DEBUG] [MONITOR] Hilos activos: RegistrySync:activo, CEOListener:activo, ThreadMonitor:activo
[15:28:08] [DEBUG] [MONITOR] Hilos activos: RegistrySync:activo, CEOListener:activo, ThreadMonitor:activo
[15:28:21] [DEBUG] [MONITOR] Hilos activos: RegistrySync:activo, CEOListener:activo, ThreadMonitor:activo
[15:28:23] [DEBUG] [HILO] Registry sync ejecutado
[15:28:23] [DEBUG] [MONITOR] Hilos activos: RegistrySync:activo, CEOListener:activo, ThreadMonitor:activo
[15:28:36] [DEBUG] [HILO] Registry sync ejecutado
[15:28:36] [DEBUG] [MONITOR] Hilos activos: RegistrySync:activo, CEOListener:activo, ThreadMonitor:activo
[15:28:38] [DEBUG] [MONITOR] Hilos activos: RegistrySync:activo, CEOListener:activo, ThreadMonitor:activo
[15:28:51] [DEBUG] [MONITOR] Hilos activos: RegistrySync:activo, CEOListener:activo, ThreadMonitor:activo
[15:28:53] [DEBUG] [HILO] Registry sync ejecutado
[15:28:53] [DEBUG] [MONITOR] Hilos activos: RegistrySync:activo, CEOListener:activo, ThreadMonitor:activo
[15:29:06] [DEBUG] [HILO] Registry sync ejecutado
[15:29:06] [DEBUG] [MONITOR] Hilos activos: RegistrySync:activo, CEOListener:activo, ThreadMonitor:activo
[15:29:08] [DEBUG] [MONITOR] Hilos activos: RegistrySync:activo, CEOListener:activo, ThreadMonitor:activo
[15:29:21] [DEBUG] [MONITOR] Hilos activos: RegistrySync:activo, CEOListener:activo, ThreadMonitor:activo
[15:29:23] [DEBUG] [HILO] Registry sync ejecutado
[15:29:23] [DEBUG] [MONITOR] Hilos activos: RegistrySync:activo, CEOListener:activo, ThreadMonitor:activo
[15:29:36] [DEBUG] [HILO] Registry sync ejecutado
[15:29:36] [DEBUG] [MONITOR] Hilos activos: RegistrySync:activo, CEOListener:activo, ThreadMonitor:activo
[15:29:38] [DEBUG] [MONITOR] Hilos activos: RegistrySync:activo, CEOListener:activo, ThreadMonitor:activo
[15:29:51] [DEBUG] [MONITOR] Hilos activos: RegistrySync:activo, CEOListener:activo, ThreadMonitor:activo
[15:29:53] [DEBUG] [HILO] Registry sync ejecutado
[15:29:53] [DEBUG] [MONITOR] Hilos activos: RegistrySync:activo, CEOListener:activo, ThreadMonitor:activo
[15:30:06] [DEBUG] [HILO] Registry sync ejecutado
[15:30:06] [DEBUG] [MONITOR] Hilos activos: RegistrySync:activo, CEOListener:activo, ThreadMonitor:activo
[15:30:08] [DEBUG] [MONITOR] Hilos activos: RegistrySync:activo, CEOListener:activo, ThreadMonitor:activo
[15:30:21] [DEBUG] [MONITOR] Hilos activos: RegistrySync:activo, CEOListener:activo, ThreadMonitor:activo
[15:30:23] [DEBUG] [HILO] Registry sync ejecutado
[15:30:23] [DEBUG] [MONITOR] Hilos activos: RegistrySync:activo, CEOListener:activo, ThreadMonitor:activo
[15:30:36] [DEBUG] [HILO] Registry sync ejecutado
[15:30:36] [DEBUG] [MONITOR] Hilos activos: RegistrySync:activo, CEOListener:activo, ThreadMonitor:activo
[15:30:38] [DEBUG] [MONITOR] Hilos activos: RegistrySync:activo, CEOListener:activo, ThreadMonitor:activo
[15:30:51] [DEBUG] [MONITOR] Hilos activos: RegistrySync:activo, CEOListener:activo, ThreadMonitor:activo
[15:30:53] [DEBUG] [HILO] Registry sync ejecutado
[15:30:53] [DEBUG] [MONITOR] Hilos activos: RegistrySync:activo, CEOListener:activo, ThreadMonitor:activo
[15:31:06] [DEBUG] [HILO] Registry sync ejecutado
[15:31:06] [DEBUG] [MONITOR] Hilos activos: RegistrySync:activo, CEOListener:activo, ThreadMonitor:activo
[15:31:08] [DEBUG] [MONITOR] Hilos activos: RegistrySync:activo, CEOListener:activo, ThreadMonitor:activo
[15:31:21] [DEBUG] [MONITOR] Hilos activos: RegistrySync:activo, CEOListener:activo, ThreadMonitor:activo
[15:31:23] [DEBUG] [HILO] Registry sync ejecutado
[15:31:23] [DEBUG] [MONITOR] Hilos activos: RegistrySync:activo, CEOListener:activo, ThreadMonitor:activo
[15:31:36] [DEBUG] [HILO] Registry sync ejecutado
[15:31:36] [DEBUG] [MONITOR] Hilos activos: RegistrySync:activo, CEOListener:activo, ThreadMonitor:activo
[15:31:38] [DEBUG] [MONITOR] Hilos activos: RegistrySync:activo, CEOListener:activo, ThreadMonitor:activo
[15:31:51] [DEBUG] [MONITOR] Hilos activos: RegistrySync:activo, CEOListener:activo, ThreadMonitor:activo
[15:31:53] [DEBUG] [HILO] Registry sync ejecutado
[15:31:53] [DEBUG] [MONITOR] Hilos activos: RegistrySync:activo, CEOListener:activo, ThreadMonitor:activo
[15:32:06] [DEBUG] [HILO] Registry sync ejecutado
[15:32:06] [DEBUG] [MONITOR] Hilos activos: RegistrySync:activo, CEOListener:activo, ThreadMonitor:activo
[15:32:08] [DEBUG] [MONITOR] Hilos activos: RegistrySync:activo, CEOListener:activo, ThreadMonitor:activo
[15:32:21] [DEBUG] [MONITOR] Hilos activos: RegistrySync:activo, CEOListener:activo, ThreadMonitor:activo
[15:32:23] [DEBUG] [HILO] Registry sync ejecutado
[15:32:23] [DEBUG] [MONITOR] Hilos activos: RegistrySync:activo, CEOListener:activo, ThreadMonitor:activo
[15:32:36] [DEBUG] [HILO] Registry sync ejecutado
[15:32:36] [DEBUG] [MONITOR] Hilos activos: RegistrySync:activo, CEOListener:activo, ThreadMonitor:activo
[15:32:38] [DEBUG] [MONITOR] Hilos activos: RegistrySync:activo, CEOListener:activo, ThreadMonitor:activo
[15:32:51] [DEBUG] [MONITOR] Hilos activos: RegistrySync:activo, CEOListener:activo, ThreadMonitor:activo
[15:32:53] [DEBUG] [HILO] Registry sync ejecutado
[15:32:53] [DEBUG] [MONITOR] Hilos activos: RegistrySync:activo, CEOListener:activo, ThreadMonitor:activo
[15:33:06] [DEBUG] [HILO] Registry sync ejecutado
[15:33:06] [DEBUG] [MONITOR] Hilos activos: RegistrySync:activo, CEOListener:activo, ThreadMonitor:activo
[15:33:08] [DEBUG] [MONITOR] Hilos activos: RegistrySync:activo, CEOListener:activo, ThreadMonitor:activo
[15:33:21] [DEBUG] [MONITOR] Hilos activos: RegistrySync:activo, CEOListener:activo, ThreadMonitor:activo
[15:33:23] [DEBUG] [HILO] Registry sync ejecutado
[15:33:23] [DEBUG] [MONITOR] Hilos activos: RegistrySync:activo, CEOListener:activo, ThreadMonitor:activo
[15:33:36] [DEBUG] [HILO] Registry sync ejecutado
[15:33:36] [DEBUG] [MONITOR] Hilos activos: RegistrySync:activo, CEOListener:activo, ThreadMonitor:activo
[15:33:38] [DEBUG] [MONITOR] Hilos activos: RegistrySync:activo, CEOListener:activo, ThreadMonitor:activo
[15:33:51] [DEBUG] [MONITOR] Hilos activos: RegistrySync:activo, CEOListener:activo, ThreadMonitor:activo
[15:33:53] [DEBUG] [HILO] Registry sync ejecutado
[15:33:53] [DEBUG] [MONITOR] Hilos activos: RegistrySync:activo, CEOListener:activo, ThreadMonitor:activo
[15:34:06] [DEBUG] [HILO] Registry sync ejecutado
[15:34:06] [DEBUG] [MONITOR] Hilos activos: RegistrySync:activo, CEOListener:activo, ThreadMonitor:activo
[15:34:08] [DEBUG] [MONITOR] Hilos activos: RegistrySync:activo, CEOListener:activo, ThreadMonitor:activo
[15:34:21] [DEBUG] [MONITOR] Hilos activos: RegistrySync:activo, CEOListener:activo, ThreadMonitor:activo
[15:34:23] [DEBUG] [HILO] Registry sync ejecutado
[15:34:23] [DEBUG] [MONITOR] Hilos activos: RegistrySync:activo, CEOListener:activo, ThreadMonitor:activo
[15:34:36] [DEBUG] [HILO] Registry sync ejecutado
[15:34:36] [DEBUG] [MONITOR] Hilos activos: RegistrySync:activo, CEOListener:activo, ThreadMonitor:activo
[15:34:38] [DEBUG] [MONITOR] Hilos activos: RegistrySync:activo, CEOListener:activo, ThreadMonitor:activo
[15:34:51] [DEBUG] [MONITOR] Hilos activos: RegistrySync:activo, CEOListener:activo, ThreadMonitor:activo
[15:34:53] [DEBUG] [HILO] Registry sync ejecutado
[15:34:53] [DEBUG] [MONITOR] Hilos activos: RegistrySync:activo, CEOListener:activo, ThreadMonitor:activo
[15:35:06] [DEBUG] [HILO] Registry sync ejecutado
[15:35:06] [DEBUG] [MONITOR] Hilos activos: RegistrySync:activo, CEOListener:activo, ThreadMonitor:activo
[15:35:08] [DEBUG] [MONITOR] Hilos activos: RegistrySync:activo, CEOListener:activo, ThreadMonitor:activo
[15:35:21] [DEBUG] [MONITOR] Hilos activos: RegistrySync:activo, CEOListener:activo, ThreadMonitor:activo
[15:35:23] [DEBUG] [HILO] Registry sync ejecutado
[15:35:23] [DEBUG] [MONITOR] Hilos activos: RegistrySync:activo, CEOListener:activo, ThreadMonitor:activo
[15:35:36] [DEBUG] [HILO] Registry sync ejecutado
[15:35:36] [DEBUG] [MONITOR] Hilos activos: RegistrySync:activo, CEOListener:activo, ThreadMonitor:activo
[15:35:38] [DEBUG] [MONITOR] Hilos activos: RegistrySync:activo, CEOListener:activo, ThreadMonitor:activo
[15:35:51] [DEBUG] [MONITOR] Hilos activos: RegistrySync:activo, CEOListener:activo, ThreadMonitor:activo
[15:35:53] [DEBUG] [HILO] Registry sync ejecutado
[15:35:53] [DEBUG] [MONITOR] Hilos activos: RegistrySync:activo, CEOListener:activo, ThreadMonitor:activo
[15:36:06] [DEBUG] [HILO] Registry sync ejecutado
[15:36:06] [DEBUG] [MONITOR] Hilos activos: RegistrySync:activo, CEOListener:activo, ThreadMonitor:activo
[15:36:08] [DEBUG] [MONITOR] Hilos activos: RegistrySync:activo, CEOListener:activo, ThreadMonitor:activo
[15:36:21] [DEBUG] [MONITOR] Hilos activos: RegistrySync:activo, CEOListener:activo, ThreadMonitor:activo
[15:36:23] [DEBUG] [HILO] Registry sync ejecutado
[15:36:23] [DEBUG] [MONITOR] Hilos activos: RegistrySync:activo, CEOListener:activo, ThreadMonitor:activo
[15:36:36] [DEBUG] [HILO] Registry sync ejecutado
[15:36:36] [DEBUG] [MONITOR] Hilos activos: RegistrySync:activo, CEOListener:activo, ThreadMonitor:activo
[15:36:39] [DEBUG] [MONITOR] Hilos activos: RegistrySync:activo, CEOListener:activo, ThreadMonitor:activo
[15:36:51] [DEBUG] [MONITOR] Hilos activos: RegistrySync:activo, CEOListener:activo, ThreadMonitor:activo
[15:36:53] [DEBUG] [HILO] Registry sync ejecutado
[15:36:54] [DEBUG] [MONITOR] Hilos activos: RegistrySync:activo, CEOListener:activo, ThreadMonitor:activo
[15:37:06] [DEBUG] [HILO] Registry sync ejecutado
[15:37:06] [DEBUG] [MONITOR] Hilos activos: RegistrySync:activo, CEOListener:activo, ThreadMonitor:activo
[15:37:09] [DEBUG] [MONITOR] Hilos activos: RegistrySync:activo, CEOListener:activo, ThreadMonitor:activo
[15:37:21] [DEBUG] [MONITOR] Hilos activos: RegistrySync:activo, CEOListener:activo, ThreadMonitor:activo
[15:37:23] [DEBUG] [HILO] Registry sync ejecutado
[15:37:24] [DEBUG] [MONITOR] Hilos activos: RegistrySync:activo, CEOListener:activo, ThreadMonitor:activo
[15:37:36] [DEBUG] [HILO] Registry sync ejecutado
[15:37:36] [DEBUG] [MONITOR] Hilos activos: RegistrySync:activo, CEOListener:activo, ThreadMonitor:activo
[15:37:39] [DEBUG] [MONITOR] Hilos activos: RegistrySync:activo, CEOListener:activo, ThreadMonitor:activo
[15:37:51] [DEBUG] [MONITOR] Hilos activos: RegistrySync:activo, CEOListener:activo, ThreadMonitor:activo
[15:37:53] [DEBUG] [HILO] Registry sync ejecutado
[15:37:54] [DEBUG] [MONITOR] Hilos activos: RegistrySync:activo, CEOListener:activo, ThreadMonitor:activo
[15:38:06] [DEBUG] [HILO] Registry sync ejecutado
[15:38:06] [DEBUG] [MONITOR] Hilos activos: RegistrySync:activo, CEOListener:activo, ThreadMonitor:activo
[15:38:09] [DEBUG] [MONITOR] Hilos activos: RegistrySync:activo, CEOListener:activo, ThreadMonitor:activo
[15:38:21] [DEBUG] [MONITOR] Hilos activos: RegistrySync:activo, CEOListener:activo, ThreadMonitor:activo
[15:38:23] [DEBUG] [HILO] Registry sync ejecutado
[15:38:24] [DEBUG] [MONITOR] Hilos activos: RegistrySync:activo, CEOListener:activo, ThreadMonitor:activo
[15:38:36] [DEBUG] [HILO] Registry sync ejecutado
[15:38:36] [DEBUG] [MONITOR] Hilos activos: RegistrySync:activo, CEOListener:activo, ThreadMonitor:activo
[15:38:39] [DEBUG] [MONITOR] Hilos activos: RegistrySync:activo, CEOListener:activo, ThreadMonitor:activo
[15:38:51] [DEBUG] [MONITOR] Hilos activos: RegistrySync:activo, CEOListener:activo, ThreadMonitor:activo
[15:38:53] [DEBUG] [HILO] Registry sync ejecutado
[15:38:54] [DEBUG] [MONITOR] Hilos activos: RegistrySync:activo, CEOListener:activo, ThreadMonitor:activo
[15:39:06] [DEBUG] [HILO] Registry sync ejecutado
[15:39:06] [DEBUG] [MONITOR] Hilos activos: RegistrySync:activo, CEOListener:activo, ThreadMonitor:activo
[15:39:09] [DEBUG] [MONITOR] Hilos activos: RegistrySync:activo, CEOListener:activo, ThreadMonitor:activo
[15:39:21] [DEBUG] [MONITOR] Hilos activos: RegistrySync:activo, CEOListener:activo, ThreadMonitor:activo
[15:39:23] [DEBUG] [HILO] Registry sync ejecutado
[15:39:24] [DEBUG] [MONITOR] Hilos activos: RegistrySync:activo, CEOListener:activo, ThreadMonitor:activo
[15:39:36] [DEBUG] [HILO] Registry sync ejecutado
[15:39:36] [DEBUG] [MONITOR] Hilos activos: RegistrySync:activo, CEOListener:activo, ThreadMonitor:activo
[15:39:39] [DEBUG] [MONITOR] Hilos activos: RegistrySync:activo, CEOListener:activo, ThreadMonitor:activo
[15:39:51] [DEBUG] [MONITOR] Hilos activos: RegistrySync:activo, CEOListener:activo, ThreadMonitor:activo
[15:39:53] [DEBUG] [HILO] Registry sync ejecutado
[15:39:54] [DEBUG] [MONITOR] Hilos activos: RegistrySync:activo, CEOListener:activo, ThreadMonitor:activo
[15:40:06] [DEBUG] [HILO] Registry sync ejecutado
[15:40:06] [DEBUG] [MONITOR] Hilos activos: RegistrySync:activo, CEOListener:activo, ThreadMonitor:activo
[15:40:09] [DEBUG] [MONITOR] Hilos activos: RegistrySync:activo, CEOListener:activo, ThreadMonitor:activo
[15:40:21] [DEBUG] [MONITOR] Hilos activos: RegistrySync:activo, CEOListener:activo, ThreadMonitor:activo
[15:40:23] [DEBUG] [HILO] Registry sync ejecutado
[15:40:24] [DEBUG] [MONITOR] Hilos activos: RegistrySync:activo, CEOListener:activo, ThreadMonitor:activo
[15:40:36] [DEBUG] [HILO] Registry sync ejecutado
[15:40:36] [DEBUG] [MONITOR] Hilos activos: RegistrySync:activo, CEOListener:activo, ThreadMonitor:activo
[15:40:39] [DEBUG] [MONITOR] Hilos activos: RegistrySync:activo, CEOListener:activo, ThreadMonitor:activo
[15:40:51] [DEBUG] [MONITOR] Hilos activos: RegistrySync:activo, CEOListener:activo, ThreadMonitor:activo
[15:40:53] [DEBUG] [HILO] Registry sync ejecutado
[15:40:54] [DEBUG] [MONITOR] Hilos activos: RegistrySync:activo, CEOListener:activo, ThreadMonitor:activo
[15:41:06] [DEBUG] [HILO] Registry sync ejecutado
[15:41:06] [DEBUG] [MONITOR] Hilos activos: RegistrySync:activo, CEOListener:activo, ThreadMonitor:activo
[15:41:09] [DEBUG] [MONITOR] Hilos activos: RegistrySync:activo, CEOListener:activo, ThreadMonitor:activo
[15:41:21] [DEBUG] [MONITOR] Hilos activos: RegistrySync:activo, CEOListener:activo, ThreadMonitor:activo
[15:41:23] [DEBUG] [HILO] Registry sync ejecutado
[15:41:24] [DEBUG] [MONITOR] Hilos activos: RegistrySync:activo, CEOListener:activo, ThreadMonitor:activo
[15:41:36] [DEBUG] [HILO] Registry sync ejecutado
[15:41:36] [DEBUG] [MONITOR] Hilos activos: RegistrySync:activo, CEOListener:activo, ThreadMonitor:activo
[15:41:39] [DEBUG] [MONITOR] Hilos activos: RegistrySync:activo, CEOListener:activo, ThreadMonitor:activo
[15:41:51] [DEBUG] [MONITOR] Hilos activos: RegistrySync:activo, CEOListener:activo, ThreadMonitor:activo
[15:41:53] [DEBUG] [HILO] Registry sync ejecutado
[15:41:54] [DEBUG] [MONITOR] Hilos activos: RegistrySync:activo, CEOListener:activo, ThreadMonitor:activo
[15:42:06] [DEBUG] [HILO] Registry sync ejecutado
[15:42:06] [DEBUG] [MONITOR] Hilos activos: RegistrySync:activo, CEOListener:activo, ThreadMonitor:activo
[15:42:09] [DEBUG] [MONITOR] Hilos activos: RegistrySync:activo, CEOListener:activo, ThreadMonitor:activo
[15:42:21] [DEBUG] [MONITOR] Hilos activos: RegistrySync:activo, CEOListener:activo, ThreadMonitor:activo
[15:42:23] [DEBUG] [HILO] Registry sync ejecutado
[15:42:24] [DEBUG] [MONITOR] Hilos activos: RegistrySync:activo, CEOListener:activo, ThreadMonitor:activo
[15:42:36] [DEBUG] [HILO] Registry sync ejecutado
[15:42:36] [DEBUG] [MONITOR] Hilos activos: RegistrySync:activo, CEOListener:activo, ThreadMonitor:activo
[15:42:39] [DEBUG] [MONITOR] Hilos activos: RegistrySync:activo, CEOListener:activo, ThreadMonitor:activo
[15:42:51] [DEBUG] [MONITOR] Hilos activos: RegistrySync:activo, CEOListener:activo, ThreadMonitor:activo
[15:42:53] [DEBUG] [HILO] Registry sync ejecutado
[15:42:54] [DEBUG] [MONITOR] Hilos activos: RegistrySync:activo, CEOListener:activo, ThreadMonitor:activo
[15:43:06] [DEBUG] [HILO] Registry sync ejecutado
[15:43:06] [DEBUG] [MONITOR] Hilos activos: RegistrySync:activo, CEOListener:activo, ThreadMonitor:activo
[15:43:09] [DEBUG] [MONITOR] Hilos activos: RegistrySync:activo, CEOListener:activo, ThreadMonitor:activo
[15:43:21] [DEBUG] [MONITOR] Hilos activos: RegistrySync:activo, CEOListener:activo, ThreadMonitor:activo
[15:43:23] [DEBUG] [HILO] Registry sync ejecutado
[15:43:24] [DEBUG] [MONITOR] Hilos activos: RegistrySync:activo, CEOListener:activo, ThreadMonitor:activo
[15:43:36] [DEBUG] [HILO] Registry sync ejecutado
[15:43:36] [DEBUG] [MONITOR] Hilos activos: RegistrySync:activo, CEOListener:activo, ThreadMonitor:activo
[15:43:39] [DEBUG] [MONITOR] Hilos activos: RegistrySync:activo, CEOListener:activo, ThreadMonitor:activo
[15:43:51] [DEBUG] [MONITOR] Hilos activos: RegistrySync:activo, CEOListener:activo, ThreadMonitor:activo
[15:43:53] [DEBUG] [HILO] Registry sync ejecutado
[15:43:54] [DEBUG] [MONITOR] Hilos activos: RegistrySync:activo, CEOListener:activo, ThreadMonitor:activo
[15:44:06] [DEBUG] [HILO] Registry sync ejecutado
[15:44:06] [DEBUG] [MONITOR] Hilos activos: RegistrySync:activo, CEOListener:activo, ThreadMonitor:activo
[15:44:09] [DEBUG] [MONITOR] Hilos activos: RegistrySync:activo, CEOListener:activo, ThreadMonitor:activo
[15:44:21] [DEBUG] [MONITOR] Hilos activos: RegistrySync:activo, CEOListener:activo, ThreadMonitor:activo
[15:44:23] [DEBUG] [HILO] Registry sync ejecutado
[15:44:24] [DEBUG] [MONITOR] Hilos activos: RegistrySync:activo, CEOListener:activo, ThreadMonitor:activo
[15:44:36] [DEBUG] [HILO] Registry sync ejecutado
[15:44:36] [DEBUG] [MONITOR] Hilos activos: RegistrySync:activo, CEOListener:activo, ThreadMonitor:activo
[15:44:39] [DEBUG] [MONITOR] Hilos activos: RegistrySync:activo, CEOListener:activo, ThreadMonitor:activo
[15:44:51] [DEBUG] [MONITOR] Hilos activos: RegistrySync:activo, CEOListener:activo, ThreadMonitor:activo
[15:44:53] [DEBUG] [HILO] Registry sync ejecutado
[15:44:54] [DEBUG] [MONITOR] Hilos activos: RegistrySync:activo, CEOListener:activo, ThreadMonitor:activo
[15:45:06] [DEBUG] [HILO] Registry sync ejecutado
[15:45:06] [DEBUG] [MONITOR] Hilos activos: RegistrySync:activo, CEOListener:activo, ThreadMonitor:activo
[15:45:09] [DEBUG] [MONITOR] Hilos activos: RegistrySync:activo, CEOListener:activo, ThreadMonitor:activo
[15:45:21] [DEBUG] [MONITOR] Hilos activos: RegistrySync:activo, CEOListener:activo, ThreadMonitor:activo
[15:45:23] [DEBUG] [HILO] Registry sync ejecutado
[15:45:24] [DEBUG] [MONITOR] Hilos activos: RegistrySync:activo, CEOListener:activo, ThreadMonitor:activo
[15:45:36] [DEBUG] [HILO] Registry sync ejecutado
[15:45:36] [DEBUG] [MONITOR] Hilos activos: RegistrySync:activo, CEOListener:activo, ThreadMonitor:activo
[15:45:39] [DEBUG] [MONITOR] Hilos activos: RegistrySync:activo, CEOListener:activo, ThreadMonitor:activo
[15:45:51] [DEBUG] [MONITOR] Hilos activos: RegistrySync:activo, CEOListener:activo, ThreadMonitor:activo
[15:45:53] [DEBUG] [HILO] Registry sync ejecutado
[15:45:54] [DEBUG] [MONITOR] Hilos activos: RegistrySync:activo, CEOListener:activo, ThreadMonitor:activo
[15:46:06] [DEBUG] [HILO] Registry sync ejecutado
[15:46:06] [DEBUG] [MONITOR] Hilos activos: RegistrySync:activo, CEOListener:activo, ThreadMonitor:activo
[15:46:09] [DEBUG] [MONITOR] Hilos activos: RegistrySync:activo, CEOListener:activo, ThreadMonitor:activo
[15:46:21] [DEBUG] [MONITOR] Hilos activos: RegistrySync:activo, CEOListener:activo, ThreadMonitor:activo
[15:46:23] [DEBUG] [HILO] Registry sync ejecutado
[15:46:24] [DEBUG] [MONITOR] Hilos activos: RegistrySync:activo, CEOListener:activo, ThreadMonitor:activo
[15:46:36] [DEBUG] [HILO] Registry sync ejecutado
[15:46:36] [DEBUG] [MONITOR] Hilos activos: RegistrySync:activo, CEOListener:activo, ThreadMonitor:activo
[15:46:39] [DEBUG] [MONITOR] Hilos activos: RegistrySync:activo, CEOListener:activo, ThreadMonitor:activo
[15:46:51] [DEBUG] [MONITOR] Hilos activos: RegistrySync:activo, CEOListener:activo, ThreadMonitor:activo
[15:46:53] [DEBUG] [HILO] Registry sync ejecutado
[15:46:54] [DEBUG] [MONITOR] Hilos activos: RegistrySync:activo, CEOListener:activo, ThreadMonitor:activo
[15:47:06] [DEBUG] [HILO] Registry sync ejecutado
[15:47:06] [DEBUG] [MONITOR] Hilos activos: RegistrySync:activo, CEOListener:activo, ThreadMonitor:activo
[15:47:09] [DEBUG] [MONITOR] Hilos activos: RegistrySync:activo, CEOListener:activo, ThreadMonitor:activo
[15:47:21] [DEBUG] [MONITOR] Hilos activos: RegistrySync:activo, CEOListener:activo, ThreadMonitor:activo
[15:47:23] [DEBUG] [HILO] Registry sync ejecutado
[15:47:24] [DEBUG] [MONITOR] Hilos activos: RegistrySync:activo, CEOListener:activo, ThreadMonitor:activo
[15:47:36] [DEBUG] [HILO] Registry sync ejecutado
[15:47:36] [DEBUG] [MONITOR] Hilos activos: RegistrySync:activo, CEOListener:activo, ThreadMonitor:activo
[15:47:39] [DEBUG] [MONITOR] Hilos activos: RegistrySync:activo, CEOListener:activo, ThreadMonitor:activo
[15:47:51] [DEBUG] [MONITOR] Hilos activos: RegistrySync:activo, CEOListener:activo, ThreadMonitor:activo
[15:47:53] [DEBUG] [HILO] Registry sync ejecutado
[15:47:54] [DEBUG] [MONITOR] Hilos activos: RegistrySync:activo, CEOListener:activo, ThreadMonitor:activo
[15:48:06] [DEBUG] [HILO] Registry sync ejecutado
[15:48:06] [DEBUG] [MONITOR] Hilos activos: RegistrySync:activo, CEOListener:activo, ThreadMonitor:activo
[15:48:09] [DEBUG] [MONITOR] Hilos activos: RegistrySync:activo, CEOListener:activo, ThreadMonitor:activo
[15:48:21] [DEBUG] [MONITOR] Hilos activos: RegistrySync:activo, CEOListener:activo, ThreadMonitor:activo
[15:48:23] [DEBUG] [HILO] Registry sync ejecutado
[15:48:24] [DEBUG] [MONITOR] Hilos activos: RegistrySync:activo, CEOListener:activo, ThreadMonitor:activo
[15:48:36] [DEBUG] [HILO] Registry sync ejecutado
[15:48:36] [DEBUG] [MONITOR] Hilos activos: RegistrySync:activo, CEOListener:activo, ThreadMonitor:activo
[15:48:39] [DEBUG] [MONITOR] Hilos activos: RegistrySync:activo, CEOListener:activo, ThreadMonitor:activo
[15:48:51] [DEBUG] [MONITOR] Hilos activos: RegistrySync:activo, CEOListener:activo, ThreadMonitor:activo
[15:48:53] [DEBUG] [HILO] Registry sync ejecutado
[15:48:54] [DEBUG] [MONITOR] Hilos activos: RegistrySync:activo, CEOListener:activo, ThreadMonitor:activo
[15:49:06] [DEBUG] [HILO] Registry sync ejecutado
[15:49:06] [DEBUG] [MONITOR] Hilos activos: RegistrySync:activo, CEOListener:activo, ThreadMonitor:activo
[15:49:09] [DEBUG] [MONITOR] Hilos activos: RegistrySync:activo, CEOListener:activo, ThreadMonitor:activo
[15:49:21] [DEBUG] [MONITOR] Hilos activos: RegistrySync:activo, CEOListener:activo, ThreadMonitor:activo
[15:49:23] [DEBUG] [HILO] Registry sync ejecutado
[15:49:24] [DEBUG] [MONITOR] Hilos activos: RegistrySync:activo, CEOListener:activo, ThreadMonitor:activo
[15:49:36] [DEBUG] [HILO] Registry sync ejecutado
[15:49:36] [DEBUG] [MONITOR] Hilos activos: RegistrySync:activo, CEOListener:activo, ThreadMonitor:activo
[15:49:39] [DEBUG] [MONITOR] Hilos activos: RegistrySync:activo, CEOListener:activo, ThreadMonitor:activo
[15:49:51] [DEBUG] [MONITOR] Hilos activos: RegistrySync:activo, CEOListener:activo, ThreadMonitor:activo
[15:49:53] [DEBUG] [HILO] Registry sync ejecutado
[15:49:54] [DEBUG] [MONITOR] Hilos activos: RegistrySync:activo, CEOListener:activo, ThreadMonitor:activo
[15:50:06] [DEBUG] [HILO] Registry sync ejecutado
[15:50:06] [DEBUG] [MONITOR] Hilos activos: RegistrySync:activo, CEOListener:activo, ThreadMonitor:activo
[15:50:09] [DEBUG] [MONITOR] Hilos activos: RegistrySync:activo, CEOListener:activo, ThreadMonitor:activo
[15:50:21] [DEBUG] [MONITOR] Hilos activos: RegistrySync:activo, CEOListener:activo, ThreadMonitor:activo
[15:50:23] [DEBUG] [HILO] Registry sync ejecutado
[15:50:24] [DEBUG] [MONITOR] Hilos activos: RegistrySync:activo, CEOListener:activo, ThreadMonitor:activo
[15:50:36] [DEBUG] [HILO] Registry sync ejecutado
[15:50:36] [DEBUG] [MONITOR] Hilos activos: RegistrySync:activo, CEOListener:activo, ThreadMonitor:activo
[15:50:39] [DEBUG] [MONITOR] Hilos activos: RegistrySync:activo, CEOListener:activo, ThreadMonitor:activo
[15:50:51] [DEBUG] [MONITOR] Hilos activos: RegistrySync:activo, CEOListener:activo, ThreadMonitor:activo
[15:50:53] [DEBUG] [HILO] Registry sync ejecutado
[15:50:54] [DEBUG] [MONITOR] Hilos activos: RegistrySync:activo, CEOListener:activo, ThreadMonitor:activo
[15:51:06] [DEBUG] [HILO] Registry sync ejecutado
[15:51:06] [DEBUG] [MONITOR] Hilos activos: RegistrySync:activo, CEOListener:activo, ThreadMonitor:activo
[15:51:09] [DEBUG] [MONITOR] Hilos activos: RegistrySync:activo, CEOListener:activo, ThreadMonitor:activo
[15:51:21] [DEBUG] [MONITOR] Hilos activos: RegistrySync:activo, CEOListener:activo, ThreadMonitor:activo
[15:51:23] [DEBUG] [HILO] Registry sync ejecutado
[15:51:24] [DEBUG] [MONITOR] Hilos activos: RegistrySync:activo, CEOListener:activo, ThreadMonitor:activo
[15:51:36] [DEBUG] [HILO] Registry sync ejecutado
[15:51:36] [DEBUG] [MONITOR] Hilos activos: RegistrySync:activo, CEOListener:activo, ThreadMonitor:activo
[15:51:39] [DEBUG] [MONITOR] Hilos activos: RegistrySync:activo, CEOListener:activo, ThreadMonitor:activo
[15:51:51] [DEBUG] [MONITOR] Hilos activos: RegistrySync:activo, CEOListener:activo, ThreadMonitor:activo
[15:51:54] [DEBUG] [HILO] Registry sync ejecutado
[15:51:54] [DEBUG] [MONITOR] Hilos activos: RegistrySync:activo, CEOListener:activo, ThreadMonitor:activo
[15:52:06] [DEBUG] [HILO] Registry sync ejecutado
[15:52:06] [DEBUG] [MONITOR] Hilos activos: RegistrySync:activo, CEOListener:activo, ThreadMonitor:activo
[15:52:09] [DEBUG] [MONITOR] Hilos activos: RegistrySync:activo, CEOListener:activo, ThreadMonitor:activo
[15:52:21] [DEBUG] [MONITOR] Hilos activos: RegistrySync:activo, CEOListener:activo, ThreadMonitor:activo
[15:52:24] [DEBUG] [HILO] Registry sync ejecutado
[15:52:24] [DEBUG] [MONITOR] Hilos activos: RegistrySync:activo, CEOListener:activo, ThreadMonitor:activo
[15:52:36] [DEBUG] [HILO] Registry sync ejecutado
[15:52:36] [DEBUG] [MONITOR] Hilos activos: RegistrySync:activo, CEOListener:activo, ThreadMonitor:activo
[15:52:39] [DEBUG] [MONITOR] Hilos activos: RegistrySync:activo, CEOListener:activo, ThreadMonitor:activo
[15:52:51] [DEBUG] [MONITOR] Hilos activos: RegistrySync:activo, CEOListener:activo, ThreadMonitor:activo
[15:52:54] [DEBUG] [HILO] Registry sync ejecutado
[15:52:54] [DEBUG] [MONITOR] Hilos activos: RegistrySync:activo, CEOListener:activo, ThreadMonitor:activo
[15:53:06] [DEBUG] [HILO] Registry sync ejecutado
[15:53:06] [DEBUG] [MONITOR] Hilos activos: RegistrySync:activo, CEOListener:activo, ThreadMonitor:activo
[15:53:09] [DEBUG] [MONITOR] Hilos activos: RegistrySync:activo, CEOListener:activo, ThreadMonitor:activo
[15:53:21] [DEBUG] [MONITOR] Hilos activos: RegistrySync:activo, CEOListener:activo, ThreadMonitor:activo
[15:53:24] [DEBUG] [HILO] Registry sync ejecutado
[15:53:24] [DEBUG] [MONITOR] Hilos activos: RegistrySync:activo, CEOListener:activo, ThreadMonitor:activo
[15:53:36] [DEBUG] [HILO] Registry sync ejecutado
[15:53:36] [DEBUG] [MONITOR] Hilos activos: RegistrySync:activo, CEOListener:activo, ThreadMonitor:activo
[15:53:39] [DEBUG] [MONITOR] Hilos activos: RegistrySync:activo, CEOListener:activo, ThreadMonitor:activo
[15:53:51] [DEBUG] [MONITOR] Hilos activos: RegistrySync:activo, CEOListener:activo, ThreadMonitor:activo
[15:53:54] [DEBUG] [HILO] Registry sync ejecutado
[15:53:54] [DEBUG] [MONITOR] Hilos activos: RegistrySync:activo, CEOListener:activo, ThreadMonitor:activo
[15:54:06] [DEBUG] [HILO] Registry sync ejecutado
[15:54:06] [DEBUG] [MONITOR] Hilos activos: RegistrySync:activo, CEOListener:activo, ThreadMonitor:activo
[15:54:09] [DEBUG] [MONITOR] Hilos activos: RegistrySync:activo, CEOListener:activo, ThreadMonitor:activo
[15:54:21] [DEBUG] [MONITOR] Hilos activos: RegistrySync:activo, CEOListener:activo, ThreadMonitor:activo
[15:54:24] [DEBUG] [HILO] Registry sync ejecutado
[15:54:24] [DEBUG] [MONITOR] Hilos activos: RegistrySync:activo, CEOListener:activo, ThreadMonitor:activo
[15:54:36] [DEBUG] [HILO] Registry sync ejecutado
[15:54:36] [DEBUG] [MONITOR] Hilos activos: RegistrySync:activo, CEOListener:activo, ThreadMonitor:activo
[15:54:39] [DEBUG] [MONITOR] Hilos activos: RegistrySync:activo, CEOListener:activo, ThreadMonitor:activo
[15:54:51] [DEBUG] [MONITOR] Hilos activos: RegistrySync:activo, CEOListener:activo, ThreadMonitor:activo
[15:54:54] [DEBUG] [HILO] Registry sync ejecutado
[15:54:54] [DEBUG] [MONITOR] Hilos activos: RegistrySync:activo, CEOListener:activo, ThreadMonitor:activo
[15:55:06] [DEBUG] [HILO] Registry sync ejecutado
[15:55:06] [DEBUG] [MONITOR] Hilos activos: RegistrySync:activo, CEOListener:activo, ThreadMonitor:activo
[15:55:09] [DEBUG] [MONITOR] Hilos activos: RegistrySync:activo, CEOListener:activo, ThreadMonitor:activo
[15:55:21] [DEBUG] [MONITOR] Hilos activos: RegistrySync:activo, CEOListener:activo, ThreadMonitor:activo
[15:55:24] [DEBUG] [HILO] Registry sync ejecutado
[15:55:24] [DEBUG] [MONITOR] Hilos activos: RegistrySync:activo, CEOListener:activo, ThreadMonitor:activo
[15:55:35] [DEBUG] [INFO] parte5_daimon_base no disponible
[15:55:35] [INFO] 
========================================
 UBER DEMAND PREDICTOR PRO v4.3 - Demostracion
========================================
[15:55:36] [DEBUG] [HILO] Registry sync ejecutado
[15:55:36] [DEBUG] [MONITOR] Hilos activos: RegistrySync:activo, CEOListener:activo, ThreadMonitor:activo
[15:55:38] [INFO] [OK] Cargados 54000 muestras historicas
[15:55:38] [INFO] [OK] Modelo cargado desde cache
[15:55:38] [INFO] [HILO] Conectado: RegistrySync
[15:55:38] [DEBUG] [HILO] Registry sync ejecutado
[15:55:38] [INFO] [HILO] Conectado: CEOListener
[15:55:38] [INFO] [HILO] Conectado: ThreadMonitor
[15:55:38] [INFO] [HILO] Monitor de threads iniciado
[15:55:38] [INFO] [HILO] Todos los hilos de fondo conectados
[15:55:38] [INFO] 
[INFO] Generando datos historicos sinteticos...
[15:55:38] [DEBUG] [MONITOR] Hilos activos: RegistrySync:activo, CEOListener:activo
[15:55:39] [DEBUG] [MONITOR] Hilos activos: RegistrySync:activo, CEOListener:activo, ThreadMonitor:activo
[15:55:39] [INFO]    Generadas 2000 muestras
[15:55:39] [INFO] 
[INFO] Ingestando datos al sistema...
[15:55:51] [DEBUG] [MONITOR] Hilos activos: RegistrySync:activo, CEOListener:activo, ThreadMonitor:activo
[15:55:52] [INFO] 
[INFO] Entrenando modelos de prediccion...
[15:55:52] [INFO] [INFO] Entrenando ensemble con 2000 muestras...
[15:55:52] [WARN] [WARN] Error sincronizando pesos: 'EnsembleDemandPredictor' object has no attribute 'registry'
[15:55:52] [INFO] [OK] Ensemble entrenado exitosamente (0 modelos)
[15:55:52] [INFO] 
========================================
 PREDICCIONES EN TIEMPO REAL
========================================
[15:55:52] [INFO] 
[SCENARIO] Escenario: Ahora (manana laboral)
[15:55:52] [INFO] 
Zona                         Score   Conf Recomendacion
[15:55:52] [INFO]    ----------------------------------------------------------------------
[15:55:52] [INFO]    Albrook Mall                  7.0    50% [MODERATE] DEMANDA MODERADA-ALTA - Buena
[15:55:52] [INFO]    Arraijan Centro               7.0    50% [MODERATE] DEMANDA MODERADA-ALTA - Buena
[15:55:52] [INFO]    La Chorrera                   7.0    50% [MODERATE] DEMANDA MODERADA-ALTA - Buena
[15:55:52] [INFO]    Costa del Este                7.0    50% [MODERATE] DEMANDA MODERADA-ALTA - Buena
[15:55:52] [INFO] 
[SCENARIO] Escenario: Hora pico tarde
[15:55:52] [INFO] 
Zona                         Score   Conf Recomendacion
[15:55:52] [INFO]    ----------------------------------------------------------------------
[15:55:52] [INFO]    Albrook Mall                  7.0    50% [MODERATE] DEMANDA MODERADA-ALTA - Buena
[15:55:52] [INFO]    Arraijan Centro               7.0    50% [MODERATE] DEMANDA MODERADA-ALTA - Buena
[15:55:52] [INFO]    La Chorrera                   7.0    50% [MODERATE] DEMANDA MODERADA-ALTA - Buena
[15:55:52] [INFO]    Costa del Este                7.0    50% [MODERATE] DEMANDA MODERADA-ALTA - Buena
[15:55:52] [INFO] 
========================================
 ESTADO DEL SISTEMA
========================================
[15:55:52] [INFO]    Muestras almacenadas: 56000
[15:55:52] [INFO]    Modelo entrenado: Si
[15:55:52] [INFO]    Hilos activos: {'RegistrySync': 'activo', 'CEOListener': 'activo', 'ThreadMonitor': 'activo'}
[15:55:54] [DEBUG] [MONITOR] Hilos activos: RegistrySync:activo, CEOListener:activo, ThreadMonitor:activo
[15:55:54] [DEBUG] [HILO] Registry sync ejecutado
[15:55:54] [DEBUG] [MONITOR] Hilos activos: RegistrySync:activo, CEOListener:activo, ThreadMonitor:activo
[15:55:58] [INFO] [OK] Persistidos 56000 muestras
[15:55:58] [INFO] 
========================================
 DECISION ENGINE DEMO
========================================
[15:55:58] [INFO] [OK] Reutilizando predictor existente
[15:55:58] [INFO] 
========================================
 SISTEMA EN EJECUCION - Hilos conectados
========================================
[15:55:58] [INFO] Presiona Ctrl+C para detener
[15:56:06] [DEBUG] [HILO] Registry sync ejecutado
[15:56:06] [DEBUG] [MONITOR] Hilos activos: RegistrySync:activo, CEOListener:activo, ThreadMonitor:activo
[15:56:08] [DEBUG] [HILO] Registry sync ejecutado
[15:56:09] [DEBUG] [MONITOR] Hilos activos: RegistrySync:activo, CEOListener:activo, ThreadMonitor:activo
[15:56:09] [DEBUG] [MONITOR] Hilos activos: RegistrySync:activo, CEOListener:activo, ThreadMonitor:activo
[15:56:21] [DEBUG] [MONITOR] Hilos activos: RegistrySync:activo, CEOListener:activo, ThreadMonitor:activo
[15:56:24] [DEBUG] [MONITOR] Hilos activos: RegistrySync:activo, CEOListener:activo, ThreadMonitor:activo
[15:56:24] [DEBUG] [HILO] Registry sync ejecutado
[15:56:24] [DEBUG] [MONITOR] Hilos activos: RegistrySync:activo, CEOListener:activo, ThreadMonitor:activo
[15:56:25] [INFO] [INFO] Cierre limpio solicitado
[15:56:25] [INFO] [INFO] Cerrando UberDemandPredictor...
[15:56:25] [DEBUG] [HILO] Esperando terminacion de: RegistrySync
[15:56:28] [DEBUG] [HILO] Esperando terminacion de: CEOListener
[15:56:36] [DEBUG] [HILO] Registry sync ejecutado
[15:56:36] [DEBUG] [MONITOR] Hilos activos: RegistrySync:activo, CEOListener:activo, ThreadMonitor:activo
[15:56:39] [DEBUG] [MONITOR] Hilos activos: RegistrySync:activo, CEOListener:activo, ThreadMonitor:activo
[15:56:46] [DEBUG] [INFO] parte5_daimon_base no disponible
[15:56:46] [WARN] [WARN] Error cargando datos: Can't get attribute 'DemandSample' on <module '__main__' from '/data/data/com.termux/files/home/lucifer_prometeo/00_start_all.py'>
[15:56:46] [WARN] [WARN] Error cargando modelo: Can't get attribute 'EnsembleDemandPredictor' on <module '__main__' from '/data/data/com.termux/files/home/lucifer_prometeo/00_start_all.py'>
[15:56:46] [DEBUG] [HILO] Registry sync ejecutado
[15:56:46] [INFO] [HILO] Conectado: RegistrySync
[15:56:46] [INFO] [HILO] Conectado: CEOListener
[15:56:46] [DEBUG] [MONITOR] Hilos activos: RegistrySync:activo, CEOListener:activo
[15:56:46] [INFO] [HILO] Conectado: ThreadMonitor
[15:56:46] [INFO] [HILO] Monitor de threads iniciado
[15:56:46] [INFO] [HILO] Todos los hilos de fondo conectados
[15:56:46] [INFO] [INFO] Entrenando ensemble con 500 muestras...
[15:56:46] [INFO] [OK] Ensemble entrenado exitosamente (0 modelos)
[15:56:46] [INFO] [OK] Predictor inicializado y entrenado con 500 muestras
[15:56:51] [DEBUG] [MONITOR] Hilos activos: RegistrySync:activo, CEOListener:activo, ThreadMonitor:activo
[15:56:54] [DEBUG] [HILO] Registry sync ejecutado
[15:56:54] [DEBUG] [MONITOR] Hilos activos: RegistrySync:activo, CEOListener:activo, ThreadMonitor:activo
[15:56:58] [DEBUG] [INFO] parte5_daimon_base no disponible
[15:57:01] [DEBUG] [MONITOR] Hilos activos: RegistrySync:activo, CEOListener:activo, ThreadMonitor:activo
[15:57:06] [DEBUG] [HILO] Registry sync ejecutado
[15:57:06] [DEBUG] [MONITOR] Hilos activos: RegistrySync:activo, CEOListener:activo, ThreadMonitor:activo
[15:57:09] [DEBUG] [MONITOR] Hilos activos: RegistrySync:activo, CEOListener:activo, ThreadMonitor:activo
[15:57:15] [WARN] Activando fallback sandbox: faltan UBER_CLIENT_ID, UBER_CLIENT_SECRET, UBER_ACCESS_TOKEN o UBER_SERVER_TOKEN
[15:57:15] [CONFIG] UberConfig: modo=SANDBOX_FALLBACK, fallback=True
[15:57:16] [DEBUG] [HILO] Registry sync ejecutado
[15:57:16] [DEBUG] [MONITOR] Hilos activos: RegistrySync:activo, CEOListener:activo, ThreadMonitor:activo
[15:57:21] [DEBUG] [MONITOR] Hilos activos: RegistrySync:activo, CEOListener:activo, ThreadMonitor:activo
[15:57:24] [DEBUG] [HILO] Registry sync ejecutado
[15:57:24] [DEBUG] [MONITOR] Hilos activos: RegistrySync:activo, CEOListener:activo, ThreadMonitor:activo
[15:57:31] [DEBUG] [MONITOR] Hilos activos: RegistrySync:activo, CEOListener:activo, ThreadMonitor:activo
[15:57:36] [DEBUG] [HILO] Registry sync ejecutado
[15:57:36] [DEBUG] [MONITOR] Hilos activos: RegistrySync:activo, CEOListener:activo, ThreadMonitor:activo
[15:57:39] [DEBUG] [MONITOR] Hilos activos: RegistrySync:activo, CEOListener:activo, ThreadMonitor:activo
[15:57:46] [DEBUG] [HILO] Registry sync ejecutado
[15:57:46] [DEBUG] [MONITOR] Hilos activos: RegistrySync:activo, CEOListener:activo, ThreadMonitor:activo
[15:57:51] [DEBUG] [MONITOR] Hilos activos: RegistrySync:activo, CEOListener:activo, ThreadMonitor:activo
[15:57:54] [DEBUG] [HILO] Registry sync ejecutado
[15:57:54] [DEBUG] [MONITOR] Hilos activos: RegistrySync:activo, CEOListener:activo, ThreadMonitor:activo
[15:58:01] [DEBUG] [MONITOR] Hilos activos: RegistrySync:activo, CEOListener:activo, ThreadMonitor:activo
[15:58:06] [DEBUG] [HILO] Registry sync ejecutado
[15:58:06] [DEBUG] [MONITOR] Hilos activos: RegistrySync:activo, CEOListener:activo, ThreadMonitor:activo
[15:58:09] [DEBUG] [MONITOR] Hilos activos: RegistrySync:activo, CEOListener:activo, ThreadMonitor:activo
[15:58:16] [DEBUG] [HILO] Registry sync ejecutado
[15:58:16] [DEBUG] [MONITOR] Hilos activos: RegistrySync:activo, CEOListener:activo, ThreadMonitor:activo
[15:58:21] [DEBUG] [MONITOR] Hilos activos: RegistrySync:activo, CEOListener:activo, ThreadMonitor:activo
[15:58:24] [DEBUG] [HILO] Registry sync ejecutado
[15:58:24] [DEBUG] [MONITOR] Hilos activos: RegistrySync:activo, CEOListener:activo, ThreadMonitor:activo
[15:58:31] [DEBUG] [MONITOR] Hilos activos: RegistrySync:activo, CEOListener:activo, ThreadMonitor:activo
[15:58:36] [DEBUG] [HILO] Registry sync ejecutado
[15:58:36] [DEBUG] [MONITOR] Hilos activos: RegistrySync:activo, CEOListener:activo, ThreadMonitor:activo
[15:58:39] [DEBUG] [MONITOR] Hilos activos: RegistrySync:activo, CEOListener:activo, ThreadMonitor:activo
[15:58:46] [DEBUG] [HILO] Registry sync ejecutado
[15:58:46] [DEBUG] [MONITOR] Hilos activos: RegistrySync:activo, CEOListener:activo, ThreadMonitor:activo
[15:58:51] [DEBUG] [MONITOR] Hilos activos: RegistrySync:activo, CEOListener:activo, ThreadMonitor:activo
[15:58:54] [DEBUG] [HILO] Registry sync ejecutado
[15:58:54] [DEBUG] [MONITOR] Hilos activos: RegistrySync:activo, CEOListener:activo, ThreadMonitor:activo
[15:59:01] [DEBUG] [MONITOR] Hilos activos: RegistrySync:activo, CEOListener:activo, ThreadMonitor:activo
[15:59:06] [DEBUG] [HILO] Registry sync ejecutado
[15:59:06] [DEBUG] [MONITOR] Hilos activos: RegistrySync:activo, CEOListener:activo, ThreadMonitor:activo
[15:59:09] [DEBUG] [MONITOR] Hilos activos: RegistrySync:activo, CEOListener:activo, ThreadMonitor:activo
[15:59:16] [DEBUG] [HILO] Registry sync ejecutado
[15:59:16] [DEBUG] [MONITOR] Hilos activos: RegistrySync:activo, CEOListener:activo, ThreadMonitor:activo
[15:59:21] [DEBUG] [MONITOR] Hilos activos: RegistrySync:activo, CEOListener:activo, ThreadMonitor:activo
[15:59:24] [DEBUG] [HILO] Registry sync ejecutado
[15:59:24] [DEBUG] [MONITOR] Hilos activos: RegistrySync:activo, CEOListener:activo, ThreadMonitor:activo
[15:59:31] [DEBUG] [MONITOR] Hilos activos: RegistrySync:activo, CEOListener:activo, ThreadMonitor:activo
[15:59:36] [DEBUG] [HILO] Registry sync ejecutado
[15:59:36] [DEBUG] [MONITOR] Hilos activos: RegistrySync:activo, CEOListener:activo, ThreadMonitor:activo
[15:59:39] [DEBUG] [MONITOR] Hilos activos: RegistrySync:activo, CEOListener:activo, ThreadMonitor:activo
[15:59:46] [DEBUG] [HILO] Registry sync ejecutado
[15:59:46] [DEBUG] [MONITOR] Hilos activos: RegistrySync:activo, CEOListener:activo, ThreadMonitor:activo
[15:59:51] [DEBUG] [MONITOR] Hilos activos: RegistrySync:activo, CEOListener:activo, ThreadMonitor:activo
[15:59:54] [DEBUG] [HILO] Registry sync ejecutado
[15:59:54] [DEBUG] [MONITOR] Hilos activos: RegistrySync:activo, CEOListener:activo, ThreadMonitor:activo
[16:00:01] [DEBUG] [MONITOR] Hilos activos: RegistrySync:activo, CEOListener:activo, ThreadMonitor:activo
[16:00:06] [DEBUG] [HILO] Registry sync ejecutado
[16:00:06] [DEBUG] [MONITOR] Hilos activos: RegistrySync:activo, CEOListener:activo, ThreadMonitor:activo
[16:00:09] [DEBUG] [MONITOR] Hilos activos: RegistrySync:activo, CEOListener:activo, ThreadMonitor:activo
[16:00:16] [DEBUG] [HILO] Registry sync ejecutado
[16:00:16] [DEBUG] [MONITOR] Hilos activos: RegistrySync:activo, CEOListener:activo, ThreadMonitor:activo
[16:00:21] [DEBUG] [MONITOR] Hilos activos: RegistrySync:activo, CEOListener:activo, ThreadMonitor:activo
[16:00:24] [DEBUG] [HILO] Registry sync ejecutado
[16:00:24] [DEBUG] [MONITOR] Hilos activos: RegistrySync:activo, CEOListener:activo, ThreadMonitor:activo
[16:00:31] [DEBUG] [MONITOR] Hilos activos: RegistrySync:activo, CEOListener:activo, ThreadMonitor:activo
[16:00:36] [DEBUG] [HILO] Registry sync ejecutado
[16:00:36] [DEBUG] [MONITOR] Hilos activos: RegistrySync:activo, CEOListener:activo, ThreadMonitor:activo
[16:00:39] [DEBUG] [MONITOR] Hilos activos: RegistrySync:activo, CEOListener:activo, ThreadMonitor:activo
[16:00:46] [DEBUG] [HILO] Registry sync ejecutado
[16:00:46] [DEBUG] [MONITOR] Hilos activos: RegistrySync:activo, CEOListener:activo, ThreadMonitor:activo
[16:00:51] [DEBUG] [MONITOR] Hilos activos: RegistrySync:activo, CEOListener:activo, ThreadMonitor:activo
[16:00:54] [DEBUG] [HILO] Registry sync ejecutado
[16:00:54] [DEBUG] [MONITOR] Hilos activos: RegistrySync:activo, CEOListener:activo, ThreadMonitor:activo
[16:01:01] [DEBUG] [MONITOR] Hilos activos: RegistrySync:activo, CEOListener:activo, ThreadMonitor:activo
[16:01:06] [DEBUG] [HILO] Registry sync ejecutado
[16:01:06] [DEBUG] [MONITOR] Hilos activos: RegistrySync:activo, CEOListener:activo, ThreadMonitor:activo
[16:01:09] [DEBUG] [MONITOR] Hilos activos: RegistrySync:activo, CEOListener:activo, ThreadMonitor:activo
[16:01:16] [DEBUG] [HILO] Registry sync ejecutado
[16:01:16] [DEBUG] [MONITOR] Hilos activos: RegistrySync:activo, CEOListener:activo, ThreadMonitor:activo
[16:01:21] [DEBUG] [MONITOR] Hilos activos: RegistrySync:activo, CEOListener:activo, ThreadMonitor:activo
[16:01:24] [DEBUG] [HILO] Registry sync ejecutado
[16:01:24] [DEBUG] [MONITOR] Hilos activos: RegistrySync:activo, CEOListener:activo, ThreadMonitor:activo
[16:01:31] [DEBUG] [MONITOR] Hilos activos: RegistrySync:activo, CEOListener:activo, ThreadMonitor:activo
[16:01:36] [DEBUG] [HILO] Registry sync ejecutado
[16:01:36] [DEBUG] [MONITOR] Hilos activos: RegistrySync:activo, CEOListener:activo, ThreadMonitor:activo
[16:01:39] [DEBUG] [MONITOR] Hilos activos: RegistrySync:activo, CEOListener:activo, ThreadMonitor:activo
[16:01:46] [DEBUG] [HILO] Registry sync ejecutado
[16:01:46] [DEBUG] [MONITOR] Hilos activos: RegistrySync:activo, CEOListener:activo, ThreadMonitor:activo
[16:01:51] [DEBUG] [MONITOR] Hilos activos: RegistrySync:activo, CEOListener:activo, ThreadMonitor:activo
[16:01:54] [DEBUG] [HILO] Registry sync ejecutado
[16:01:54] [DEBUG] [MONITOR] Hilos activos: RegistrySync:activo, CEOListener:activo, ThreadMonitor:activo
[16:02:01] [DEBUG] [MONITOR] Hilos activos: RegistrySync:activo, CEOListener:activo, ThreadMonitor:activo
[16:02:06] [DEBUG] [HILO] Registry sync ejecutado
[16:02:06] [DEBUG] [MONITOR] Hilos activos: RegistrySync:activo, CEOListener:activo, ThreadMonitor:activo
[16:02:09] [DEBUG] [MONITOR] Hilos activos: RegistrySync:activo, CEOListener:activo, ThreadMonitor:activo
[16:02:16] [DEBUG] [HILO] Registry sync ejecutado
[16:02:16] [DEBUG] [MONITOR] Hilos activos: RegistrySync:activo, CEOListener:activo, ThreadMonitor:activo
[16:02:21] [DEBUG] [MONITOR] Hilos activos: RegistrySync:activo, CEOListener:activo, ThreadMonitor:activo
[16:02:24] [DEBUG] [HILO] Registry sync ejecutado
[16:02:24] [DEBUG] [MONITOR] Hilos activos: RegistrySync:activo, CEOListener:activo, ThreadMonitor:activo
[16:02:31] [DEBUG] [MONITOR] Hilos activos: RegistrySync:activo, CEOListener:activo, ThreadMonitor:activo
[16:02:36] [DEBUG] [HILO] Registry sync ejecutado
[16:02:36] [DEBUG] [MONITOR] Hilos activos: RegistrySync:activo, CEOListener:activo, ThreadMonitor:activo
[16:02:39] [DEBUG] [MONITOR] Hilos activos: RegistrySync:activo, CEOListener:activo, ThreadMonitor:activo
[16:02:46] [DEBUG] [HILO] Registry sync ejecutado
[16:02:46] [DEBUG] [MONITOR] Hilos activos: RegistrySync:activo, CEOListener:activo, ThreadMonitor:activo
[16:02:51] [DEBUG] [MONITOR] Hilos activos: RegistrySync:activo, CEOListener:activo, ThreadMonitor:activo
[16:02:54] [DEBUG] [HILO] Registry sync ejecutado
[16:02:54] [DEBUG] [MONITOR] Hilos activos: RegistrySync:activo, CEOListener:activo, ThreadMonitor:activo
[16:03:01] [DEBUG] [MONITOR] Hilos activos: RegistrySync:activo, CEOListener:activo, ThreadMonitor:activo
[16:03:06] [DEBUG] [HILO] Registry sync ejecutado
[16:03:06] [DEBUG] [MONITOR] Hilos activos: RegistrySync:activo, CEOListener:activo, ThreadMonitor:activo
[16:03:09] [DEBUG] [MONITOR] Hilos activos: RegistrySync:activo, CEOListener:activo, ThreadMonitor:activo
[16:03:16] [DEBUG] [HILO] Registry sync ejecutado
[16:03:16] [DEBUG] [MONITOR] Hilos activos: RegistrySync:activo, CEOListener:activo, ThreadMonitor:activo
[16:03:21] [DEBUG] [MONITOR] Hilos activos: RegistrySync:activo, CEOListener:activo, ThreadMonitor:activo
[16:03:24] [DEBUG] [HILO] Registry sync ejecutado
[16:03:24] [DEBUG] [MONITOR] Hilos activos: RegistrySync:activo, CEOListener:activo, ThreadMonitor:activo
[16:03:31] [DEBUG] [MONITOR] Hilos activos: RegistrySync:activo, CEOListener:activo, ThreadMonitor:activo
[16:03:36] [DEBUG] [HILO] Registry sync ejecutado
[16:03:36] [DEBUG] [MONITOR] Hilos activos: RegistrySync:activo, CEOListener:activo, ThreadMonitor:activo
[16:03:39] [DEBUG] [MONITOR] Hilos activos: RegistrySync:activo, CEOListener:activo, ThreadMonitor:activo
[16:03:46] [DEBUG] [HILO] Registry sync ejecutado
[16:03:46] [DEBUG] [MONITOR] Hilos activos: RegistrySync:activo, CEOListener:activo, ThreadMonitor:activo
[16:03:51] [DEBUG] [MONITOR] Hilos activos: RegistrySync:activo, CEOListener:activo, ThreadMonitor:activo
[16:03:54] [DEBUG] [HILO] Registry sync ejecutado
[16:03:54] [DEBUG] [MONITOR] Hilos activos: RegistrySync:activo, CEOListener:activo, ThreadMonitor:activo
[16:04:01] [DEBUG] [MONITOR] Hilos activos: RegistrySync:activo, CEOListener:activo, ThreadMonitor:activo
[16:04:06] [DEBUG] [HILO] Registry sync ejecutado
[16:04:06] [DEBUG] [MONITOR] Hilos activos: RegistrySync:activo, CEOListener:activo, ThreadMonitor:activo
[16:04:09] [DEBUG] [MONITOR] Hilos activos: RegistrySync:activo, CEOListener:activo, ThreadMonitor:activo
[16:04:16] [DEBUG] [HILO] Registry sync ejecutado
[16:04:16] [DEBUG] [MONITOR] Hilos activos: RegistrySync:activo, CEOListener:activo, ThreadMonitor:activo
[16:04:21] [DEBUG] [MONITOR] Hilos activos: RegistrySync:activo, CEOListener:activo, ThreadMonitor:activo
[16:04:24] [DEBUG] [HILO] Registry sync ejecutado
[16:04:24] [DEBUG] [MONITOR] Hilos activos: RegistrySync:activo, CEOListener:activo, ThreadMonitor:activo
[16:04:31] [DEBUG] [MONITOR] Hilos activos: RegistrySync:activo, CEOListener:activo, ThreadMonitor:activo
[16:04:36] [DEBUG] [HILO] Registry sync ejecutado
[16:04:36] [DEBUG] [MONITOR] Hilos activos: RegistrySync:activo, CEOListener:activo, ThreadMonitor:activo
[16:04:39] [DEBUG] [MONITOR] Hilos activos: RegistrySync:activo, CEOListener:activo, ThreadMonitor:activo
[16:04:46] [DEBUG] [HILO] Registry sync ejecutado
[16:04:46] [DEBUG] [MONITOR] Hilos activos: RegistrySync:activo, CEOListener:activo, ThreadMonitor:activo
[16:04:51] [DEBUG] [MONITOR] Hilos activos: RegistrySync:activo, CEOListener:activo, ThreadMonitor:activo
[16:04:54] [DEBUG] [HILO] Registry sync ejecutado
[16:04:54] [DEBUG] [MONITOR] Hilos activos: RegistrySync:activo, CEOListener:activo, ThreadMonitor:activo
[16:05:01] [DEBUG] [MONITOR] Hilos activos: RegistrySync:activo, CEOListener:activo, ThreadMonitor:activo
[16:05:06] [DEBUG] [HILO] Registry sync ejecutado
[16:05:06] [DEBUG] [MONITOR] Hilos activos: RegistrySync:activo, CEOListener:activo, ThreadMonitor:activo
[16:05:09] [DEBUG] [MONITOR] Hilos activos: RegistrySync:activo, CEOListener:activo, ThreadMonitor:activo
[16:05:16] [DEBUG] [HILO] Registry sync ejecutado
[16:05:16] [DEBUG] [MONITOR] Hilos activos: RegistrySync:activo, CEOListener:activo, ThreadMonitor:activo
[16:05:21] [DEBUG] [MONITOR] Hilos activos: RegistrySync:activo, CEOListener:activo, ThreadMonitor:activo
[16:05:24] [DEBUG] [HILO] Registry sync ejecutado
[16:05:24] [DEBUG] [MONITOR] Hilos activos: RegistrySync:activo, CEOListener:activo, ThreadMonitor:activo
[16:05:31] [DEBUG] [MONITOR] Hilos activos: RegistrySync:activo, CEOListener:activo, ThreadMonitor:activo
[16:05:36] [DEBUG] [HILO] Registry sync ejecutado
[16:05:36] [DEBUG] [MONITOR] Hilos activos: RegistrySync:activo, CEOListener:activo, ThreadMonitor:activo
[16:05:39] [DEBUG] [MONITOR] Hilos activos: RegistrySync:activo, CEOListener:activo, ThreadMonitor:activo
[16:05:46] [DEBUG] [HILO] Registry sync ejecutado
[16:05:46] [DEBUG] [MONITOR] Hilos activos: RegistrySync:activo, CEOListener:activo, ThreadMonitor:activo
[16:05:51] [DEBUG] [MONITOR] Hilos activos: RegistrySync:activo, CEOListener:activo, ThreadMonitor:activo
[16:05:54] [DEBUG] [HILO] Registry sync ejecutado
[16:05:54] [DEBUG] [MONITOR] Hilos activos: RegistrySync:activo, CEOListener:activo, ThreadMonitor:activo
[16:06:01] [DEBUG] [MONITOR] Hilos activos: RegistrySync:activo, CEOListener:activo, ThreadMonitor:activo
[16:06:06] [DEBUG] [HILO] Registry sync ejecutado
[16:06:06] [DEBUG] [MONITOR] Hilos activos: RegistrySync:activo, CEOListener:activo, ThreadMonitor:activo
[16:06:09] [DEBUG] [MONITOR] Hilos activos: RegistrySync:activo, CEOListener:activo, ThreadMonitor:activo
[16:06:16] [DEBUG] [HILO] Registry sync ejecutado
[16:06:16] [DEBUG] [MONITOR] Hilos activos: RegistrySync:activo, CEOListener:activo, ThreadMonitor:activo
[16:06:21] [DEBUG] [MONITOR] Hilos activos: RegistrySync:activo, CEOListener:activo, ThreadMonitor:activo
[16:06:24] [DEBUG] [HILO] Registry sync ejecutado
[16:06:24] [DEBUG] [MONITOR] Hilos activos: RegistrySync:activo, CEOListener:activo, ThreadMonitor:activo
[16:06:31] [DEBUG] [MONITOR] Hilos activos: RegistrySync:activo, CEOListener:activo, ThreadMonitor:activo
[16:06:36] [DEBUG] [HILO] Registry sync ejecutado
[16:06:36] [DEBUG] [MONITOR] Hilos activos: RegistrySync:activo, CEOListener:activo, ThreadMonitor:activo
[16:06:39] [DEBUG] [MONITOR] Hilos activos: RegistrySync:activo, CEOListener:activo, ThreadMonitor:activo
[16:06:46] [DEBUG] [HILO] Registry sync ejecutado
[16:06:46] [DEBUG] [MONITOR] Hilos activos: RegistrySync:activo, CEOListener:activo, ThreadMonitor:activo
[16:06:51] [DEBUG] [MONITOR] Hilos activos: RegistrySync:activo, CEOListener:activo, ThreadMonitor:activo
[16:06:54] [DEBUG] [HILO] Registry sync ejecutado
[16:06:54] [DEBUG] [MONITOR] Hilos activos: RegistrySync:activo, CEOListener:activo, ThreadMonitor:activo
[16:07:01] [DEBUG] [MONITOR] Hilos activos: RegistrySync:activo, CEOListener:activo, ThreadMonitor:activo
[16:07:06] [DEBUG] [HILO] Registry sync ejecutado
[16:07:06] [DEBUG] [MONITOR] Hilos activos: RegistrySync:activo, CEOListener:activo, ThreadMonitor:activo
[16:07:09] [DEBUG] [MONITOR] Hilos activos: RegistrySync:activo, CEOListener:activo, ThreadMonitor:activo
[16:07:16] [DEBUG] [HILO] Registry sync ejecutado
[16:07:16] [DEBUG] [MONITOR] Hilos activos: RegistrySync:activo, CEOListener:activo, ThreadMonitor:activo
[16:07:21] [DEBUG] [MONITOR] Hilos activos: RegistrySync:activo, CEOListener:activo, ThreadMonitor:activo
[16:07:24] [DEBUG] [HILO] Registry sync ejecutado
[16:07:24] [DEBUG] [MONITOR] Hilos activos: RegistrySync:activo, CEOListener:activo, ThreadMonitor:activo
[16:07:31] [DEBUG] [MONITOR] Hilos activos: RegistrySync:activo, CEOListener:activo, ThreadMonitor:activo
[16:07:36] [DEBUG] [HILO] Registry sync ejecutado
[16:07:36] [DEBUG] [MONITOR] Hilos activos: RegistrySync:activo, CEOListener:activo, ThreadMonitor:activo
[16:07:39] [DEBUG] [MONITOR] Hilos activos: RegistrySync:activo, CEOListener:activo, ThreadMonitor:activo
[16:07:46] [DEBUG] [HILO] Registry sync ejecutado
[16:07:46] [DEBUG] [MONITOR] Hilos activos: RegistrySync:activo, CEOListener:activo, ThreadMonitor:activo
[16:07:51] [DEBUG] [MONITOR] Hilos activos: RegistrySync:activo, CEOListener:activo, ThreadMonitor:activo
[16:07:54] [DEBUG] [HILO] Registry sync ejecutado
[16:07:54] [DEBUG] [MONITOR] Hilos activos: RegistrySync:activo, CEOListener:activo, ThreadMonitor:activo
[16:08:01] [DEBUG] [MONITOR] Hilos activos: RegistrySync:activo, CEOListener:activo, ThreadMonitor:activo
[16:08:06] [DEBUG] [HILO] Registry sync ejecutado
[16:08:06] [DEBUG] [MONITOR] Hilos activos: RegistrySync:activo, CEOListener:activo, ThreadMonitor:activo
[16:08:09] [DEBUG] [MONITOR] Hilos activos: RegistrySync:activo, CEOListener:activo, ThreadMonitor:activo
[16:08:16] [DEBUG] [HILO] Registry sync ejecutado
[16:08:16] [DEBUG] [MONITOR] Hilos activos: RegistrySync:activo, CEOListener:activo, ThreadMonitor:activo
[16:08:21] [DEBUG] [MONITOR] Hilos activos: RegistrySync:activo, CEOListener:activo, ThreadMonitor:activo
[16:08:24] [DEBUG] [HILO] Registry sync ejecutado
[16:08:24] [DEBUG] [MONITOR] Hilos activos: RegistrySync:activo, CEOListener:activo, ThreadMonitor:activo
[16:08:31] [DEBUG] [MONITOR] Hilos activos: RegistrySync:activo, CEOListener:activo, ThreadMonitor:activo
[16:08:36] [DEBUG] [HILO] Registry sync ejecutado
[16:08:36] [DEBUG] [MONITOR] Hilos activos: RegistrySync:activo, CEOListener:activo, ThreadMonitor:activo
[16:08:39] [DEBUG] [MONITOR] Hilos activos: RegistrySync:activo, CEOListener:activo, ThreadMonitor:activo
[16:08:46] [DEBUG] [HILO] Registry sync ejecutado
[16:08:46] [DEBUG] [MONITOR] Hilos activos: RegistrySync:activo, CEOListener:activo, ThreadMonitor:activo
[16:08:51] [DEBUG] [MONITOR] Hilos activos: RegistrySync:activo, CEOListener:activo, ThreadMonitor:activo
[16:08:54] [DEBUG] [HILO] Registry sync ejecutado
[16:08:54] [DEBUG] [MONITOR] Hilos activos: RegistrySync:activo, CEOListener:activo, ThreadMonitor:activo
[16:09:01] [DEBUG] [MONITOR] Hilos activos: RegistrySync:activo, CEOListener:activo, ThreadMonitor:activo
[16:09:06] [DEBUG] [HILO] Registry sync ejecutado
[16:09:06] [DEBUG] [MONITOR] Hilos activos: RegistrySync:activo, CEOListener:activo, ThreadMonitor:activo
[16:09:09] [DEBUG] [MONITOR] Hilos activos: RegistrySync:activo, CEOListener:activo, ThreadMonitor:activo
[16:09:16] [DEBUG] [HILO] Registry sync ejecutado
[16:09:16] [DEBUG] [MONITOR] Hilos activos: RegistrySync:activo, CEOListener:activo, ThreadMonitor:activo
[16:09:21] [DEBUG] [MONITOR] Hilos activos: RegistrySync:activo, CEOListener:activo, ThreadMonitor:activo
[16:09:24] [DEBUG] [HILO] Registry sync ejecutado
[16:09:24] [DEBUG] [MONITOR] Hilos activos: RegistrySync:activo, CEOListener:activo, ThreadMonitor:activo
[16:09:31] [DEBUG] [MONITOR] Hilos activos: RegistrySync:activo, CEOListener:activo, ThreadMonitor:activo
[16:09:36] [DEBUG] [HILO] Registry sync ejecutado
[16:09:36] [DEBUG] [MONITOR] Hilos activos: RegistrySync:activo, CEOListener:activo, ThreadMonitor:activo
[16:09:39] [DEBUG] [MONITOR] Hilos activos: RegistrySync:activo, CEOListener:activo, ThreadMonitor:activo
[16:09:46] [DEBUG] [HILO] Registry sync ejecutado
[16:09:46] [DEBUG] [MONITOR] Hilos activos: RegistrySync:activo, CEOListener:activo, ThreadMonitor:activo
[16:09:51] [DEBUG] [MONITOR] Hilos activos: RegistrySync:activo, CEOListener:activo, ThreadMonitor:activo
[16:09:54] [DEBUG] [HILO] Registry sync ejecutado
[16:09:54] [DEBUG] [MONITOR] Hilos activos: RegistrySync:activo, CEOListener:activo, ThreadMonitor:activo
[16:10:01] [DEBUG] [MONITOR] Hilos activos: RegistrySync:activo, CEOListener:activo, ThreadMonitor:activo
[16:10:06] [DEBUG] [HILO] Registry sync ejecutado
[16:10:06] [DEBUG] [MONITOR] Hilos activos: RegistrySync:activo, CEOListener:activo, ThreadMonitor:activo
[16:10:09] [DEBUG] [MONITOR] Hilos activos: RegistrySync:activo, CEOListener:activo, ThreadMonitor:activo
[16:10:16] [DEBUG] [HILO] Registry sync ejecutado
[16:10:16] [DEBUG] [MONITOR] Hilos activos: RegistrySync:activo, CEOListener:activo, ThreadMonitor:activo
[16:10:21] [DEBUG] [MONITOR] Hilos activos: RegistrySync:activo, CEOListener:activo, ThreadMonitor:activo
[16:10:24] [DEBUG] [HILO] Registry sync ejecutado
[16:10:24] [DEBUG] [MONITOR] Hilos activos: RegistrySync:activo, CEOListener:activo, ThreadMonitor:activo
[16:10:31] [DEBUG] [MONITOR] Hilos activos: RegistrySync:activo, CEOListener:activo, ThreadMonitor:activo
[16:10:36] [DEBUG] [HILO] Registry sync ejecutado
[16:10:36] [DEBUG] [MONITOR] Hilos activos: RegistrySync:activo, CEOListener:activo, ThreadMonitor:activo
[16:10:39] [DEBUG] [MONITOR] Hilos activos: RegistrySync:activo, CEOListener:activo, ThreadMonitor:activo
[16:10:46] [DEBUG] [HILO] Registry sync ejecutado
[16:10:46] [DEBUG] [MONITOR] Hilos activos: RegistrySync:activo, CEOListener:activo, ThreadMonitor:activo
[16:10:51] [DEBUG] [MONITOR] Hilos activos: RegistrySync:activo, CEOListener:activo, ThreadMonitor:activo
[16:10:54] [DEBUG] [HILO] Registry sync ejecutado
[16:10:54] [DEBUG] [MONITOR] Hilos activos: RegistrySync:activo, CEOListener:activo, ThreadMonitor:activo
[16:11:01] [DEBUG] [MONITOR] Hilos activos: RegistrySync:activo, CEOListener:activo, ThreadMonitor:activo
[16:11:06] [DEBUG] [HILO] Registry sync ejecutado
[16:11:06] [DEBUG] [MONITOR] Hilos activos: RegistrySync:activo, CEOListener:activo, ThreadMonitor:activo
[16:11:09] [DEBUG] [MONITOR] Hilos activos: RegistrySync:activo, CEOListener:activo, ThreadMonitor:activo
[16:11:16] [DEBUG] [HILO] Registry sync ejecutado
[16:11:16] [DEBUG] [MONITOR] Hilos activos: RegistrySync:activo, CEOListener:activo, ThreadMonitor:activo
[16:11:21] [DEBUG] [MONITOR] Hilos activos: RegistrySync:activo, CEOListener:activo, ThreadMonitor:activo
[16:11:24] [DEBUG] [HILO] Registry sync ejecutado
[16:11:24] [DEBUG] [MONITOR] Hilos activos: RegistrySync:activo, CEOListener:activo, ThreadMonitor:activo
[16:11:31] [DEBUG] [MONITOR] Hilos activos: RegistrySync:activo, CEOListener:activo, ThreadMonitor:activo
[16:11:36] [DEBUG] [HILO] Registry sync ejecutado
[16:11:36] [DEBUG] [MONITOR] Hilos activos: RegistrySync:activo, CEOListener:activo, ThreadMonitor:activo
[16:11:39] [DEBUG] [MONITOR] Hilos activos: RegistrySync:activo, CEOListener:activo, ThreadMonitor:activo
[16:11:46] [DEBUG] [HILO] Registry sync ejecutado
[16:11:46] [DEBUG] [MONITOR] Hilos activos: RegistrySync:activo, CEOListener:activo, ThreadMonitor:activo
[16:11:51] [DEBUG] [MONITOR] Hilos activos: RegistrySync:activo, CEOListener:activo, ThreadMonitor:activo
[16:11:54] [DEBUG] [HILO] Registry sync ejecutado
[16:11:54] [DEBUG] [MONITOR] Hilos activos: RegistrySync:activo, CEOListener:activo, ThreadMonitor:activo
[16:12:01] [DEBUG] [MONITOR] Hilos activos: RegistrySync:activo, CEOListener:activo, ThreadMonitor:activo
[16:12:06] [DEBUG] [HILO] Registry sync ejecutado
[16:12:06] [DEBUG] [MONITOR] Hilos activos: RegistrySync:activo, CEOListener:activo, ThreadMonitor:activo
[16:12:09] [DEBUG] [MONITOR] Hilos activos: RegistrySync:activo, CEOListener:activo, ThreadMonitor:activo
[16:12:16] [DEBUG] [HILO] Registry sync ejecutado
[16:12:16] [DEBUG] [MONITOR] Hilos activos: RegistrySync:activo, CEOListener:activo, ThreadMonitor:activo
[16:12:21] [DEBUG] [MONITOR] Hilos activos: RegistrySync:activo, CEOListener:activo, ThreadMonitor:activo
[16:12:24] [DEBUG] [HILO] Registry sync ejecutado
[16:12:24] [DEBUG] [MONITOR] Hilos activos: RegistrySync:activo, CEOListener:activo, ThreadMonitor:activo
[16:12:31] [DEBUG] [MONITOR] Hilos activos: RegistrySync:activo, CEOListener:activo, ThreadMonitor:activo
[16:12:36] [DEBUG] [HILO] Registry sync ejecutado
[16:12:36] [DEBUG] [MONITOR] Hilos activos: RegistrySync:activo, CEOListener:activo, ThreadMonitor:activo
[16:12:39] [DEBUG] [MONITOR] Hilos activos: RegistrySync:activo, CEOListener:activo, ThreadMonitor:activo
[16:12:46] [DEBUG] [HILO] Registry sync ejecutado
[16:12:46] [DEBUG] [MONITOR] Hilos activos: RegistrySync:activo, CEOListener:activo, ThreadMonitor:activo
[16:12:51] [DEBUG] [MONITOR] Hilos activos: RegistrySync:activo, CEOListener:activo, ThreadMonitor:activo
[16:12:54] [DEBUG] [HILO] Registry sync ejecutado
[16:12:54] [DEBUG] [MONITOR] Hilos activos: RegistrySync:activo, CEOListener:activo, ThreadMonitor:activo
[16:13:01] [DEBUG] [MONITOR] Hilos activos: RegistrySync:activo, CEOListener:activo, ThreadMonitor:activo
[16:13:06] [DEBUG] [HILO] Registry sync ejecutado
[16:13:06] [DEBUG] [MONITOR] Hilos activos: RegistrySync:activo, CEOListener:activo, ThreadMonitor:activo
[16:13:09] [DEBUG] [MONITOR] Hilos activos: RegistrySync:activo, CEOListener:activo, ThreadMonitor:activo
[16:13:16] [DEBUG] [HILO] Registry sync ejecutado
[16:13:16] [DEBUG] [MONITOR] Hilos activos: RegistrySync:activo, CEOListener:activo, ThreadMonitor:activo
[16:13:21] [DEBUG] [MONITOR] Hilos activos: RegistrySync:activo, CEOListener:activo, ThreadMonitor:activo
[16:13:24] [DEBUG] [HILO] Registry sync ejecutado
[16:13:24] [DEBUG] [MONITOR] Hilos activos: RegistrySync:activo, CEOListener:activo, ThreadMonitor:activo
[16:13:31] [DEBUG] [MONITOR] Hilos activos: RegistrySync:activo, CEOListener:activo, ThreadMonitor:activo
[16:13:36] [DEBUG] [HILO] Registry sync ejecutado
[16:13:36] [DEBUG] [MONITOR] Hilos activos: RegistrySync:activo, CEOListener:activo, ThreadMonitor:activo
[16:13:39] [DEBUG] [MONITOR] Hilos activos: RegistrySync:activo, CEOListener:activo, ThreadMonitor:activo
[16:13:46] [DEBUG] [HILO] Registry sync ejecutado
[16:13:46] [DEBUG] [MONITOR] Hilos activos: RegistrySync:activo, CEOListener:activo, ThreadMonitor:activo
[16:13:51] [DEBUG] [MONITOR] Hilos activos: RegistrySync:activo, CEOListener:activo, ThreadMonitor:activo
[16:13:54] [DEBUG] [HILO] Registry sync ejecutado
[16:13:54] [DEBUG] [MONITOR] Hilos activos: RegistrySync:activo, CEOListener:activo, ThreadMonitor:activo
[16:14:01] [DEBUG] [MONITOR] Hilos activos: RegistrySync:activo, CEOListener:activo, ThreadMonitor:activo
[16:14:06] [DEBUG] [HILO] Registry sync ejecutado
[16:14:06] [DEBUG] [MONITOR] Hilos activos: RegistrySync:activo, CEOListener:activo, ThreadMonitor:activo
[16:14:09] [DEBUG] [MONITOR] Hilos activos: RegistrySync:activo, CEOListener:activo, ThreadMonitor:activo
[16:14:16] [DEBUG] [HILO] Registry sync ejecutado
[16:14:16] [DEBUG] [MONITOR] Hilos activos: RegistrySync:activo, CEOListener:activo, ThreadMonitor:activo
[16:14:21] [DEBUG] [MONITOR] Hilos activos: RegistrySync:activo, CEOListener:activo, ThreadMonitor:activo
[16:14:24] [DEBUG] [HILO] Registry sync ejecutado
[16:14:24] [DEBUG] [MONITOR] Hilos activos: RegistrySync:activo, CEOListener:activo, ThreadMonitor:activo
[16:14:31] [DEBUG] [MONITOR] Hilos activos: RegistrySync:activo, CEOListener:activo, ThreadMonitor:activo
[16:14:36] [DEBUG] [HILO] Registry sync ejecutado
[16:14:36] [DEBUG] [MONITOR] Hilos activos: RegistrySync:activo, CEOListener:activo, ThreadMonitor:activo
[16:14:39] [DEBUG] [MONITOR] Hilos activos: RegistrySync:activo, CEOListener:activo, ThreadMonitor:activo
[16:14:46] [DEBUG] [HILO] Registry sync ejecutado
[16:14:46] [DEBUG] [MONITOR] Hilos activos: RegistrySync:activo, CEOListener:activo, ThreadMonitor:activo
[16:14:51] [DEBUG] [MONITOR] Hilos activos: RegistrySync:activo, CEOListener:activo, ThreadMonitor:activo
[16:14:54] [DEBUG] [HILO] Registry sync ejecutado
[16:14:54] [DEBUG] [MONITOR] Hilos activos: RegistrySync:activo, CEOListener:activo, ThreadMonitor:activo
[16:15:01] [DEBUG] [MONITOR] Hilos activos: RegistrySync:activo, CEOListener:activo, ThreadMonitor:activo
[16:15:06] [DEBUG] [HILO] Registry sync ejecutado
[16:15:06] [DEBUG] [MONITOR] Hilos activos: RegistrySync:activo, CEOListener:activo, ThreadMonitor:activo
[16:15:09] [DEBUG] [MONITOR] Hilos activos: RegistrySync:activo, CEOListener:activo, ThreadMonitor:activo
[16:15:16] [DEBUG] [HILO] Registry sync ejecutado
[16:15:16] [DEBUG] [MONITOR] Hilos activos: RegistrySync:activo, CEOListener:activo, ThreadMonitor:activo
[16:15:21] [DEBUG] [MONITOR] Hilos activos: RegistrySync:activo, CEOListener:activo, ThreadMonitor:activo
[16:15:24] [DEBUG] [HILO] Registry sync ejecutado
[16:15:24] [DEBUG] [MONITOR] Hilos activos: RegistrySync:activo, CEOListener:activo, ThreadMonitor:activo
[16:15:31] [DEBUG] [MONITOR] Hilos activos: RegistrySync:activo, CEOListener:activo, ThreadMonitor:activo
[16:15:36] [DEBUG] [HILO] Registry sync ejecutado
[16:15:36] [DEBUG] [MONITOR] Hilos activos: RegistrySync:activo, CEOListener:activo, ThreadMonitor:activo
[16:15:39] [DEBUG] [MONITOR] Hilos activos: RegistrySync:activo, CEOListener:activo, ThreadMonitor:activo
[16:15:46] [DEBUG] [HILO] Registry sync ejecutado
[16:15:46] [DEBUG] [MONITOR] Hilos activos: RegistrySync:activo, CEOListener:activo, ThreadMonitor:activo
[16:15:51] [DEBUG] [MONITOR] Hilos activos: RegistrySync:activo, CEOListener:activo, ThreadMonitor:activo
[16:15:54] [DEBUG] [HILO] Registry sync ejecutado
[16:15:54] [DEBUG] [MONITOR] Hilos activos: RegistrySync:activo, CEOListener:activo, ThreadMonitor:activo
[16:16:01] [DEBUG] [MONITOR] Hilos activos: RegistrySync:activo, CEOListener:activo, ThreadMonitor:activo
[16:16:06] [DEBUG] [HILO] Registry sync ejecutado
[16:16:06] [DEBUG] [MONITOR] Hilos activos: RegistrySync:activo, CEOListener:activo, ThreadMonitor:activo
[16:16:09] [DEBUG] [MONITOR] Hilos activos: RegistrySync:activo, CEOListener:activo, ThreadMonitor:activo
[16:16:16] [DEBUG] [HILO] Registry sync ejecutado
[16:16:16] [DEBUG] [MONITOR] Hilos activos: RegistrySync:activo, CEOListener:activo, ThreadMonitor:activo
[16:16:21] [DEBUG] [MONITOR] Hilos activos: RegistrySync:activo, CEOListener:activo, ThreadMonitor:activo
[16:16:24] [DEBUG] [HILO] Registry sync ejecutado
[16:16:24] [DEBUG] [MONITOR] Hilos activos: RegistrySync:activo, CEOListener:activo, ThreadMonitor:activo
[16:16:31] [DEBUG] [MONITOR] Hilos activos: RegistrySync:activo, CEOListener:activo, ThreadMonitor:activo
[16:16:36] [DEBUG] [HILO] Registry sync ejecutado
[16:16:36] [DEBUG] [MONITOR] Hilos activos: RegistrySync:activo, CEOListener:activo, ThreadMonitor:activo
[16:16:39] [DEBUG] [MONITOR] Hilos activos: RegistrySync:activo, CEOListener:activo, ThreadMonitor:activo
[16:16:46] [DEBUG] [HILO] Registry sync ejecutado
[16:16:46] [DEBUG] [MONITOR] Hilos activos: RegistrySync:activo, CEOListener:activo, ThreadMonitor:activo
[16:16:51] [DEBUG] [MONITOR] Hilos activos: RegistrySync:activo, CEOListener:activo, ThreadMonitor:activo
[16:16:54] [DEBUG] [HILO] Registry sync ejecutado
[16:16:54] [DEBUG] [MONITOR] Hilos activos: RegistrySync:activo, CEOListener:activo, ThreadMonitor:activo
[16:17:01] [DEBUG] [MONITOR] Hilos activos: RegistrySync:activo, CEOListener:activo, ThreadMonitor:activo
[16:17:06] [DEBUG] [HILO] Registry sync ejecutado
[16:17:06] [DEBUG] [MONITOR] Hilos activos: RegistrySync:activo, CEOListener:activo, ThreadMonitor:activo
[16:17:09] [DEBUG] [MONITOR] Hilos activos: RegistrySync:activo, CEOListener:activo, ThreadMonitor:activo
[16:17:16] [DEBUG] [HILO] Registry sync ejecutado
[16:17:16] [DEBUG] [MONITOR] Hilos activos: RegistrySync:activo, CEOListener:activo, ThreadMonitor:activo
[16:17:21] [DEBUG] [MONITOR] Hilos activos: RegistrySync:activo, CEOListener:activo, ThreadMonitor:activo
[16:17:24] [DEBUG] [HILO] Registry sync ejecutado
[16:17:24] [DEBUG] [MONITOR] Hilos activos: RegistrySync:activo, CEOListener:activo, ThreadMonitor:activo
[16:17:31] [DEBUG] [MONITOR] Hilos activos: RegistrySync:activo, CEOListener:activo, ThreadMonitor:activo
[16:17:36] [DEBUG] [HILO] Registry sync ejecutado
[16:17:36] [DEBUG] [MONITOR] Hilos activos: RegistrySync:activo, CEOListener:activo, ThreadMonitor:activo
[16:17:39] [DEBUG] [MONITOR] Hilos activos: RegistrySync:activo, CEOListener:activo, ThreadMonitor:activo
[16:17:46] [DEBUG] [HILO] Registry sync ejecutado
[16:17:46] [DEBUG] [MONITOR] Hilos activos: RegistrySync:activo, CEOListener:activo, ThreadMonitor:activo
[16:17:51] [DEBUG] [MONITOR] Hilos activos: RegistrySync:activo, CEOListener:activo, ThreadMonitor:activo
[16:17:54] [DEBUG] [HILO] Registry sync ejecutado
[16:17:54] [DEBUG] [MONITOR] Hilos activos: RegistrySync:activo, CEOListener:activo, ThreadMonitor:activo
[16:18:01] [DEBUG] [MONITOR] Hilos activos: RegistrySync:activo, CEOListener:activo, ThreadMonitor:activo
[16:18:06] [DEBUG] [HILO] Registry sync ejecutado
[16:18:06] [DEBUG] [MONITOR] Hilos activos: RegistrySync:activo, CEOListener:activo, ThreadMonitor:activo
[16:18:09] [DEBUG] [MONITOR] Hilos activos: RegistrySync:activo, CEOListener:activo, ThreadMonitor:activo
[16:18:16] [DEBUG] [HILO] Registry sync ejecutado
[16:18:16] [DEBUG] [MONITOR] Hilos activos: RegistrySync:activo, CEOListener:activo, ThreadMonitor:activo
[16:18:21] [DEBUG] [MONITOR] Hilos activos: RegistrySync:activo, CEOListener:activo, ThreadMonitor:activo
[16:18:24] [DEBUG] [HILO] Registry sync ejecutado
[16:18:24] [DEBUG] [MONITOR] Hilos activos: RegistrySync:activo, CEOListener:activo, ThreadMonitor:activo
[16:18:31] [DEBUG] [MONITOR] Hilos activos: RegistrySync:activo, CEOListener:activo, ThreadMonitor:activo
[16:18:36] [DEBUG] [HILO] Registry sync ejecutado
[16:18:37] [DEBUG] [MONITOR] Hilos activos: RegistrySync:activo, CEOListener:activo, ThreadMonitor:activo
[16:18:39] [DEBUG] [MONITOR] Hilos activos: RegistrySync:activo, CEOListener:activo, ThreadMonitor:activo
[16:18:46] [DEBUG] [HILO] Registry sync ejecutado
[16:18:46] [DEBUG] [MONITOR] Hilos activos: RegistrySync:activo, CEOListener:activo, ThreadMonitor:activo
[16:18:52] [DEBUG] [MONITOR] Hilos activos: RegistrySync:activo, CEOListener:activo, ThreadMonitor:activo
[16:18:54] [DEBUG] [HILO] Registry sync ejecutado
[16:18:54] [DEBUG] [MONITOR] Hilos activos: RegistrySync:activo, CEOListener:activo, ThreadMonitor:activo
[16:19:01] [DEBUG] [MONITOR] Hilos activos: RegistrySync:activo, CEOListener:activo, ThreadMonitor:activo
[16:19:06] [DEBUG] [HILO] Registry sync ejecutado
[16:19:07] [DEBUG] [MONITOR] Hilos activos: RegistrySync:activo, CEOListener:activo, ThreadMonitor:activo
[16:19:09] [DEBUG] [MONITOR] Hilos activos: RegistrySync:activo, CEOListener:activo, ThreadMonitor:activo
[16:19:16] [DEBUG] [HILO] Registry sync ejecutado
[16:19:16] [DEBUG] [MONITOR] Hilos activos: RegistrySync:activo, CEOListener:activo, ThreadMonitor:activo
[16:19:22] [DEBUG] [MONITOR] Hilos activos: RegistrySync:activo, CEOListener:activo, ThreadMonitor:activo
[16:19:24] [DEBUG] [HILO] Registry sync ejecutado
[16:19:24] [DEBUG] [MONITOR] Hilos activos: RegistrySync:activo, CEOListener:activo, ThreadMonitor:activo
[16:19:31] [DEBUG] [MONITOR] Hilos activos: RegistrySync:activo, CEOListener:activo, ThreadMonitor:activo
[16:19:36] [DEBUG] [HILO] Registry sync ejecutado
[16:19:37] [DEBUG] [MONITOR] Hilos activos: RegistrySync:activo, CEOListener:activo, ThreadMonitor:activo
[16:19:39] [DEBUG] [MONITOR] Hilos activos: RegistrySync:activo, CEOListener:activo, ThreadMonitor:activo
[16:19:46] [DEBUG] [HILO] Registry sync ejecutado
[16:19:46] [DEBUG] [MONITOR] Hilos activos: RegistrySync:activo, CEOListener:activo, ThreadMonitor:activo
[16:19:52] [DEBUG] [MONITOR] Hilos activos: RegistrySync:activo, CEOListener:activo, ThreadMonitor:activo
[16:19:54] [DEBUG] [HILO] Registry sync ejecutado
[16:19:54] [DEBUG] [MONITOR] Hilos activos: RegistrySync:activo, CEOListener:activo, ThreadMonitor:activo
[16:20:01] [DEBUG] [MONITOR] Hilos activos: RegistrySync:activo, CEOListener:activo, ThreadMonitor:activo
[16:20:06] [DEBUG] [HILO] Registry sync ejecutado
[16:20:07] [DEBUG] [MONITOR] Hilos activos: RegistrySync:activo, CEOListener:activo, ThreadMonitor:activo
[16:20:09] [DEBUG] [MONITOR] Hilos activos: RegistrySync:activo, CEOListener:activo, ThreadMonitor:activo
[16:20:16] [DEBUG] [HILO] Registry sync ejecutado
[16:20:16] [DEBUG] [MONITOR] Hilos activos: RegistrySync:activo, CEOListener:activo, ThreadMonitor:activo
[16:20:22] [DEBUG] [MONITOR] Hilos activos: RegistrySync:activo, CEOListener:activo, ThreadMonitor:activo
[16:20:24] [DEBUG] [HILO] Registry sync ejecutado
[16:20:24] [DEBUG] [MONITOR] Hilos activos: RegistrySync:activo, CEOListener:activo, ThreadMonitor:activo
[16:20:31] [DEBUG] [MONITOR] Hilos activos: RegistrySync:activo, CEOListener:activo, ThreadMonitor:activo
[16:20:36] [DEBUG] [HILO] Registry sync ejecutado
[16:20:37] [DEBUG] [MONITOR] Hilos activos: RegistrySync:activo, CEOListener:activo, ThreadMonitor:activo
[16:20:39] [DEBUG] [MONITOR] Hilos activos: RegistrySync:activo, CEOListener:activo, ThreadMonitor:activo
[16:20:46] [DEBUG] [HILO] Registry sync ejecutado
[16:20:46] [DEBUG] [MONITOR] Hilos activos: RegistrySync:activo, CEOListener:activo, ThreadMonitor:activo
[16:20:52] [DEBUG] [MONITOR] Hilos activos: RegistrySync:activo, CEOListener:activo, ThreadMonitor:activo
[16:20:54] [DEBUG] [HILO] Registry sync ejecutado
[16:20:54] [DEBUG] [MONITOR] Hilos activos: RegistrySync:activo, CEOListener:activo, ThreadMonitor:activo
[16:21:01] [DEBUG] [MONITOR] Hilos activos: RegistrySync:activo, CEOListener:activo, ThreadMonitor:activo
[16:21:06] [DEBUG] [HILO] Registry sync ejecutado
[16:21:07] [DEBUG] [MONITOR] Hilos activos: RegistrySync:activo, CEOListener:activo, ThreadMonitor:activo
[16:21:09] [DEBUG] [MONITOR] Hilos activos: RegistrySync:activo, CEOListener:activo, ThreadMonitor:activo
[16:21:16] [DEBUG] [HILO] Registry sync ejecutado
[16:21:16] [DEBUG] [MONITOR] Hilos activos: RegistrySync:activo, CEOListener:activo, ThreadMonitor:activo
[16:21:22] [DEBUG] [MONITOR] Hilos activos: RegistrySync:activo, CEOListener:activo, ThreadMonitor:activo
[16:21:24] [DEBUG] [HILO] Registry sync ejecutado
[16:21:24] [DEBUG] [MONITOR] Hilos activos: RegistrySync:activo, CEOListener:activo, ThreadMonitor:activo
[16:21:31] [DEBUG] [MONITOR] Hilos activos: RegistrySync:activo, CEOListener:activo, ThreadMonitor:activo
[16:21:36] [DEBUG] [HILO] Registry sync ejecutado
[16:21:37] [DEBUG] [MONITOR] Hilos activos: RegistrySync:activo, CEOListener:activo, ThreadMonitor:activo
[16:21:39] [DEBUG] [MONITOR] Hilos activos: RegistrySync:activo, CEOListener:activo, ThreadMonitor:activo
[16:21:46] [DEBUG] [HILO] Registry sync ejecutado
[16:21:46] [DEBUG] [MONITOR] Hilos activos: RegistrySync:activo, CEOListener:activo, ThreadMonitor:activo
[16:21:52] [DEBUG] [MONITOR] Hilos activos: RegistrySync:activo, CEOListener:activo, ThreadMonitor:activo
[16:21:54] [DEBUG] [HILO] Registry sync ejecutado
[16:21:54] [DEBUG] [MONITOR] Hilos activos: RegistrySync:activo, CEOListener:activo, ThreadMonitor:activo
[16:22:01] [DEBUG] [MONITOR] Hilos activos: RegistrySync:activo, CEOListener:activo, ThreadMonitor:activo
[16:22:06] [DEBUG] [HILO] Registry sync ejecutado
[16:22:07] [DEBUG] [MONITOR] Hilos activos: RegistrySync:activo, CEOListener:activo, ThreadMonitor:activo
[16:22:09] [DEBUG] [MONITOR] Hilos activos: RegistrySync:activo, CEOListener:activo, ThreadMonitor:activo
[16:22:16] [DEBUG] [HILO] Registry sync ejecutado
[16:22:16] [DEBUG] [MONITOR] Hilos activos: RegistrySync:activo, CEOListener:activo, ThreadMonitor:activo
[16:22:22] [DEBUG] [MONITOR] Hilos activos: RegistrySync:activo, CEOListener:activo, ThreadMonitor:activo
[16:22:24] [DEBUG] [HILO] Registry sync ejecutado
[16:22:24] [DEBUG] [MONITOR] Hilos activos: RegistrySync:activo, CEOListener:activo, ThreadMonitor:activo
[16:22:31] [DEBUG] [MONITOR] Hilos activos: RegistrySync:activo, CEOListener:activo, ThreadMonitor:activo
[16:22:36] [DEBUG] [HILO] Registry sync ejecutado
[16:22:37] [DEBUG] [MONITOR] Hilos activos: RegistrySync:activo, CEOListener:activo, ThreadMonitor:activo
[16:22:39] [DEBUG] [MONITOR] Hilos activos: RegistrySync:activo, CEOListener:activo, ThreadMonitor:activo
[16:22:46] [DEBUG] [HILO] Registry sync ejecutado
[16:22:46] [DEBUG] [MONITOR] Hilos activos: RegistrySync:activo, CEOListener:activo, ThreadMonitor:activo
[16:22:52] [DEBUG] [MONITOR] Hilos activos: RegistrySync:activo, CEOListener:activo, ThreadMonitor:activo
[16:22:54] [DEBUG] [HILO] Registry sync ejecutado
[16:22:54] [DEBUG] [MONITOR] Hilos activos: RegistrySync:activo, CEOListener:activo, ThreadMonitor:activo
[16:23:01] [DEBUG] [MONITOR] Hilos activos: RegistrySync:activo, CEOListener:activo, ThreadMonitor:activo
[16:23:06] [DEBUG] [HILO] Registry sync ejecutado
[16:23:07] [DEBUG] [MONITOR] Hilos activos: RegistrySync:activo, CEOListener:activo, ThreadMonitor:activo
[16:23:09] [DEBUG] [MONITOR] Hilos activos: RegistrySync:activo, CEOListener:activo, ThreadMonitor:activo
[16:23:16] [DEBUG] [HILO] Registry sync ejecutado
[16:23:16] [DEBUG] [MONITOR] Hilos activos: RegistrySync:activo, CEOListener:activo, ThreadMonitor:activo
[16:23:22] [DEBUG] [MONITOR] Hilos activos: RegistrySync:activo, CEOListener:activo, ThreadMonitor:activo
[16:23:24] [DEBUG] [HILO] Registry sync ejecutado
[16:23:24] [DEBUG] [MONITOR] Hilos activos: RegistrySync:activo, CEOListener:activo, ThreadMonitor:activo
[16:23:31] [DEBUG] [MONITOR] Hilos activos: RegistrySync:activo, CEOListener:activo, ThreadMonitor:activo
[16:23:36] [DEBUG] [HILO] Registry sync ejecutado
[16:23:37] [DEBUG] [MONITOR] Hilos activos: RegistrySync:activo, CEOListener:activo, ThreadMonitor:activo
[16:23:39] [DEBUG] [MONITOR] Hilos activos: RegistrySync:activo, CEOListener:activo, ThreadMonitor:activo
[16:23:46] [DEBUG] [HILO] Registry sync ejecutado
[16:23:46] [DEBUG] [MONITOR] Hilos activos: RegistrySync:activo, CEOListener:activo, ThreadMonitor:activo
[16:23:52] [DEBUG] [MONITOR] Hilos activos: RegistrySync:activo, CEOListener:activo, ThreadMonitor:activo
[16:23:54] [DEBUG] [HILO] Registry sync ejecutado
[16:23:54] [DEBUG] [MONITOR] Hilos activos: RegistrySync:activo, CEOListener:activo, ThreadMonitor:activo
[16:24:01] [DEBUG] [MONITOR] Hilos activos: RegistrySync:activo, CEOListener:activo, ThreadMonitor:activo
[16:24:06] [DEBUG] [HILO] Registry sync ejecutado
[16:24:07] [DEBUG] [MONITOR] Hilos activos: RegistrySync:activo, CEOListener:activo, ThreadMonitor:activo
[16:24:09] [DEBUG] [MONITOR] Hilos activos: RegistrySync:activo, CEOListener:activo, ThreadMonitor:activo
[16:24:16] [DEBUG] [HILO] Registry sync ejecutado
[16:24:16] [DEBUG] [MONITOR] Hilos activos: RegistrySync:activo, CEOListener:activo, ThreadMonitor:activo
[16:24:22] [DEBUG] [MONITOR] Hilos activos: RegistrySync:activo, CEOListener:activo, ThreadMonitor:activo
[16:24:24] [DEBUG] [HILO] Registry sync ejecutado
[16:24:24] [DEBUG] [MONITOR] Hilos activos: RegistrySync:activo, CEOListener:activo, ThreadMonitor:activo
[16:24:31] [DEBUG] [MONITOR] Hilos activos: RegistrySync:activo, CEOListener:activo, ThreadMonitor:activo
[16:24:36] [DEBUG] [HILO] Registry sync ejecutado
[16:24:37] [DEBUG] [MONITOR] Hilos activos: RegistrySync:activo, CEOListener:activo, ThreadMonitor:activo
[16:24:39] [DEBUG] [MONITOR] Hilos activos: RegistrySync:activo, CEOListener:activo, ThreadMonitor:activo
[16:24:46] [DEBUG] [HILO] Registry sync ejecutado
[16:24:46] [DEBUG] [MONITOR] Hilos activos: RegistrySync:activo, CEOListener:activo, ThreadMonitor:activo
[16:24:52] [DEBUG] [MONITOR] Hilos activos: RegistrySync:activo, CEOListener:activo, ThreadMonitor:activo
[16:24:54] [DEBUG] [HILO] Registry sync ejecutado
[16:24:54] [DEBUG] [MONITOR] Hilos activos: RegistrySync:activo, CEOListener:activo, ThreadMonitor:activo
[16:25:01] [DEBUG] [MONITOR] Hilos activos: RegistrySync:activo, CEOListener:activo, ThreadMonitor:activo
[16:25:06] [DEBUG] [HILO] Registry sync ejecutado
[16:25:07] [DEBUG] [MONITOR] Hilos activos: RegistrySync:activo, CEOListener:activo, ThreadMonitor:activo
[16:25:09] [DEBUG] [MONITOR] Hilos activos: RegistrySync:activo, CEOListener:activo, ThreadMonitor:activo
[16:25:16] [DEBUG] [HILO] Registry sync ejecutado
[16:25:16] [DEBUG] [MONITOR] Hilos activos: RegistrySync:activo, CEOListener:activo, ThreadMonitor:activo
[16:25:22] [DEBUG] [MONITOR] Hilos activos: RegistrySync:activo, CEOListener:activo, ThreadMonitor:activo
[16:25:24] [DEBUG] [HILO] Registry sync ejecutado
[16:25:24] [DEBUG] [MONITOR] Hilos activos: RegistrySync:activo, CEOListener:activo, ThreadMonitor:activo
[16:25:31] [DEBUG] [MONITOR] Hilos activos: RegistrySync:activo, CEOListener:activo, ThreadMonitor:activo
[16:25:36] [DEBUG] [HILO] Registry sync ejecutado
[16:25:37] [DEBUG] [MONITOR] Hilos activos: RegistrySync:activo, CEOListener:activo, ThreadMonitor:activo
[16:25:39] [DEBUG] [MONITOR] Hilos activos: RegistrySync:activo, CEOListener:activo, ThreadMonitor:activo
[16:25:46] [DEBUG] [HILO] Registry sync ejecutado
[16:25:46] [DEBUG] [MONITOR] Hilos activos: RegistrySync:activo, CEOListener:activo, ThreadMonitor:activo
[16:25:52] [DEBUG] [MONITOR] Hilos activos: RegistrySync:activo, CEOListener:activo, ThreadMonitor:activo
[16:25:54] [DEBUG] [HILO] Registry sync ejecutado
[16:25:54] [DEBUG] [MONITOR] Hilos activos: RegistrySync:activo, CEOListener:activo, ThreadMonitor:activo
[16:26:01] [DEBUG] [MONITOR] Hilos activos: RegistrySync:activo, CEOListener:activo, ThreadMonitor:activo
[16:26:06] [DEBUG] [HILO] Registry sync ejecutado
[16:26:07] [DEBUG] [MONITOR] Hilos activos: RegistrySync:activo, CEOListener:activo, ThreadMonitor:activo
[16:26:09] [DEBUG] [MONITOR] Hilos activos: RegistrySync:activo, CEOListener:activo, ThreadMonitor:activo
[16:26:16] [DEBUG] [HILO] Registry sync ejecutado
[16:26:16] [DEBUG] [MONITOR] Hilos activos: RegistrySync:activo, CEOListener:activo, ThreadMonitor:activo
[16:26:22] [DEBUG] [MONITOR] Hilos activos: RegistrySync:activo, CEOListener:activo, ThreadMonitor:activo
[16:26:24] [DEBUG] [HILO] Registry sync ejecutado
[16:26:24] [DEBUG] [MONITOR] Hilos activos: RegistrySync:activo, CEOListener:activo, ThreadMonitor:activo
[16:26:31] [DEBUG] [MONITOR] Hilos activos: RegistrySync:activo, CEOListener:activo, ThreadMonitor:activo
[16:26:36] [DEBUG] [HILO] Registry sync ejecutado
[16:26:37] [DEBUG] [MONITOR] Hilos activos: RegistrySync:activo, CEOListener:activo, ThreadMonitor:activo
[16:26:39] [DEBUG] [MONITOR] Hilos activos: RegistrySync:activo, CEOListener:activo, ThreadMonitor:activo
[16:26:46] [DEBUG] [HILO] Registry sync ejecutado
[16:26:46] [DEBUG] [MONITOR] Hilos activos: RegistrySync:activo, CEOListener:activo, ThreadMonitor:activo
[16:26:52] [DEBUG] [MONITOR] Hilos activos: RegistrySync:activo, CEOListener:activo, ThreadMonitor:activo
[16:26:54] [DEBUG] [HILO] Registry sync ejecutado
[16:26:54] [DEBUG] [MONITOR] Hilos activos: RegistrySync:activo, CEOListener:activo, ThreadMonitor:activo
[16:27:01] [DEBUG] [MONITOR] Hilos activos: RegistrySync:activo, CEOListener:activo, ThreadMonitor:activo
[16:27:06] [DEBUG] [HILO] Registry sync ejecutado
[16:27:07] [DEBUG] [MONITOR] Hilos activos: RegistrySync:activo, CEOListener:activo, ThreadMonitor:activo
[16:27:09] [DEBUG] [MONITOR] Hilos activos: RegistrySync:activo, CEOListener:activo, ThreadMonitor:activo
[16:27:16] [DEBUG] [HILO] Registry sync ejecutado
[16:27:16] [DEBUG] [MONITOR] Hilos activos: RegistrySync:activo, CEOListener:activo, ThreadMonitor:activo
[16:27:22] [DEBUG] [MONITOR] Hilos activos: RegistrySync:activo, CEOListener:activo, ThreadMonitor:activo
[16:27:24] [DEBUG] [HILO] Registry sync ejecutado
[16:27:24] [DEBUG] [MONITOR] Hilos activos: RegistrySync:activo, CEOListener:activo, ThreadMonitor:activo
[16:27:31] [DEBUG] [MONITOR] Hilos activos: RegistrySync:activo, CEOListener:activo, ThreadMonitor:activo
[16:27:36] [DEBUG] [HILO] Registry sync ejecutado
[16:27:37] [DEBUG] [MONITOR] Hilos activos: RegistrySync:activo, CEOListener:activo, ThreadMonitor:activo
[16:27:39] [DEBUG] [MONITOR] Hilos activos: RegistrySync:activo, CEOListener:activo, ThreadMonitor:activo
[16:27:46] [DEBUG] [HILO] Registry sync ejecutado
[16:27:46] [DEBUG] [MONITOR] Hilos activos: RegistrySync:activo, CEOListener:activo, ThreadMonitor:activo
[16:27:52] [DEBUG] [MONITOR] Hilos activos: RegistrySync:activo, CEOListener:activo, ThreadMonitor:activo
[16:27:54] [DEBUG] [HILO] Registry sync ejecutado
[16:27:54] [DEBUG] [MONITOR] Hilos activos: RegistrySync:activo, CEOListener:activo, ThreadMonitor:activo
[16:28:01] [DEBUG] [MONITOR] Hilos activos: RegistrySync:activo, CEOListener:activo, ThreadMonitor:activo
[16:28:06] [DEBUG] [HILO] Registry sync ejecutado
[16:28:07] [DEBUG] [MONITOR] Hilos activos: RegistrySync:activo, CEOListener:activo, ThreadMonitor:activo
[16:28:09] [DEBUG] [MONITOR] Hilos activos: RegistrySync:activo, CEOListener:activo, ThreadMonitor:activo
[16:28:16] [DEBUG] [HILO] Registry sync ejecutado
[16:28:16] [DEBUG] [MONITOR] Hilos activos: RegistrySync:activo, CEOListener:activo, ThreadMonitor:activo
[16:28:22] [DEBUG] [MONITOR] Hilos activos: RegistrySync:activo, CEOListener:activo, ThreadMonitor:activo
[16:28:24] [DEBUG] [HILO] Registry sync ejecutado
[16:28:24] [DEBUG] [MONITOR] Hilos activos: RegistrySync:activo, CEOListener:activo, ThreadMonitor:activo
[16:28:31] [DEBUG] [MONITOR] Hilos activos: RegistrySync:activo, CEOListener:activo, ThreadMonitor:activo
[16:28:36] [DEBUG] [HILO] Registry sync ejecutado
[16:28:37] [DEBUG] [MONITOR] Hilos activos: RegistrySync:activo, CEOListener:activo, ThreadMonitor:activo
[16:28:39] [DEBUG] [MONITOR] Hilos activos: RegistrySync:activo, CEOListener:activo, ThreadMonitor:activo
[16:28:46] [DEBUG] [HILO] Registry sync ejecutado
[16:28:46] [DEBUG] [MONITOR] Hilos activos: RegistrySync:activo, CEOListener:activo, ThreadMonitor:activo
[16:28:52] [DEBUG] [MONITOR] Hilos activos: RegistrySync:activo, CEOListener:activo, ThreadMonitor:activo
[16:28:54] [DEBUG] [HILO] Registry sync ejecutado
[16:28:54] [DEBUG] [MONITOR] Hilos activos: RegistrySync:activo, CEOListener:activo, ThreadMonitor:activo
[16:29:01] [DEBUG] [MONITOR] Hilos activos: RegistrySync:activo, CEOListener:activo, ThreadMonitor:activo
[16:29:06] [DEBUG] [HILO] Registry sync ejecutado
[16:29:07] [DEBUG] [MONITOR] Hilos activos: RegistrySync:activo, CEOListener:activo, ThreadMonitor:activo
[16:29:09] [DEBUG] [MONITOR] Hilos activos: RegistrySync:activo, CEOListener:activo, ThreadMonitor:activo
[16:29:16] [DEBUG] [HILO] Registry sync ejecutado
[16:29:16] [DEBUG] [MONITOR] Hilos activos: RegistrySync:activo, CEOListener:activo, ThreadMonitor:activo
[16:29:22] [DEBUG] [MONITOR] Hilos activos: RegistrySync:activo, CEOListener:activo, ThreadMonitor:activo
[16:29:24] [DEBUG] [HILO] Registry sync ejecutado
[16:29:24] [DEBUG] [MONITOR] Hilos activos: RegistrySync:activo, CEOListener:activo, ThreadMonitor:activo
[16:29:31] [DEBUG] [MONITOR] Hilos activos: RegistrySync:activo, CEOListener:activo, ThreadMonitor:activo
[16:29:36] [DEBUG] [HILO] Registry sync ejecutado
[16:29:37] [DEBUG] [MONITOR] Hilos activos: RegistrySync:activo, CEOListener:activo, ThreadMonitor:activo
[16:29:39] [DEBUG] [MONITOR] Hilos activos: RegistrySync:activo, CEOListener:activo, ThreadMonitor:activo
[16:29:46] [DEBUG] [HILO] Registry sync ejecutado
[16:29:46] [DEBUG] [MONITOR] Hilos activos: RegistrySync:activo, CEOListener:activo, ThreadMonitor:activo
[16:29:52] [DEBUG] [MONITOR] Hilos activos: RegistrySync:activo, CEOListener:activo, ThreadMonitor:activo
[16:29:54] [DEBUG] [HILO] Registry sync ejecutado
[16:30:01] [DEBUG] [MONITOR] Hilos activos: RegistrySync:activo, CEOListener:activo, ThreadMonitor:activo
[16:30:16] [DEBUG] [HILO] Registry sync ejecutado
[16:30:16] [DEBUG] [MONITOR] Hilos activos: RegistrySync:activo, CEOListener:activo, ThreadMonitor:activo
[16:30:31] [DEBUG] [MONITOR] Hilos activos: RegistrySync:activo, CEOListener:activo, ThreadMonitor:activo
[16:30:46] [DEBUG] [HILO] Registry sync ejecutado
[16:30:46] [DEBUG] [MONITOR] Hilos activos: RegistrySync:activo, CEOListener:activo, ThreadMonitor:activo
[16:31:01] [DEBUG] [MONITOR] Hilos activos: RegistrySync:activo, CEOListener:activo, ThreadMonitor:activo
[16:31:16] [DEBUG] [HILO] Registry sync ejecutado
[16:31:16] [DEBUG] [MONITOR] Hilos activos: RegistrySync:activo, CEOListener:activo, ThreadMonitor:activo
[16:31:31] [DEBUG] [MONITOR] Hilos activos: RegistrySync:activo, CEOListener:activo, ThreadMonitor:activo
[16:31:46] [DEBUG] [HILO] Registry sync ejecutado
[16:31:46] [DEBUG] [MONITOR] Hilos activos: RegistrySync:activo, CEOListener:activo, ThreadMonitor:activo
[16:32:01] [DEBUG] [MONITOR] Hilos activos: RegistrySync:activo, CEOListener:activo, ThreadMonitor:activo
[16:32:16] [DEBUG] [HILO] Registry sync ejecutado
[16:32:16] [DEBUG] [MONITOR] Hilos activos: RegistrySync:activo, CEOListener:activo, ThreadMonitor:activo
[16:32:31] [DEBUG] [MONITOR] Hilos activos: RegistrySync:activo, CEOListener:activo, ThreadMonitor:activo
[16:32:46] [DEBUG] [HILO] Registry sync ejecutado
[16:32:46] [DEBUG] [MONITOR] Hilos activos: RegistrySync:activo, CEOListener:activo, ThreadMonitor:activo
[16:33:01] [DEBUG] [MONITOR] Hilos activos: RegistrySync:activo, CEOListener:activo, ThreadMonitor:activo
[16:33:16] [DEBUG] [HILO] Registry sync ejecutado
[16:33:16] [DEBUG] [MONITOR] Hilos activos: RegistrySync:activo, CEOListener:activo, ThreadMonitor:activo
[16:33:31] [DEBUG] [MONITOR] Hilos activos: RegistrySync:activo, CEOListener:activo, ThreadMonitor:activo
[16:33:46] [DEBUG] [HILO] Registry sync ejecutado
[16:33:46] [DEBUG] [MONITOR] Hilos activos: RegistrySync:activo, CEOListener:activo, ThreadMonitor:activo
[16:34:01] [DEBUG] [MONITOR] Hilos activos: RegistrySync:activo, CEOListener:activo, ThreadMonitor:activo
[16:34:16] [DEBUG] [HILO] Registry sync ejecutado
[16:34:16] [DEBUG] [MONITOR] Hilos activos: RegistrySync:activo, CEOListener:activo, ThreadMonitor:activo
[16:34:31] [DEBUG] [MONITOR] Hilos activos: RegistrySync:activo, CEOListener:activo, ThreadMonitor:activo
[16:34:46] [DEBUG] [HILO] Registry sync ejecutado
[16:34:46] [DEBUG] [MONITOR] Hilos activos: RegistrySync:activo, CEOListener:activo, ThreadMonitor:activo
[16:35:01] [DEBUG] [MONITOR] Hilos activos: RegistrySync:activo, CEOListener:activo, ThreadMonitor:activo
[16:35:16] [DEBUG] [HILO] Registry sync ejecutado
[16:35:16] [DEBUG] [MONITOR] Hilos activos: RegistrySync:activo, CEOListener:activo, ThreadMonitor:activo
[16:35:31] [DEBUG] [MONITOR] Hilos activos: RegistrySync:activo, CEOListener:activo, ThreadMonitor:activo
[16:35:46] [DEBUG] [HILO] Registry sync ejecutado
[16:35:46] [DEBUG] [MONITOR] Hilos activos: RegistrySync:activo, CEOListener:activo, ThreadMonitor:activo
[16:36:01] [DEBUG] [MONITOR] Hilos activos: RegistrySync:activo, CEOListener:activo, ThreadMonitor:activo
[16:36:16] [DEBUG] [HILO] Registry sync ejecutado
[16:36:16] [DEBUG] [MONITOR] Hilos activos: RegistrySync:activo, CEOListener:activo, ThreadMonitor:activo
[16:36:31] [DEBUG] [MONITOR] Hilos activos: RegistrySync:activo, CEOListener:activo, ThreadMonitor:activo
[16:36:46] [DEBUG] [HILO] Registry sync ejecutado
[16:36:46] [DEBUG] [MONITOR] Hilos activos: RegistrySync:activo, CEOListener:activo, ThreadMonitor:activo
[16:37:01] [DEBUG] [MONITOR] Hilos activos: RegistrySync:activo, CEOListener:activo, ThreadMonitor:activo
[16:37:16] [DEBUG] [HILO] Registry sync ejecutado
[16:37:16] [DEBUG] [MONITOR] Hilos activos: RegistrySync:activo, CEOListener:activo, ThreadMonitor:activo
[16:37:22] [DEBUG] [INFO] parte5_daimon_base no disponible
[16:37:22] [WARN] [WARN] Error cargando datos: Can't get attribute 'DemandSample' on <module '__main__' from '/data/data/com.termux/files/home/lucifer_prometeo/00_start_all.py'>
[16:37:22] [WARN] [WARN] Error cargando modelo: Can't get attribute 'EnsembleDemandPredictor' on <module '__main__' from '/data/data/com.termux/files/home/lucifer_prometeo/00_start_all.py'>
[16:37:22] [INFO] [HILO] Conectado: RegistrySync
[16:37:22] [DEBUG] [HILO] Registry sync ejecutado
[16:37:22] [INFO] [HILO] Conectado: CEOListener
[16:37:22] [DEBUG] [MONITOR] Hilos activos: RegistrySync:activo, CEOListener:activo
[16:37:22] [INFO] [HILO] Conectado: ThreadMonitor
[16:37:22] [INFO] [HILO] Monitor de threads iniciado
[16:37:22] [INFO] [HILO] Todos los hilos de fondo conectados
[16:37:23] [INFO] [INFO] Entrenando ensemble con 500 muestras...
[16:37:23] [INFO] [OK] Ensemble entrenado exitosamente (0 modelos)
[16:37:23] [INFO] [OK] Predictor inicializado y entrenado con 500 muestras
[16:37:31] [DEBUG] [MONITOR] Hilos activos: RegistrySync:activo, CEOListener:activo, ThreadMonitor:activo
[16:37:37] [DEBUG] [MONITOR] Hilos activos: RegistrySync:activo, CEOListener:activo, ThreadMonitor:activo
[16:37:39] [DEBUG] [INFO] parte5_daimon_base no disponible
[16:37:46] [DEBUG] [HILO] Registry sync ejecutado
[16:37:46] [DEBUG] [MONITOR] Hilos activos: RegistrySync:activo, CEOListener:activo, ThreadMonitor:activo
[16:37:52] [DEBUG] [HILO] Registry sync ejecutado
[16:37:52] [DEBUG] [MONITOR] Hilos activos: RegistrySync:activo, CEOListener:activo, ThreadMonitor:activo
[16:37:55] [WARN] Activando fallback sandbox: faltan UBER_CLIENT_ID, UBER_CLIENT_SECRET, UBER_ACCESS_TOKEN o UBER_SERVER_TOKEN
[16:37:55] [CONFIG] UberConfig: modo=SANDBOX_FALLBACK, fallback=True
[16:37:55] [ERROR] Orquestador no inicializado. Llame init_negotiation_system() primero.
[16:38:01] [DEBUG] [MONITOR] Hilos activos: RegistrySync:activo, CEOListener:activo, ThreadMonitor:activo
[16:38:07] [DEBUG] [MONITOR] Hilos activos: RegistrySync:activo, CEOListener:activo, ThreadMonitor:activo
[16:38:16] [DEBUG] [HILO] Registry sync ejecutado
[16:38:16] [DEBUG] [MONITOR] Hilos activos: RegistrySync:activo, CEOListener:activo, ThreadMonitor:activo
[16:38:22] [DEBUG] [HILO] Registry sync ejecutado
[16:38:22] [DEBUG] [MONITOR] Hilos activos: RegistrySync:activo, CEOListener:activo, ThreadMonitor:activo
[16:38:31] [DEBUG] [MONITOR] Hilos activos: RegistrySync:activo, CEOListener:activo, ThreadMonitor:activo
[16:38:37] [DEBUG] [MONITOR] Hilos activos: RegistrySync:activo, CEOListener:activo, ThreadMonitor:activo
[16:38:46] [DEBUG] [HILO] Registry sync ejecutado
[16:38:46] [DEBUG] [MONITOR] Hilos activos: RegistrySync:activo, CEOListener:activo, ThreadMonitor:activo
[16:38:52] [DEBUG] [HILO] Registry sync ejecutado
[16:38:52] [DEBUG] [MONITOR] Hilos activos: RegistrySync:activo, CEOListener:activo, ThreadMonitor:activo
[16:38:55] [ERROR] Orquestador no inicializado. Llame init_negotiation_system() primero.
[16:39:01] [DEBUG] [MONITOR] Hilos activos: RegistrySync:activo, CEOListener:activo, ThreadMonitor:activo
[16:39:07] [DEBUG] [MONITOR] Hilos activos: RegistrySync:activo, CEOListener:activo, ThreadMonitor:activo
[16:39:16] [DEBUG] [HILO] Registry sync ejecutado
[16:39:16] [DEBUG] [MONITOR] Hilos activos: RegistrySync:activo, CEOListener:activo, ThreadMonitor:activo
[16:39:22] [DEBUG] [HILO] Registry sync ejecutado
[16:39:22] [DEBUG] [MONITOR] Hilos activos: RegistrySync:activo, CEOListener:activo, ThreadMonitor:activo
[16:39:31] [DEBUG] [MONITOR] Hilos activos: RegistrySync:activo, CEOListener:activo, ThreadMonitor:activo
[16:39:37] [DEBUG] [MONITOR] Hilos activos: RegistrySync:activo, CEOListener:activo, ThreadMonitor:activo
[16:39:46] [DEBUG] [HILO] Registry sync ejecutado
[16:39:46] [DEBUG] [MONITOR] Hilos activos: RegistrySync:activo, CEOListener:activo, ThreadMonitor:activo
[16:39:52] [DEBUG] [HILO] Registry sync ejecutado
[16:39:52] [DEBUG] [MONITOR] Hilos activos: RegistrySync:activo, CEOListener:activo, ThreadMonitor:activo
[16:39:55] [ERROR] Orquestador no inicializado. Llame init_negotiation_system() primero.
[16:40:01] [DEBUG] [MONITOR] Hilos activos: RegistrySync:activo, CEOListener:activo, ThreadMonitor:activo
[16:40:07] [DEBUG] [MONITOR] Hilos activos: RegistrySync:activo, CEOListener:activo, ThreadMonitor:activo
[16:40:16] [DEBUG] [HILO] Registry sync ejecutado
[16:40:16] [DEBUG] [MONITOR] Hilos activos: RegistrySync:activo, CEOListener:activo, ThreadMonitor:activo
[16:40:22] [DEBUG] [HILO] Registry sync ejecutado
[16:40:22] [DEBUG] [MONITOR] Hilos activos: RegistrySync:activo, CEOListener:activo, ThreadMonitor:activo
[16:40:31] [DEBUG] [MONITOR] Hilos activos: RegistrySync:activo, CEOListener:activo, ThreadMonitor:activo
[16:40:37] [DEBUG] [MONITOR] Hilos activos: RegistrySync:activo, CEOListener:activo, ThreadMonitor:activo
[16:40:46] [DEBUG] [HILO] Registry sync ejecutado
[16:40:46] [DEBUG] [MONITOR] Hilos activos: RegistrySync:activo, CEOListener:activo, ThreadMonitor:activo
[16:40:52] [DEBUG] [HILO] Registry sync ejecutado
[16:40:52] [DEBUG] [MONITOR] Hilos activos: RegistrySync:activo, CEOListener:activo, ThreadMonitor:activo
[16:40:55] [ERROR] Orquestador no inicializado. Llame init_negotiation_system() primero.
[16:41:01] [DEBUG] [MONITOR] Hilos activos: RegistrySync:activo, CEOListener:activo, ThreadMonitor:activo
[16:41:07] [DEBUG] [MONITOR] Hilos activos: RegistrySync:activo, CEOListener:activo, ThreadMonitor:activo
[16:41:16] [DEBUG] [HILO] Registry sync ejecutado
[16:41:16] [DEBUG] [MONITOR] Hilos activos: RegistrySync:activo, CEOListener:activo, ThreadMonitor:activo
[16:41:22] [DEBUG] [HILO] Registry sync ejecutado
[16:41:22] [DEBUG] [MONITOR] Hilos activos: RegistrySync:activo, CEOListener:activo, ThreadMonitor:activo
[16:41:31] [DEBUG] [MONITOR] Hilos activos: RegistrySync:activo, CEOListener:activo, ThreadMonitor:activo
[16:41:37] [DEBUG] [MONITOR] Hilos activos: RegistrySync:activo, CEOListener:activo, ThreadMonitor:activo
[16:41:46] [DEBUG] [HILO] Registry sync ejecutado
[16:41:46] [DEBUG] [MONITOR] Hilos activos: RegistrySync:activo, CEOListener:activo, ThreadMonitor:activo
[16:41:52] [DEBUG] [HILO] Registry sync ejecutado
[16:41:52] [DEBUG] [MONITOR] Hilos activos: RegistrySync:activo, CEOListener:activo, ThreadMonitor:activo
[16:41:55] [ERROR] Orquestador no inicializado. Llame init_negotiation_system() primero.
[16:42:01] [DEBUG] [MONITOR] Hilos activos: RegistrySync:activo, CEOListener:activo, ThreadMonitor:activo
[16:42:07] [DEBUG] [MONITOR] Hilos activos: RegistrySync:activo, CEOListener:activo, ThreadMonitor:activo
[16:42:16] [DEBUG] [HILO] Registry sync ejecutado
[16:42:16] [DEBUG] [MONITOR] Hilos activos: RegistrySync:activo, CEOListener:activo, ThreadMonitor:activo
[16:42:22] [DEBUG] [HILO] Registry sync ejecutado
[16:42:22] [DEBUG] [MONITOR] Hilos activos: RegistrySync:activo, CEOListener:activo, ThreadMonitor:activo
[16:42:31] [DEBUG] [MONITOR] Hilos activos: RegistrySync:activo, CEOListener:activo, ThreadMonitor:activo
[16:42:37] [DEBUG] [MONITOR] Hilos activos: RegistrySync:activo, CEOListener:activo, ThreadMonitor:activo
[16:42:46] [DEBUG] [HILO] Registry sync ejecutado
[16:42:46] [DEBUG] [MONITOR] Hilos activos: RegistrySync:activo, CEOListener:activo, ThreadMonitor:activo
[16:42:52] [DEBUG] [HILO] Registry sync ejecutado
[16:42:52] [DEBUG] [MONITOR] Hilos activos: RegistrySync:activo, CEOListener:activo, ThreadMonitor:activo
[16:42:56] [ERROR] Orquestador no inicializado. Llame init_negotiation_system() primero.
[16:43:01] [DEBUG] [MONITOR] Hilos activos: RegistrySync:activo, CEOListener:activo, ThreadMonitor:activo
[16:43:07] [DEBUG] [MONITOR] Hilos activos: RegistrySync:activo, CEOListener:activo, ThreadMonitor:activo
[16:43:16] [DEBUG] [HILO] Registry sync ejecutado
[16:43:16] [DEBUG] [MONITOR] Hilos activos: RegistrySync:activo, CEOListener:activo, ThreadMonitor:activo
[16:43:22] [DEBUG] [HILO] Registry sync ejecutado
[16:43:22] [DEBUG] [MONITOR] Hilos activos: RegistrySync:activo, CEOListener:activo, ThreadMonitor:activo
[16:43:31] [DEBUG] [MONITOR] Hilos activos: RegistrySync:activo, CEOListener:activo, ThreadMonitor:activo
[16:43:37] [DEBUG] [MONITOR] Hilos activos: RegistrySync:activo, CEOListener:activo, ThreadMonitor:activo
[16:43:46] [DEBUG] [HILO] Registry sync ejecutado
[16:43:46] [DEBUG] [MONITOR] Hilos activos: RegistrySync:activo, CEOListener:activo, ThreadMonitor:activo
[16:43:52] [DEBUG] [HILO] Registry sync ejecutado
[16:43:52] [DEBUG] [MONITOR] Hilos activos: RegistrySync:activo, CEOListener:activo, ThreadMonitor:activo
[16:43:56] [ERROR] Orquestador no inicializado. Llame init_negotiation_system() primero.
[16:44:01] [DEBUG] [MONITOR] Hilos activos: RegistrySync:activo, CEOListener:activo, ThreadMonitor:activo
[16:44:07] [DEBUG] [MONITOR] Hilos activos: RegistrySync:activo, CEOListener:activo, ThreadMonitor:activo
[16:44:16] [DEBUG] [HILO] Registry sync ejecutado
[16:44:16] [DEBUG] [MONITOR] Hilos activos: RegistrySync:activo, CEOListener:activo, ThreadMonitor:activo
[16:44:22] [DEBUG] [HILO] Registry sync ejecutado
[16:44:22] [DEBUG] [MONITOR] Hilos activos: RegistrySync:activo, CEOListener:activo, ThreadMonitor:activo
[16:44:31] [DEBUG] [MONITOR] Hilos activos: RegistrySync:activo, CEOListener:activo, ThreadMonitor:activo
[16:44:37] [DEBUG] [MONITOR] Hilos activos: RegistrySync:activo, CEOListener:activo, ThreadMonitor:activo
[16:44:46] [DEBUG] [HILO] Registry sync ejecutado
[16:44:46] [DEBUG] [MONITOR] Hilos activos: RegistrySync:activo, CEOListener:activo, ThreadMonitor:activo
[16:44:52] [DEBUG] [HILO] Registry sync ejecutado
[16:44:52] [DEBUG] [MONITOR] Hilos activos: RegistrySync:activo, CEOListener:activo, ThreadMonitor:activo
[16:44:56] [ERROR] Orquestador no inicializado. Llame init_negotiation_system() primero.
[16:45:01] [DEBUG] [MONITOR] Hilos activos: RegistrySync:activo, CEOListener:activo, ThreadMonitor:activo
[16:45:07] [DEBUG] [MONITOR] Hilos activos: RegistrySync:activo, CEOListener:activo, ThreadMonitor:activo
[16:45:16] [DEBUG] [HILO] Registry sync ejecutado
[16:45:16] [DEBUG] [MONITOR] Hilos activos: RegistrySync:activo, CEOListener:activo, ThreadMonitor:activo
[16:45:22] [DEBUG] [HILO] Registry sync ejecutado
[16:45:22] [DEBUG] [MONITOR] Hilos activos: RegistrySync:activo, CEOListener:activo, ThreadMonitor:activo
[16:45:31] [DEBUG] [MONITOR] Hilos activos: RegistrySync:activo, CEOListener:activo, ThreadMonitor:activo
[16:45:37] [DEBUG] [MONITOR] Hilos activos: RegistrySync:activo, CEOListener:activo, ThreadMonitor:activo
[16:45:46] [DEBUG] [HILO] Registry sync ejecutado
[16:45:46] [DEBUG] [MONITOR] Hilos activos: RegistrySync:activo, CEOListener:activo, ThreadMonitor:activo
[16:45:52] [DEBUG] [HILO] Registry sync ejecutado
[16:45:52] [DEBUG] [MONITOR] Hilos activos: RegistrySync:activo, CEOListener:activo, ThreadMonitor:activo
[16:45:56] [ERROR] Orquestador no inicializado. Llame init_negotiation_system() primero.
[16:46:01] [DEBUG] [MONITOR] Hilos activos: RegistrySync:activo, CEOListener:activo, ThreadMonitor:activo
[16:46:07] [DEBUG] [MONITOR] Hilos activos: RegistrySync:activo, CEOListener:activo, ThreadMonitor:activo
[16:46:16] [DEBUG] [HILO] Registry sync ejecutado
[16:46:16] [DEBUG] [MONITOR] Hilos activos: RegistrySync:activo, CEOListener:activo, ThreadMonitor:activo
[16:46:22] [DEBUG] [HILO] Registry sync ejecutado
[16:46:22] [DEBUG] [MONITOR] Hilos activos: RegistrySync:activo, CEOListener:activo, ThreadMonitor:activo
[16:46:31] [DEBUG] [MONITOR] Hilos activos: RegistrySync:activo, CEOListener:activo, ThreadMonitor:activo
[16:46:37] [DEBUG] [MONITOR] Hilos activos: RegistrySync:activo, CEOListener:activo, ThreadMonitor:activo
[16:46:46] [DEBUG] [HILO] Registry sync ejecutado
[16:46:46] [DEBUG] [MONITOR] Hilos activos: RegistrySync:activo, CEOListener:activo, ThreadMonitor:activo
[16:46:52] [DEBUG] [HILO] Registry sync ejecutado
[16:46:52] [DEBUG] [MONITOR] Hilos activos: RegistrySync:activo, CEOListener:activo, ThreadMonitor:activo
[16:46:57] [ERROR] Orquestador no inicializado. Llame init_negotiation_system() primero.
[16:47:01] [DEBUG] [MONITOR] Hilos activos: RegistrySync:activo, CEOListener:activo, ThreadMonitor:activo
[16:47:07] [DEBUG] [MONITOR] Hilos activos: RegistrySync:activo, CEOListener:activo, ThreadMonitor:activo
[16:47:16] [DEBUG] [HILO] Registry sync ejecutado
[16:47:16] [DEBUG] [MONITOR] Hilos activos: RegistrySync:activo, CEOListener:activo, ThreadMonitor:activo
[16:47:22] [DEBUG] [HILO] Registry sync ejecutado
[16:47:22] [DEBUG] [MONITOR] Hilos activos: RegistrySync:activo, CEOListener:activo, ThreadMonitor:activo
[16:47:31] [DEBUG] [MONITOR] Hilos activos: RegistrySync:activo, CEOListener:activo, ThreadMonitor:activo
[16:47:37] [DEBUG] [MONITOR] Hilos activos: RegistrySync:activo, CEOListener:activo, ThreadMonitor:activo
[16:47:46] [DEBUG] [HILO] Registry sync ejecutado
[16:47:46] [DEBUG] [MONITOR] Hilos activos: RegistrySync:activo, CEOListener:activo, ThreadMonitor:activo
[16:47:52] [DEBUG] [HILO] Registry sync ejecutado
[16:47:52] [DEBUG] [MONITOR] Hilos activos: RegistrySync:activo, CEOListener:activo, ThreadMonitor:activo
[16:47:58] [ERROR] Orquestador no inicializado. Llame init_negotiation_system() primero.
[16:48:01] [DEBUG] [MONITOR] Hilos activos: RegistrySync:activo, CEOListener:activo, ThreadMonitor:activo
[16:48:07] [DEBUG] [MONITOR] Hilos activos: RegistrySync:activo, CEOListener:activo, ThreadMonitor:activo
[16:48:16] [DEBUG] [HILO] Registry sync ejecutado
[16:48:16] [DEBUG] [MONITOR] Hilos activos: RegistrySync:activo, CEOListener:activo, ThreadMonitor:activo
[16:48:22] [DEBUG] [HILO] Registry sync ejecutado
[16:48:22] [DEBUG] [MONITOR] Hilos activos: RegistrySync:activo, CEOListener:activo, ThreadMonitor:activo
[16:48:31] [DEBUG] [MONITOR] Hilos activos: RegistrySync:activo, CEOListener:activo, ThreadMonitor:activo
[16:48:37] [DEBUG] [MONITOR] Hilos activos: RegistrySync:activo, CEOListener:activo, ThreadMonitor:activo
[16:48:46] [DEBUG] [HILO] Registry sync ejecutado
[16:48:46] [DEBUG] [MONITOR] Hilos activos: RegistrySync:activo, CEOListener:activo, ThreadMonitor:activo
[16:48:52] [DEBUG] [HILO] Registry sync ejecutado
[16:48:52] [DEBUG] [MONITOR] Hilos activos: RegistrySync:activo, CEOListener:activo, ThreadMonitor:activo
[16:48:58] [ERROR] Orquestador no inicializado. Llame init_negotiation_system() primero.
[16:49:01] [DEBUG] [MONITOR] Hilos activos: RegistrySync:activo, CEOListener:activo, ThreadMonitor:activo
[16:49:07] [DEBUG] [MONITOR] Hilos activos: RegistrySync:activo, CEOListener:activo, ThreadMonitor:activo
[16:49:16] [DEBUG] [HILO] Registry sync ejecutado
[16:49:16] [DEBUG] [MONITOR] Hilos activos: RegistrySync:activo, CEOListener:activo, ThreadMonitor:activo
[16:49:22] [DEBUG] [HILO] Registry sync ejecutado
[16:49:23] [DEBUG] [MONITOR] Hilos activos: RegistrySync:activo, CEOListener:activo, ThreadMonitor:activo
[16:49:31] [DEBUG] [MONITOR] Hilos activos: RegistrySync:activo, CEOListener:activo, ThreadMonitor:activo
[16:49:38] [DEBUG] [MONITOR] Hilos activos: RegistrySync:activo, CEOListener:activo, ThreadMonitor:activo
[16:49:46] [DEBUG] [HILO] Registry sync ejecutado
[16:49:46] [DEBUG] [MONITOR] Hilos activos: RegistrySync:activo, CEOListener:activo, ThreadMonitor:activo
[16:49:52] [DEBUG] [HILO] Registry sync ejecutado
[16:49:53] [DEBUG] [MONITOR] Hilos activos: RegistrySync:activo, CEOListener:activo, ThreadMonitor:activo
[16:49:58] [ERROR] Orquestador no inicializado. Llame init_negotiation_system() primero.
[16:50:01] [DEBUG] [MONITOR] Hilos activos: RegistrySync:activo, CEOListener:activo, ThreadMonitor:activo
[16:50:08] [DEBUG] [MONITOR] Hilos activos: RegistrySync:activo, CEOListener:activo, ThreadMonitor:activo
[16:50:16] [DEBUG] [HILO] Registry sync ejecutado
[16:50:16] [DEBUG] [MONITOR] Hilos activos: RegistrySync:activo, CEOListener:activo, ThreadMonitor:activo
[16:50:22] [DEBUG] [HILO] Registry sync ejecutado
[16:50:23] [DEBUG] [MONITOR] Hilos activos: RegistrySync:activo, CEOListener:activo, ThreadMonitor:activo
[16:50:31] [DEBUG] [MONITOR] Hilos activos: RegistrySync:activo, CEOListener:activo, ThreadMonitor:activo
[16:50:38] [DEBUG] [MONITOR] Hilos activos: RegistrySync:activo, CEOListener:activo, ThreadMonitor:activo
[16:50:46] [DEBUG] [HILO] Registry sync ejecutado
[16:50:46] [DEBUG] [MONITOR] Hilos activos: RegistrySync:activo, CEOListener:activo, ThreadMonitor:activo
[16:50:52] [DEBUG] [HILO] Registry sync ejecutado
[16:50:53] [DEBUG] [MONITOR] Hilos activos: RegistrySync:activo, CEOListener:activo, ThreadMonitor:activo
[16:50:58] [ERROR] Orquestador no inicializado. Llame init_negotiation_system() primero.
[16:51:01] [DEBUG] [MONITOR] Hilos activos: RegistrySync:activo, CEOListener:activo, ThreadMonitor:activo
[16:51:08] [DEBUG] [MONITOR] Hilos activos: RegistrySync:activo, CEOListener:activo, ThreadMonitor:activo
[16:51:16] [DEBUG] [HILO] Registry sync ejecutado
[16:51:16] [DEBUG] [MONITOR] Hilos activos: RegistrySync:activo, CEOListener:activo, ThreadMonitor:activo
[16:51:22] [DEBUG] [HILO] Registry sync ejecutado
[16:51:23] [DEBUG] [MONITOR] Hilos activos: RegistrySync:activo, CEOListener:activo, ThreadMonitor:activo
[16:51:31] [DEBUG] [MONITOR] Hilos activos: RegistrySync:activo, CEOListener:activo, ThreadMonitor:activo
[16:51:38] [DEBUG] [MONITOR] Hilos activos: RegistrySync:activo, CEOListener:activo, ThreadMonitor:activo
[16:51:46] [DEBUG] [HILO] Registry sync ejecutado
[16:51:46] [DEBUG] [MONITOR] Hilos activos: RegistrySync:activo, CEOListener:activo, ThreadMonitor:activo
[16:51:52] [DEBUG] [HILO] Registry sync ejecutado
[16:51:53] [DEBUG] [MONITOR] Hilos activos: RegistrySync:activo, CEOListener:activo, ThreadMonitor:activo
[16:51:59] [ERROR] Orquestador no inicializado. Llame init_negotiation_system() primero.
[16:52:01] [DEBUG] [MONITOR] Hilos activos: RegistrySync:activo, CEOListener:activo, ThreadMonitor:activo
[16:52:08] [DEBUG] [MONITOR] Hilos activos: RegistrySync:activo, CEOListener:activo, ThreadMonitor:activo
[16:52:16] [DEBUG] [HILO] Registry sync ejecutado
[16:52:16] [DEBUG] [MONITOR] Hilos activos: RegistrySync:activo, CEOListener:activo, ThreadMonitor:activo
[16:52:22] [DEBUG] [HILO] Registry sync ejecutado
[16:52:23] [DEBUG] [MONITOR] Hilos activos: RegistrySync:activo, CEOListener:activo, ThreadMonitor:activo
[16:52:31] [DEBUG] [MONITOR] Hilos activos: RegistrySync:activo, CEOListener:activo, ThreadMonitor:activo
[16:52:38] [DEBUG] [MONITOR] Hilos activos: RegistrySync:activo, CEOListener:activo, ThreadMonitor:activo
[16:52:46] [DEBUG] [HILO] Registry sync ejecutado
[16:52:46] [DEBUG] [MONITOR] Hilos activos: RegistrySync:activo, CEOListener:activo, ThreadMonitor:activo
[16:52:52] [DEBUG] [HILO] Registry sync ejecutado
[16:52:53] [DEBUG] [MONITOR] Hilos activos: RegistrySync:activo, CEOListener:activo, ThreadMonitor:activo
[16:52:59] [ERROR] Orquestador no inicializado. Llame init_negotiation_system() primero.
[16:53:01] [DEBUG] [MONITOR] Hilos activos: RegistrySync:activo, CEOListener:activo, ThreadMonitor:activo
[16:53:08] [DEBUG] [MONITOR] Hilos activos: RegistrySync:activo, CEOListener:activo, ThreadMonitor:activo
[16:53:16] [DEBUG] [HILO] Registry sync ejecutado
[16:53:16] [DEBUG] [MONITOR] Hilos activos: RegistrySync:activo, CEOListener:activo, ThreadMonitor:activo
[16:53:22] [DEBUG] [HILO] Registry sync ejecutado
[16:53:23] [DEBUG] [MONITOR] Hilos activos: RegistrySync:activo, CEOListener:activo, ThreadMonitor:activo
[16:53:31] [DEBUG] [MONITOR] Hilos activos: RegistrySync:activo, CEOListener:activo, ThreadMonitor:activo
[16:53:38] [DEBUG] [MONITOR] Hilos activos: RegistrySync:activo, CEOListener:activo, ThreadMonitor:activo
[16:53:46] [DEBUG] [HILO] Registry sync ejecutado
[16:53:46] [DEBUG] [MONITOR] Hilos activos: RegistrySync:activo, CEOListener:activo, ThreadMonitor:activo
[16:53:52] [DEBUG] [HILO] Registry sync ejecutado
[16:53:53] [DEBUG] [MONITOR] Hilos activos: RegistrySync:activo, CEOListener:activo, ThreadMonitor:activo
[16:54:00] [ERROR] Orquestador no inicializado. Llame init_negotiation_system() primero.
[16:54:01] [DEBUG] [MONITOR] Hilos activos: RegistrySync:activo, CEOListener:activo, ThreadMonitor:activo
[16:54:08] [DEBUG] [MONITOR] Hilos activos: RegistrySync:activo, CEOListener:activo, ThreadMonitor:activo
[16:54:16] [DEBUG] [HILO] Registry sync ejecutado
[16:54:16] [DEBUG] [MONITOR] Hilos activos: RegistrySync:activo, CEOListener:activo, ThreadMonitor:activo
[16:54:22] [DEBUG] [HILO] Registry sync ejecutado
[16:54:23] [DEBUG] [MONITOR] Hilos activos: RegistrySync:activo, CEOListener:activo, ThreadMonitor:activo
[16:54:31] [DEBUG] [MONITOR] Hilos activos: RegistrySync:activo, CEOListener:activo, ThreadMonitor:activo
[16:54:38] [DEBUG] [MONITOR] Hilos activos: RegistrySync:activo, CEOListener:activo, ThreadMonitor:activo
[16:54:46] [DEBUG] [HILO] Registry sync ejecutado
[16:54:46] [DEBUG] [MONITOR] Hilos activos: RegistrySync:activo, CEOListener:activo, ThreadMonitor:activo
[16:54:52] [DEBUG] [HILO] Registry sync ejecutado
[16:54:53] [DEBUG] [MONITOR] Hilos activos: RegistrySync:activo, CEOListener:activo, ThreadMonitor:activo
[16:55:00] [ERROR] Orquestador no inicializado. Llame init_negotiation_system() primero.
[16:55:01] [DEBUG] [MONITOR] Hilos activos: RegistrySync:activo, CEOListener:activo, ThreadMonitor:activo
[16:55:08] [DEBUG] [MONITOR] Hilos activos: RegistrySync:activo, CEOListener:activo, ThreadMonitor:activo
[16:55:16] [DEBUG] [HILO] Registry sync ejecutado
[16:55:16] [DEBUG] [MONITOR] Hilos activos: RegistrySync:activo, CEOListener:activo, ThreadMonitor:activo
[16:55:22] [DEBUG] [HILO] Registry sync ejecutado
[16:55:23] [DEBUG] [MONITOR] Hilos activos: RegistrySync:activo, CEOListener:activo, ThreadMonitor:activo
[16:55:31] [DEBUG] [MONITOR] Hilos activos: RegistrySync:activo, CEOListener:activo, ThreadMonitor:activo
[16:55:38] [DEBUG] [MONITOR] Hilos activos: RegistrySync:activo, CEOListener:activo, ThreadMonitor:activo
[16:55:46] [DEBUG] [HILO] Registry sync ejecutado
[16:55:46] [DEBUG] [MONITOR] Hilos activos: RegistrySync:activo, CEOListener:activo, ThreadMonitor:activo
[16:55:52] [DEBUG] [HILO] Registry sync ejecutado
[16:55:53] [DEBUG] [MONITOR] Hilos activos: RegistrySync:activo, CEOListener:activo, ThreadMonitor:activo
[16:56:00] [ERROR] Orquestador no inicializado. Llame init_negotiation_system() primero.
[16:56:01] [DEBUG] [MONITOR] Hilos activos: RegistrySync:activo, CEOListener:activo, ThreadMonitor:activo
[16:56:08] [DEBUG] [MONITOR] Hilos activos: RegistrySync:activo, CEOListener:activo, ThreadMonitor:activo
[16:56:16] [DEBUG] [HILO] Registry sync ejecutado
[16:56:16] [DEBUG] [MONITOR] Hilos activos: RegistrySync:activo, CEOListener:activo, ThreadMonitor:activo
[16:56:22] [DEBUG] [HILO] Registry sync ejecutado
[16:56:23] [DEBUG] [MONITOR] Hilos activos: RegistrySync:activo, CEOListener:activo, ThreadMonitor:activo
[16:56:31] [DEBUG] [MONITOR] Hilos activos: RegistrySync:activo, CEOListener:activo, ThreadMonitor:activo
[16:56:38] [DEBUG] [MONITOR] Hilos activos: RegistrySync:activo, CEOListener:activo, ThreadMonitor:activo
[16:56:46] [DEBUG] [HILO] Registry sync ejecutado
[16:56:46] [DEBUG] [MONITOR] Hilos activos: RegistrySync:activo, CEOListener:activo, ThreadMonitor:activo
[16:56:52] [DEBUG] [HILO] Registry sync ejecutado
[16:56:53] [DEBUG] [MONITOR] Hilos activos: RegistrySync:activo, CEOListener:activo, ThreadMonitor:activo
[16:57:00] [ERROR] Orquestador no inicializado. Llame init_negotiation_system() primero.
[16:57:01] [DEBUG] [MONITOR] Hilos activos: RegistrySync:activo, CEOListener:activo, ThreadMonitor:activo
[16:57:08] [DEBUG] [MONITOR] Hilos activos: RegistrySync:activo, CEOListener:activo, ThreadMonitor:activo
[16:57:16] [DEBUG] [HILO] Registry sync ejecutado
[16:57:16] [DEBUG] [MONITOR] Hilos activos: RegistrySync:activo, CEOListener:activo, ThreadMonitor:activo
[16:57:22] [DEBUG] [HILO] Registry sync ejecutado
[16:57:23] [DEBUG] [MONITOR] Hilos activos: RegistrySync:activo, CEOListener:activo, ThreadMonitor:activo
[16:57:31] [DEBUG] [MONITOR] Hilos activos: RegistrySync:activo, CEOListener:activo, ThreadMonitor:activo
[16:57:38] [DEBUG] [MONITOR] Hilos activos: RegistrySync:activo, CEOListener:activo, ThreadMonitor:activo
[16:57:46] [DEBUG] [HILO] Registry sync ejecutado
[16:57:46] [DEBUG] [MONITOR] Hilos activos: RegistrySync:activo, CEOListener:activo, ThreadMonitor:activo
[16:57:52] [DEBUG] [HILO] Registry sync ejecutado
[16:57:53] [DEBUG] [MONITOR] Hilos activos: RegistrySync:activo, CEOListener:activo, ThreadMonitor:activo
[16:58:00] [ERROR] Orquestador no inicializado. Llame init_negotiation_system() primero.
[16:58:01] [DEBUG] [MONITOR] Hilos activos: RegistrySync:activo, CEOListener:activo, ThreadMonitor:activo
[16:58:08] [DEBUG] [MONITOR] Hilos activos: RegistrySync:activo, CEOListener:activo, ThreadMonitor:activo
[16:58:16] [DEBUG] [HILO] Registry sync ejecutado
[16:58:16] [DEBUG] [MONITOR] Hilos activos: RegistrySync:activo, CEOListener:activo, ThreadMonitor:activo
[16:58:22] [DEBUG] [HILO] Registry sync ejecutado
[16:58:23] [DEBUG] [MONITOR] Hilos activos: RegistrySync:activo, CEOListener:activo, ThreadMonitor:activo
[16:58:31] [DEBUG] [MONITOR] Hilos activos: RegistrySync:activo, CEOListener:activo, ThreadMonitor:activo
[16:58:38] [DEBUG] [MONITOR] Hilos activos: RegistrySync:activo, CEOListener:activo, ThreadMonitor:activo
[16:58:46] [DEBUG] [HILO] Registry sync ejecutado
[16:58:46] [DEBUG] [MONITOR] Hilos activos: RegistrySync:activo, CEOListener:activo, ThreadMonitor:activo
[16:58:52] [DEBUG] [HILO] Registry sync ejecutado
[16:58:53] [DEBUG] [MONITOR] Hilos activos: RegistrySync:activo, CEOListener:activo, ThreadMonitor:activo
[16:59:00] [ERROR] Orquestador no inicializado. Llame init_negotiation_system() primero.
[16:59:01] [DEBUG] [MONITOR] Hilos activos: RegistrySync:activo, CEOListener:activo, ThreadMonitor:activo
[16:59:08] [DEBUG] [MONITOR] Hilos activos: RegistrySync:activo, CEOListener:activo, ThreadMonitor:activo
[16:59:16] [DEBUG] [HILO] Registry sync ejecutado
[16:59:16] [DEBUG] [MONITOR] Hilos activos: RegistrySync:activo, CEOListener:activo, ThreadMonitor:activo
[16:59:22] [DEBUG] [HILO] Registry sync ejecutado
[16:59:23] [DEBUG] [MONITOR] Hilos activos: RegistrySync:activo, CEOListener:activo, ThreadMonitor:activo
[16:59:31] [DEBUG] [MONITOR] Hilos activos: RegistrySync:activo, CEOListener:activo, ThreadMonitor:activo
[16:59:38] [DEBUG] [MONITOR] Hilos activos: RegistrySync:activo, CEOListener:activo, ThreadMonitor:activo
[16:59:46] [DEBUG] [HILO] Registry sync ejecutado
[16:59:46] [DEBUG] [MONITOR] Hilos activos: RegistrySync:activo, CEOListener:activo, ThreadMonitor:activo
[16:59:52] [DEBUG] [HILO] Registry sync ejecutado
[16:59:53] [DEBUG] [MONITOR] Hilos activos: RegistrySync:activo, CEOListener:activo, ThreadMonitor:activo
[17:00:01] [ERROR] Orquestador no inicializado. Llame init_negotiation_system() primero.
[17:00:01] [DEBUG] [MONITOR] Hilos activos: RegistrySync:activo, CEOListener:activo, ThreadMonitor:activo
[17:00:08] [DEBUG] [MONITOR] Hilos activos: RegistrySync:activo, CEOListener:activo, ThreadMonitor:activo
[17:00:16] [DEBUG] [HILO] Registry sync ejecutado
[17:00:16] [DEBUG] [MONITOR] Hilos activos: RegistrySync:activo, CEOListener:activo, ThreadMonitor:activo
[17:00:22] [DEBUG] [HILO] Registry sync ejecutado
[17:00:23] [DEBUG] [MONITOR] Hilos activos: RegistrySync:activo, CEOListener:activo, ThreadMonitor:activo
[17:00:31] [DEBUG] [MONITOR] Hilos activos: RegistrySync:activo, CEOListener:activo, ThreadMonitor:activo
[17:00:38] [DEBUG] [MONITOR] Hilos activos: RegistrySync:activo, CEOListener:activo, ThreadMonitor:activo
[17:00:46] [DEBUG] [HILO] Registry sync ejecutado
[17:00:46] [DEBUG] [MONITOR] Hilos activos: RegistrySync:activo, CEOListener:activo, ThreadMonitor:activo
[17:00:52] [DEBUG] [HILO] Registry sync ejecutado
[17:00:53] [DEBUG] [MONITOR] Hilos activos: RegistrySync:activo, CEOListener:activo, ThreadMonitor:activo
[17:01:01] [ERROR] Orquestador no inicializado. Llame init_negotiation_system() primero.
[17:01:01] [DEBUG] [MONITOR] Hilos activos: RegistrySync:activo, CEOListener:activo, ThreadMonitor:activo
[17:01:08] [DEBUG] [MONITOR] Hilos activos: RegistrySync:activo, CEOListener:activo, ThreadMonitor:activo
[17:01:16] [DEBUG] [HILO] Registry sync ejecutado
[17:01:17] [DEBUG] [MONITOR] Hilos activos: RegistrySync:activo, CEOListener:activo, ThreadMonitor:activo
[17:01:32] [DEBUG] [MONITOR] Hilos activos: RegistrySync:activo, CEOListener:activo, ThreadMonitor:activo
[17:01:46] [DEBUG] [HILO] Registry sync ejecutado
[17:01:47] [DEBUG] [MONITOR] Hilos activos: RegistrySync:activo, CEOListener:activo, ThreadMonitor:activo
[17:02:02] [DEBUG] [MONITOR] Hilos activos: RegistrySync:activo, CEOListener:activo, ThreadMonitor:activo
[17:02:16] [DEBUG] [HILO] Registry sync ejecutado
[17:02:17] [DEBUG] [MONITOR] Hilos activos: RegistrySync:activo, CEOListener:activo, ThreadMonitor:activo
[17:02:32] [DEBUG] [MONITOR] Hilos activos: RegistrySync:activo, CEOListener:activo, ThreadMonitor:activo
[17:02:37] [DEBUG] [INFO] parte5_daimon_base no disponible
[17:02:37] [WARN] [WARN] Error cargando datos: Can't get attribute 'DemandSample' on <module '__main__' from '/data/data/com.termux/files/home/lucifer_prometeo/00_start_all.py'>
[17:02:37] [WARN] [WARN] Error cargando modelo: Can't get attribute 'EnsembleDemandPredictor' on <module '__main__' from '/data/data/com.termux/files/home/lucifer_prometeo/00_start_all.py'>
[17:02:37] [DEBUG] [HILO] Registry sync ejecutado
[17:02:37] [INFO] [HILO] Conectado: RegistrySync
[17:02:37] [INFO] [HILO] Conectado: CEOListener
[17:02:37] [DEBUG] [MONITOR] Hilos activos: RegistrySync:activo, CEOListener:activo
[17:02:37] [INFO] [HILO] Conectado: ThreadMonitor
[17:02:37] [INFO] [HILO] Monitor de threads iniciado
[17:02:37] [INFO] [HILO] Todos los hilos de fondo conectados
[17:02:39] [INFO] [INFO] Entrenando ensemble con 500 muestras...
[17:02:39] [INFO] [OK] Ensemble entrenado exitosamente (0 modelos)
[17:02:39] [INFO] [OK] Predictor inicializado y entrenado con 500 muestras
[17:02:46] [DEBUG] [HILO] Registry sync ejecutado
[17:02:47] [DEBUG] [MONITOR] Hilos activos: RegistrySync:activo, CEOListener:activo, ThreadMonitor:activo
[17:02:52] [DEBUG] [MONITOR] Hilos activos: RegistrySync:activo, CEOListener:activo, ThreadMonitor:activo
[17:02:56] [DEBUG] [INFO] parte5_daimon_base no disponible
[17:03:02] [DEBUG] [MONITOR] Hilos activos: RegistrySync:activo, CEOListener:activo, ThreadMonitor:activo
[17:03:07] [DEBUG] [HILO] Registry sync ejecutado
[17:03:07] [DEBUG] [MONITOR] Hilos activos: RegistrySync:activo, CEOListener:activo, ThreadMonitor:activo
[17:03:16] [DEBUG] [HILO] Registry sync ejecutado
[17:03:17] [DEBUG] [MONITOR] Hilos activos: RegistrySync:activo, CEOListener:activo, ThreadMonitor:activo
[17:03:22] [DEBUG] [MONITOR] Hilos activos: RegistrySync:activo, CEOListener:activo, ThreadMonitor:activo
[17:03:23] [WARN] Activando fallback sandbox: faltan UBER_CLIENT_ID, UBER_CLIENT_SECRET, UBER_ACCESS_TOKEN o UBER_SERVER_TOKEN
[17:03:23] [CONFIG] UberConfig: modo=SANDBOX_FALLBACK, fallback=True
[17:03:23] [ERROR] Orquestador no inicializado. Llame init_negotiation_system() primero.
[17:03:32] [DEBUG] [MONITOR] Hilos activos: RegistrySync:activo, CEOListener:activo, ThreadMonitor:activo
[17:03:37] [DEBUG] [HILO] Registry sync ejecutado
[17:03:37] [DEBUG] [MONITOR] Hilos activos: RegistrySync:activo, CEOListener:activo, ThreadMonitor:activo
[17:03:46] [DEBUG] [HILO] Registry sync ejecutado
[17:03:47] [DEBUG] [MONITOR] Hilos activos: RegistrySync:activo, CEOListener:activo, ThreadMonitor:activo
[17:03:52] [DEBUG] [MONITOR] Hilos activos: RegistrySync:activo, CEOListener:activo, ThreadMonitor:activo
[17:04:02] [DEBUG] [MONITOR] Hilos activos: RegistrySync:activo, CEOListener:activo, ThreadMonitor:activo
[17:04:07] [DEBUG] [HILO] Registry sync ejecutado
[17:04:07] [DEBUG] [MONITOR] Hilos activos: RegistrySync:activo, CEOListener:activo, ThreadMonitor:activo
[17:04:16] [DEBUG] [HILO] Registry sync ejecutado
[17:04:17] [DEBUG] [MONITOR] Hilos activos: RegistrySync:activo, CEOListener:activo, ThreadMonitor:activo
[17:04:22] [DEBUG] [MONITOR] Hilos activos: RegistrySync:activo, CEOListener:activo, ThreadMonitor:activo
[17:04:23] [ERROR] Orquestador no inicializado. Llame init_negotiation_system() primero.
[17:04:32] [DEBUG] [MONITOR] Hilos activos: RegistrySync:activo, CEOListener:activo, ThreadMonitor:activo
[17:04:37] [DEBUG] [HILO] Registry sync ejecutado
[17:04:37] [DEBUG] [MONITOR] Hilos activos: RegistrySync:activo, CEOListener:activo, ThreadMonitor:activo
[17:04:46] [DEBUG] [HILO] Registry sync ejecutado
[17:04:47] [DEBUG] [MONITOR] Hilos activos: RegistrySync:activo, CEOListener:activo, ThreadMonitor:activo
[17:04:52] [DEBUG] [MONITOR] Hilos activos: RegistrySync:activo, CEOListener:activo, ThreadMonitor:activo
[17:05:02] [DEBUG] [MONITOR] Hilos activos: RegistrySync:activo, CEOListener:activo, ThreadMonitor:activo
[17:05:07] [DEBUG] [HILO] Registry sync ejecutado
[17:05:07] [DEBUG] [MONITOR] Hilos activos: RegistrySync:activo, CEOListener:activo, ThreadMonitor:activo
[17:05:16] [DEBUG] [HILO] Registry sync ejecutado
[17:05:17] [DEBUG] [MONITOR] Hilos activos: RegistrySync:activo, CEOListener:activo, ThreadMonitor:activo
[17:05:22] [DEBUG] [MONITOR] Hilos activos: RegistrySync:activo, CEOListener:activo, ThreadMonitor:activo
[17:05:24] [ERROR] Orquestador no inicializado. Llame init_negotiation_system() primero.
[17:05:32] [DEBUG] [MONITOR] Hilos activos: RegistrySync:activo, CEOListener:activo, ThreadMonitor:activo
[17:05:37] [DEBUG] [HILO] Registry sync ejecutado
[17:05:37] [DEBUG] [MONITOR] Hilos activos: RegistrySync:activo, CEOListener:activo, ThreadMonitor:activo
[17:05:46] [DEBUG] [HILO] Registry sync ejecutado
[17:05:47] [DEBUG] [MONITOR] Hilos activos: RegistrySync:activo, CEOListener:activo, ThreadMonitor:activo
[17:05:52] [DEBUG] [MONITOR] Hilos activos: RegistrySync:activo, CEOListener:activo, ThreadMonitor:activo
[17:06:02] [DEBUG] [MONITOR] Hilos activos: RegistrySync:activo, CEOListener:activo, ThreadMonitor:activo
[17:06:07] [DEBUG] [HILO] Registry sync ejecutado
[17:06:07] [DEBUG] [MONITOR] Hilos activos: RegistrySync:activo, CEOListener:activo, ThreadMonitor:activo
[17:06:16] [DEBUG] [HILO] Registry sync ejecutado
[17:06:17] [DEBUG] [MONITOR] Hilos activos: RegistrySync:activo, CEOListener:activo, ThreadMonitor:activo
[17:06:22] [DEBUG] [MONITOR] Hilos activos: RegistrySync:activo, CEOListener:activo, ThreadMonitor:activo
[17:06:24] [ERROR] Orquestador no inicializado. Llame init_negotiation_system() primero.
[17:06:32] [DEBUG] [MONITOR] Hilos activos: RegistrySync:activo, CEOListener:activo, ThreadMonitor:activo
[17:06:37] [DEBUG] [HILO] Registry sync ejecutado
[17:06:37] [DEBUG] [MONITOR] Hilos activos: RegistrySync:activo, CEOListener:activo, ThreadMonitor:activo
[17:06:46] [DEBUG] [HILO] Registry sync ejecutado
[17:06:47] [DEBUG] [MONITOR] Hilos activos: RegistrySync:activo, CEOListener:activo, ThreadMonitor:activo
[17:06:52] [DEBUG] [MONITOR] Hilos activos: RegistrySync:activo, CEOListener:activo, ThreadMonitor:activo
[17:07:02] [DEBUG] [MONITOR] Hilos activos: RegistrySync:activo, CEOListener:activo, ThreadMonitor:activo
[17:07:07] [DEBUG] [HILO] Registry sync ejecutado
[17:07:07] [DEBUG] [MONITOR] Hilos activos: RegistrySync:activo, CEOListener:activo, ThreadMonitor:activo
[17:07:16] [DEBUG] [HILO] Registry sync ejecutado
[17:07:17] [DEBUG] [MONITOR] Hilos activos: RegistrySync:activo, CEOListener:activo, ThreadMonitor:activo
[17:07:22] [DEBUG] [MONITOR] Hilos activos: RegistrySync:activo, CEOListener:activo, ThreadMonitor:activo
[17:07:24] [ERROR] Orquestador no inicializado. Llame init_negotiation_system() primero.
[17:07:32] [DEBUG] [MONITOR] Hilos activos: RegistrySync:activo, CEOListener:activo, ThreadMonitor:activo
[17:07:37] [DEBUG] [HILO] Registry sync ejecutado
[17:07:37] [DEBUG] [MONITOR] Hilos activos: RegistrySync:activo, CEOListener:activo, ThreadMonitor:activo
[17:07:46] [DEBUG] [HILO] Registry sync ejecutado
[17:07:47] [DEBUG] [MONITOR] Hilos activos: RegistrySync:activo, CEOListener:activo, ThreadMonitor:activo
[17:07:52] [DEBUG] [MONITOR] Hilos activos: RegistrySync:activo, CEOListener:activo, ThreadMonitor:activo
[17:08:02] [DEBUG] [MONITOR] Hilos activos: RegistrySync:activo, CEOListener:activo, ThreadMonitor:activo
[17:08:07] [DEBUG] [HILO] Registry sync ejecutado
[17:08:07] [DEBUG] [MONITOR] Hilos activos: RegistrySync:activo, CEOListener:activo, ThreadMonitor:activo
[17:08:16] [DEBUG] [HILO] Registry sync ejecutado
[17:08:17] [DEBUG] [MONITOR] Hilos activos: RegistrySync:activo, CEOListener:activo, ThreadMonitor:activo
[17:08:22] [DEBUG] [MONITOR] Hilos activos: RegistrySync:activo, CEOListener:activo, ThreadMonitor:activo
[17:08:24] [ERROR] Orquestador no inicializado. Llame init_negotiation_system() primero.
[17:08:32] [DEBUG] [MONITOR] Hilos activos: RegistrySync:activo, CEOListener:activo, ThreadMonitor:activo
[17:08:37] [DEBUG] [HILO] Registry sync ejecutado
[17:08:37] [DEBUG] [MONITOR] Hilos activos: RegistrySync:activo, CEOListener:activo, ThreadMonitor:activo
[17:08:46] [DEBUG] [HILO] Registry sync ejecutado
[17:08:47] [DEBUG] [MONITOR] Hilos activos: RegistrySync:activo, CEOListener:activo, ThreadMonitor:activo
[17:08:52] [DEBUG] [MONITOR] Hilos activos: RegistrySync:activo, CEOListener:activo, ThreadMonitor:activo
[17:09:02] [DEBUG] [MONITOR] Hilos activos: RegistrySync:activo, CEOListener:activo, ThreadMonitor:activo
[17:09:07] [DEBUG] [HILO] Registry sync ejecutado
[17:09:07] [DEBUG] [MONITOR] Hilos activos: RegistrySync:activo, CEOListener:activo, ThreadMonitor:activo
[17:09:16] [DEBUG] [HILO] Registry sync ejecutado
[17:09:17] [DEBUG] [MONITOR] Hilos activos: RegistrySync:activo, CEOListener:activo, ThreadMonitor:activo
[17:09:22] [DEBUG] [MONITOR] Hilos activos: RegistrySync:activo, CEOListener:activo, ThreadMonitor:activo
[17:09:25] [ERROR] Orquestador no inicializado. Llame init_negotiation_system() primero.
[17:09:32] [DEBUG] [MONITOR] Hilos activos: RegistrySync:activo, CEOListener:activo, ThreadMonitor:activo
[17:09:37] [DEBUG] [HILO] Registry sync ejecutado
[17:09:37] [DEBUG] [MONITOR] Hilos activos: RegistrySync:activo, CEOListener:activo, ThreadMonitor:activo
[17:09:46] [DEBUG] [HILO] Registry sync ejecutado
[17:09:47] [DEBUG] [MONITOR] Hilos activos: RegistrySync:activo, CEOListener:activo, ThreadMonitor:activo
[17:09:52] [DEBUG] [MONITOR] Hilos activos: RegistrySync:activo, CEOListener:activo, ThreadMonitor:activo
[17:10:02] [DEBUG] [MONITOR] Hilos activos: RegistrySync:activo, CEOListener:activo, ThreadMonitor:activo
[17:10:07] [DEBUG] [HILO] Registry sync ejecutado
[17:10:07] [DEBUG] [MONITOR] Hilos activos: RegistrySync:activo, CEOListener:activo, ThreadMonitor:activo
[17:10:16] [DEBUG] [HILO] Registry sync ejecutado
[17:10:17] [DEBUG] [MONITOR] Hilos activos: RegistrySync:activo, CEOListener:activo, ThreadMonitor:activo
[17:10:22] [DEBUG] [MONITOR] Hilos activos: RegistrySync:activo, CEOListener:activo, ThreadMonitor:activo
[17:10:25] [ERROR] Orquestador no inicializado. Llame init_negotiation_system() primero.
[17:10:32] [DEBUG] [MONITOR] Hilos activos: RegistrySync:activo, CEOListener:activo, ThreadMonitor:activo
[17:10:37] [DEBUG] [HILO] Registry sync ejecutado
[17:10:37] [DEBUG] [MONITOR] Hilos activos: RegistrySync:activo, CEOListener:activo, ThreadMonitor:activo
[17:10:46] [DEBUG] [HILO] Registry sync ejecutado
[17:10:47] [DEBUG] [MONITOR] Hilos activos: RegistrySync:activo, CEOListener:activo, ThreadMonitor:activo
[17:10:52] [DEBUG] [MONITOR] Hilos activos: RegistrySync:activo, CEOListener:activo, ThreadMonitor:activo
[17:11:02] [DEBUG] [MONITOR] Hilos activos: RegistrySync:activo, CEOListener:activo, ThreadMonitor:activo
[17:11:07] [DEBUG] [HILO] Registry sync ejecutado
[17:11:07] [DEBUG] [MONITOR] Hilos activos: RegistrySync:activo, CEOListener:activo, ThreadMonitor:activo
[17:11:16] [DEBUG] [HILO] Registry sync ejecutado
[17:11:17] [DEBUG] [MONITOR] Hilos activos: RegistrySync:activo, CEOListener:activo, ThreadMonitor:activo
[17:11:22] [DEBUG] [MONITOR] Hilos activos: RegistrySync:activo, CEOListener:activo, ThreadMonitor:activo
[17:11:26] [ERROR] Orquestador no inicializado. Llame init_negotiation_system() primero.
[17:11:32] [DEBUG] [MONITOR] Hilos activos: RegistrySync:activo, CEOListener:activo, ThreadMonitor:activo
[17:11:37] [DEBUG] [HILO] Registry sync ejecutado
[17:11:37] [DEBUG] [MONITOR] Hilos activos: RegistrySync:activo, CEOListener:activo, ThreadMonitor:activo
[17:11:46] [DEBUG] [HILO] Registry sync ejecutado
[17:11:47] [DEBUG] [MONITOR] Hilos activos: RegistrySync:activo, CEOListener:activo, ThreadMonitor:activo
[17:11:52] [DEBUG] [MONITOR] Hilos activos: RegistrySync:activo, CEOListener:activo, ThreadMonitor:activo
[17:12:02] [DEBUG] [MONITOR] Hilos activos: RegistrySync:activo, CEOListener:activo, ThreadMonitor:activo
[17:12:07] [DEBUG] [HILO] Registry sync ejecutado
[17:12:07] [DEBUG] [MONITOR] Hilos activos: RegistrySync:activo, CEOListener:activo, ThreadMonitor:activo
[17:12:16] [DEBUG] [HILO] Registry sync ejecutado
[17:12:17] [DEBUG] [MONITOR] Hilos activos: RegistrySync:activo, CEOListener:activo, ThreadMonitor:activo
[17:12:22] [DEBUG] [MONITOR] Hilos activos: RegistrySync:activo, CEOListener:activo, ThreadMonitor:activo
[17:12:26] [ERROR] Orquestador no inicializado. Llame init_negotiation_system() primero.
[17:12:32] [DEBUG] [MONITOR] Hilos activos: RegistrySync:activo, CEOListener:activo, ThreadMonitor:activo
[17:12:37] [DEBUG] [HILO] Registry sync ejecutado
[17:12:37] [DEBUG] [MONITOR] Hilos activos: RegistrySync:activo, CEOListener:activo, ThreadMonitor:activo
[17:12:46] [DEBUG] [HILO] Registry sync ejecutado
[17:12:47] [DEBUG] [MONITOR] Hilos activos: RegistrySync:activo, CEOListener:activo, ThreadMonitor:activo
[17:12:52] [DEBUG] [MONITOR] Hilos activos: RegistrySync:activo, CEOListener:activo, ThreadMonitor:activo
[17:13:02] [DEBUG] [MONITOR] Hilos activos: RegistrySync:activo, CEOListener:activo, ThreadMonitor:activo
[17:13:07] [DEBUG] [HILO] Registry sync ejecutado
[17:13:07] [DEBUG] [MONITOR] Hilos activos: RegistrySync:activo, CEOListener:activo, ThreadMonitor:activo
[17:13:16] [DEBUG] [HILO] Registry sync ejecutado
[17:13:17] [DEBUG] [MONITOR] Hilos activos: RegistrySync:activo, CEOListener:activo, ThreadMonitor:activo
[17:13:22] [DEBUG] [MONITOR] Hilos activos: RegistrySync:activo, CEOListener:activo, ThreadMonitor:activo
[17:13:26] [ERROR] Orquestador no inicializado. Llame init_negotiation_system() primero.
[17:13:32] [DEBUG] [MONITOR] Hilos activos: RegistrySync:activo, CEOListener:activo, ThreadMonitor:activo
[17:13:37] [DEBUG] [HILO] Registry sync ejecutado
[17:13:37] [DEBUG] [MONITOR] Hilos activos: RegistrySync:activo, CEOListener:activo, ThreadMonitor:activo
[17:13:46] [DEBUG] [HILO] Registry sync ejecutado
[17:13:47] [DEBUG] [MONITOR] Hilos activos: RegistrySync:activo, CEOListener:activo, ThreadMonitor:activo
[17:13:52] [DEBUG] [MONITOR] Hilos activos: RegistrySync:activo, CEOListener:activo, ThreadMonitor:activo
[17:14:02] [DEBUG] [MONITOR] Hilos activos: RegistrySync:activo, CEOListener:activo, ThreadMonitor:activo
[17:14:07] [DEBUG] [HILO] Registry sync ejecutado
[17:14:07] [DEBUG] [MONITOR] Hilos activos: RegistrySync:activo, CEOListener:activo, ThreadMonitor:activo
[17:14:16] [DEBUG] [HILO] Registry sync ejecutado
[17:14:17] [DEBUG] [MONITOR] Hilos activos: RegistrySync:activo, CEOListener:activo, ThreadMonitor:activo
[17:14:22] [DEBUG] [MONITOR] Hilos activos: RegistrySync:activo, CEOListener:activo, ThreadMonitor:activo
[17:14:26] [ERROR] Orquestador no inicializado. Llame init_negotiation_system() primero.
[17:14:32] [DEBUG] [MONITOR] Hilos activos: RegistrySync:activo, CEOListener:activo, ThreadMonitor:activo
[17:14:37] [DEBUG] [HILO] Registry sync ejecutado
[17:14:37] [DEBUG] [MONITOR] Hilos activos: RegistrySync:activo, CEOListener:activo, ThreadMonitor:activo
[17:14:46] [DEBUG] [HILO] Registry sync ejecutado
[17:14:47] [DEBUG] [MONITOR] Hilos activos: RegistrySync:activo, CEOListener:activo, ThreadMonitor:activo
[17:14:52] [DEBUG] [MONITOR] Hilos activos: RegistrySync:activo, CEOListener:activo, ThreadMonitor:activo
[17:15:02] [DEBUG] [MONITOR] Hilos activos: RegistrySync:activo, CEOListener:activo, ThreadMonitor:activo
[17:15:07] [DEBUG] [HILO] Registry sync ejecutado
[17:15:08] [DEBUG] [MONITOR] Hilos activos: RegistrySync:activo, CEOListener:activo, ThreadMonitor:activo
[17:15:16] [DEBUG] [HILO] Registry sync ejecutado
[17:15:17] [DEBUG] [MONITOR] Hilos activos: RegistrySync:activo, CEOListener:activo, ThreadMonitor:activo
[17:15:23] [DEBUG] [MONITOR] Hilos activos: RegistrySync:activo, CEOListener:activo, ThreadMonitor:activo
[17:15:27] [ERROR] Orquestador no inicializado. Llame init_negotiation_system() primero.
[17:15:32] [DEBUG] [MONITOR] Hilos activos: RegistrySync:activo, CEOListener:activo, ThreadMonitor:activo
[17:15:37] [DEBUG] [HILO] Registry sync ejecutado
[17:15:38] [DEBUG] [MONITOR] Hilos activos: RegistrySync:activo, CEOListener:activo, ThreadMonitor:activo
[17:15:46] [DEBUG] [HILO] Registry sync ejecutado
[17:15:47] [DEBUG] [MONITOR] Hilos activos: RegistrySync:activo, CEOListener:activo, ThreadMonitor:activo
[17:15:53] [DEBUG] [MONITOR] Hilos activos: RegistrySync:activo, CEOListener:activo, ThreadMonitor:activo
[17:16:02] [DEBUG] [MONITOR] Hilos activos: RegistrySync:activo, CEOListener:activo, ThreadMonitor:activo
[17:16:07] [DEBUG] [HILO] Registry sync ejecutado
[17:16:08] [DEBUG] [MONITOR] Hilos activos: RegistrySync:activo, CEOListener:activo, ThreadMonitor:activo
[17:16:16] [DEBUG] [HILO] Registry sync ejecutado
[17:16:17] [DEBUG] [MONITOR] Hilos activos: RegistrySync:activo, CEOListener:activo, ThreadMonitor:activo
[17:16:23] [DEBUG] [MONITOR] Hilos activos: RegistrySync:activo, CEOListener:activo, ThreadMonitor:activo
[17:16:27] [ERROR] Orquestador no inicializado. Llame init_negotiation_system() primero.
[17:16:32] [DEBUG] [MONITOR] Hilos activos: RegistrySync:activo, CEOListener:activo, ThreadMonitor:activo
[17:16:37] [DEBUG] [HILO] Registry sync ejecutado
[17:16:38] [DEBUG] [MONITOR] Hilos activos: RegistrySync:activo, CEOListener:activo, ThreadMonitor:activo
[17:16:46] [DEBUG] [HILO] Registry sync ejecutado
[17:16:47] [DEBUG] [MONITOR] Hilos activos: RegistrySync:activo, CEOListener:activo, ThreadMonitor:activo
[17:16:53] [DEBUG] [MONITOR] Hilos activos: RegistrySync:activo, CEOListener:activo, ThreadMonitor:activo
[17:17:02] [DEBUG] [MONITOR] Hilos activos: RegistrySync:activo, CEOListener:activo, ThreadMonitor:activo
[17:17:07] [DEBUG] [HILO] Registry sync ejecutado
[17:17:08] [DEBUG] [MONITOR] Hilos activos: RegistrySync:activo, CEOListener:activo, ThreadMonitor:activo
[17:17:16] [DEBUG] [HILO] Registry sync ejecutado
[17:17:17] [DEBUG] [MONITOR] Hilos activos: RegistrySync:activo, CEOListener:activo, ThreadMonitor:activo
[17:17:23] [DEBUG] [MONITOR] Hilos activos: RegistrySync:activo, CEOListener:activo, ThreadMonitor:activo
[17:17:27] [ERROR] Orquestador no inicializado. Llame init_negotiation_system() primero.
[17:17:32] [DEBUG] [MONITOR] Hilos activos: RegistrySync:activo, CEOListener:activo, ThreadMonitor:activo
[17:17:37] [DEBUG] [HILO] Registry sync ejecutado
[17:17:38] [DEBUG] [MONITOR] Hilos activos: RegistrySync:activo, CEOListener:activo, ThreadMonitor:activo
[17:17:46] [DEBUG] [HILO] Registry sync ejecutado
[17:17:47] [DEBUG] [MONITOR] Hilos activos: RegistrySync:activo, CEOListener:activo, ThreadMonitor:activo
[17:17:53] [DEBUG] [MONITOR] Hilos activos: RegistrySync:activo, CEOListener:activo, ThreadMonitor:activo
[17:18:02] [DEBUG] [MONITOR] Hilos activos: RegistrySync:activo, CEOListener:activo, ThreadMonitor:activo
[17:18:07] [DEBUG] [HILO] Registry sync ejecutado
[17:18:08] [DEBUG] [MONITOR] Hilos activos: RegistrySync:activo, CEOListener:activo, ThreadMonitor:activo
[17:18:16] [DEBUG] [HILO] Registry sync ejecutado
[17:18:17] [DEBUG] [MONITOR] Hilos activos: RegistrySync:activo, CEOListener:activo, ThreadMonitor:activo
[17:18:23] [DEBUG] [MONITOR] Hilos activos: RegistrySync:activo, CEOListener:activo, ThreadMonitor:activo
[17:18:27] [ERROR] Orquestador no inicializado. Llame init_negotiation_system() primero.
[17:18:32] [DEBUG] [MONITOR] Hilos activos: RegistrySync:activo, CEOListener:activo, ThreadMonitor:activo
[17:18:37] [DEBUG] [HILO] Registry sync ejecutado
[17:18:38] [DEBUG] [MONITOR] Hilos activos: RegistrySync:activo, CEOListener:activo, ThreadMonitor:activo
[17:18:46] [DEBUG] [HILO] Registry sync ejecutado
[17:18:47] [DEBUG] [MONITOR] Hilos activos: RegistrySync:activo, CEOListener:activo, ThreadMonitor:activo
[17:18:53] [DEBUG] [MONITOR] Hilos activos: RegistrySync:activo, CEOListener:activo, ThreadMonitor:activo
[17:19:02] [DEBUG] [MONITOR] Hilos activos: RegistrySync:activo, CEOListener:activo, ThreadMonitor:activo
[17:19:07] [DEBUG] [HILO] Registry sync ejecutado
[17:19:08] [DEBUG] [MONITOR] Hilos activos: RegistrySync:activo, CEOListener:activo, ThreadMonitor:activo
[17:19:16] [DEBUG] [HILO] Registry sync ejecutado
[17:19:17] [DEBUG] [MONITOR] Hilos activos: RegistrySync:activo, CEOListener:activo, ThreadMonitor:activo
[17:19:23] [DEBUG] [MONITOR] Hilos activos: RegistrySync:activo, CEOListener:activo, ThreadMonitor:activo
[17:19:28] [ERROR] Orquestador no inicializado. Llame init_negotiation_system() primero.
[17:19:32] [DEBUG] [MONITOR] Hilos activos: RegistrySync:activo, CEOListener:activo, ThreadMonitor:activo
[17:19:37] [DEBUG] [HILO] Registry sync ejecutado
[17:19:38] [DEBUG] [MONITOR] Hilos activos: RegistrySync:activo, CEOListener:activo, ThreadMonitor:activo
[17:19:46] [DEBUG] [HILO] Registry sync ejecutado
[17:19:47] [DEBUG] [MONITOR] Hilos activos: RegistrySync:activo, CEOListener:activo, ThreadMonitor:activo
[17:19:53] [DEBUG] [MONITOR] Hilos activos: RegistrySync:activo, CEOListener:activo, ThreadMonitor:activo
[17:20:02] [DEBUG] [MONITOR] Hilos activos: RegistrySync:activo, CEOListener:activo, ThreadMonitor:activo
[17:20:07] [DEBUG] [HILO] Registry sync ejecutado
[17:20:08] [DEBUG] [MONITOR] Hilos activos: RegistrySync:activo, CEOListener:activo, ThreadMonitor:activo
[17:20:16] [DEBUG] [HILO] Registry sync ejecutado
[17:20:17] [DEBUG] [MONITOR] Hilos activos: RegistrySync:activo, CEOListener:activo, ThreadMonitor:activo
[17:20:23] [DEBUG] [MONITOR] Hilos activos: RegistrySync:activo, CEOListener:activo, ThreadMonitor:activo
[17:20:29] [ERROR] Orquestador no inicializado. Llame init_negotiation_system() primero.
[17:20:32] [DEBUG] [MONITOR] Hilos activos: RegistrySync:activo, CEOListener:activo, ThreadMonitor:activo
[17:20:37] [DEBUG] [HILO] Registry sync ejecutado
[17:20:38] [DEBUG] [MONITOR] Hilos activos: RegistrySync:activo, CEOListener:activo, ThreadMonitor:activo
[17:20:46] [DEBUG] [HILO] Registry sync ejecutado
[17:20:47] [DEBUG] [MONITOR] Hilos activos: RegistrySync:activo, CEOListener:activo, ThreadMonitor:activo
[17:20:53] [DEBUG] [MONITOR] Hilos activos: RegistrySync:activo, CEOListener:activo, ThreadMonitor:activo
[17:21:02] [DEBUG] [MONITOR] Hilos activos: RegistrySync:activo, CEOListener:activo, ThreadMonitor:activo
[17:21:07] [DEBUG] [HILO] Registry sync ejecutado
[17:21:08] [DEBUG] [MONITOR] Hilos activos: RegistrySync:activo, CEOListener:activo, ThreadMonitor:activo
[17:21:16] [DEBUG] [HILO] Registry sync ejecutado
[17:21:17] [DEBUG] [MONITOR] Hilos activos: RegistrySync:activo, CEOListener:activo, ThreadMonitor:activo
[17:21:23] [DEBUG] [MONITOR] Hilos activos: RegistrySync:activo, CEOListener:activo, ThreadMonitor:activo
[17:21:30] [ERROR] Orquestador no inicializado. Llame init_negotiation_system() primero.
[17:21:32] [DEBUG] [MONITOR] Hilos activos: RegistrySync:activo, CEOListener:activo, ThreadMonitor:activo
[17:21:37] [DEBUG] [HILO] Registry sync ejecutado
[17:21:38] [DEBUG] [MONITOR] Hilos activos: RegistrySync:activo, CEOListener:activo, ThreadMonitor:activo
[17:21:47] [DEBUG] [HILO] Registry sync ejecutado
[17:21:47] [DEBUG] [MONITOR] Hilos activos: RegistrySync:activo, CEOListener:activo, ThreadMonitor:activo
[17:21:53] [DEBUG] [MONITOR] Hilos activos: RegistrySync:activo, CEOListener:activo, ThreadMonitor:activo
[17:22:02] [DEBUG] [MONITOR] Hilos activos: RegistrySync:activo, CEOListener:activo, ThreadMonitor:activo
[17:22:07] [DEBUG] [HILO] Registry sync ejecutado
[17:22:08] [DEBUG] [MONITOR] Hilos activos: RegistrySync:activo, CEOListener:activo, ThreadMonitor:activo
[17:22:17] [DEBUG] [HILO] Registry sync ejecutado
[17:22:17] [DEBUG] [MONITOR] Hilos activos: RegistrySync:activo, CEOListener:activo, ThreadMonitor:activo
[17:22:23] [DEBUG] [MONITOR] Hilos activos: RegistrySync:activo, CEOListener:activo, ThreadMonitor:activo
[17:22:30] [ERROR] Orquestador no inicializado. Llame init_negotiation_system() primero.
[17:22:32] [DEBUG] [MONITOR] Hilos activos: RegistrySync:activo, CEOListener:activo, ThreadMonitor:activo
[17:22:37] [DEBUG] [HILO] Registry sync ejecutado
[17:22:38] [DEBUG] [MONITOR] Hilos activos: RegistrySync:activo, CEOListener:activo, ThreadMonitor:activo
[17:22:47] [DEBUG] [HILO] Registry sync ejecutado
[17:22:47] [DEBUG] [MONITOR] Hilos activos: RegistrySync:activo, CEOListener:activo, ThreadMonitor:activo
[17:22:53] [DEBUG] [MONITOR] Hilos activos: RegistrySync:activo, CEOListener:activo, ThreadMonitor:activo
[17:23:02] [DEBUG] [MONITOR] Hilos activos: RegistrySync:activo, CEOListener:activo, ThreadMonitor:activo
[17:23:07] [DEBUG] [HILO] Registry sync ejecutado
[17:23:08] [DEBUG] [MONITOR] Hilos activos: RegistrySync:activo, CEOListener:activo, ThreadMonitor:activo
[17:23:17] [DEBUG] [HILO] Registry sync ejecutado
[17:23:17] [DEBUG] [MONITOR] Hilos activos: RegistrySync:activo, CEOListener:activo, ThreadMonitor:activo
[17:23:23] [DEBUG] [MONITOR] Hilos activos: RegistrySync:activo, CEOListener:activo, ThreadMonitor:activo
[17:23:31] [ERROR] Orquestador no inicializado. Llame init_negotiation_system() primero.
[17:23:32] [DEBUG] [MONITOR] Hilos activos: RegistrySync:activo, CEOListener:activo, ThreadMonitor:activo
[17:23:37] [DEBUG] [HILO] Registry sync ejecutado
[17:23:38] [DEBUG] [MONITOR] Hilos activos: RegistrySync:activo, CEOListener:activo, ThreadMonitor:activo
[17:23:47] [DEBUG] [HILO] Registry sync ejecutado
[17:23:47] [DEBUG] [MONITOR] Hilos activos: RegistrySync:activo, CEOListener:activo, ThreadMonitor:activo
[17:23:53] [DEBUG] [MONITOR] Hilos activos: RegistrySync:activo, CEOListener:activo, ThreadMonitor:activo
[17:24:02] [DEBUG] [MONITOR] Hilos activos: RegistrySync:activo, CEOListener:activo, ThreadMonitor:activo
[17:24:07] [DEBUG] [HILO] Registry sync ejecutado
[17:24:08] [DEBUG] [MONITOR] Hilos activos: RegistrySync:activo, CEOListener:activo, ThreadMonitor:activo
[17:24:17] [DEBUG] [HILO] Registry sync ejecutado
[17:24:17] [DEBUG] [MONITOR] Hilos activos: RegistrySync:activo, CEOListener:activo, ThreadMonitor:activo
[17:24:23] [DEBUG] [MONITOR] Hilos activos: RegistrySync:activo, CEOListener:activo, ThreadMonitor:activo
[17:24:31] [ERROR] Orquestador no inicializado. Llame init_negotiation_system() primero.
[17:24:32] [DEBUG] [MONITOR] Hilos activos: RegistrySync:activo, CEOListener:activo, ThreadMonitor:activo
[17:24:37] [DEBUG] [HILO] Registry sync ejecutado
[17:24:38] [DEBUG] [MONITOR] Hilos activos: RegistrySync:activo, CEOListener:activo, ThreadMonitor:activo
[17:24:47] [DEBUG] [HILO] Registry sync ejecutado
[17:24:47] [DEBUG] [MONITOR] Hilos activos: RegistrySync:activo, CEOListener:activo, ThreadMonitor:activo
[17:24:53] [DEBUG] [MONITOR] Hilos activos: RegistrySync:activo, CEOListener:activo, ThreadMonitor:activo
[17:25:02] [DEBUG] [MONITOR] Hilos activos: RegistrySync:activo, CEOListener:activo, ThreadMonitor:activo
[17:25:07] [DEBUG] [HILO] Registry sync ejecutado
[17:25:08] [DEBUG] [MONITOR] Hilos activos: RegistrySync:activo, CEOListener:activo, ThreadMonitor:activo
[17:25:17] [DEBUG] [HILO] Registry sync ejecutado
[17:25:17] [DEBUG] [MONITOR] Hilos activos: RegistrySync:activo, CEOListener:activo, ThreadMonitor:activo
[17:25:23] [DEBUG] [MONITOR] Hilos activos: RegistrySync:activo, CEOListener:activo, ThreadMonitor:activo
[17:25:32] [ERROR] Orquestador no inicializado. Llame init_negotiation_system() primero.
[17:25:32] [DEBUG] [MONITOR] Hilos activos: RegistrySync:activo, CEOListener:activo, ThreadMonitor:activo
[17:25:37] [DEBUG] [HILO] Registry sync ejecutado
[17:25:38] [DEBUG] [MONITOR] Hilos activos: RegistrySync:activo, CEOListener:activo, ThreadMonitor:activo
[17:25:47] [DEBUG] [HILO] Registry sync ejecutado
[17:25:47] [DEBUG] [MONITOR] Hilos activos: RegistrySync:activo, CEOListener:activo, ThreadMonitor:activo
[17:25:53] [DEBUG] [MONITOR] Hilos activos: RegistrySync:activo, CEOListener:activo, ThreadMonitor:activo
[17:26:02] [DEBUG] [MONITOR] Hilos activos: RegistrySync:activo, CEOListener:activo, ThreadMonitor:activo
[17:26:07] [DEBUG] [HILO] Registry sync ejecutado
[17:26:08] [DEBUG] [MONITOR] Hilos activos: RegistrySync:activo, CEOListener:activo, ThreadMonitor:activo
[17:26:17] [DEBUG] [HILO] Registry sync ejecutado
[17:26:17] [DEBUG] [MONITOR] Hilos activos: RegistrySync:activo, CEOListener:activo, ThreadMonitor:activo
[17:26:23] [DEBUG] [MONITOR] Hilos activos: RegistrySync:activo, CEOListener:activo, ThreadMonitor:activo
[17:26:32] [ERROR] Orquestador no inicializado. Llame init_negotiation_system() primero.
[17:26:32] [DEBUG] [MONITOR] Hilos activos: RegistrySync:activo, CEOListener:activo, ThreadMonitor:activo
[17:26:37] [DEBUG] [HILO] Registry sync ejecutado
[17:26:38] [DEBUG] [MONITOR] Hilos activos: RegistrySync:activo, CEOListener:activo, ThreadMonitor:activo
[17:26:47] [DEBUG] [HILO] Registry sync ejecutado
[17:26:47] [DEBUG] [MONITOR] Hilos activos: RegistrySync:activo, CEOListener:activo, ThreadMonitor:activo
[17:26:53] [DEBUG] [MONITOR] Hilos activos: RegistrySync:activo, CEOListener:activo, ThreadMonitor:activo
[17:27:02] [DEBUG] [MONITOR] Hilos activos: RegistrySync:activo, CEOListener:activo, ThreadMonitor:activo
[17:27:07] [DEBUG] [HILO] Registry sync ejecutado
[17:27:08] [DEBUG] [MONITOR] Hilos activos: RegistrySync:activo, CEOListener:activo, ThreadMonitor:activo
[17:27:17] [DEBUG] [HILO] Registry sync ejecutado
[17:27:17] [DEBUG] [MONITOR] Hilos activos: RegistrySync:activo, CEOListener:activo, ThreadMonitor:activo
[17:27:23] [DEBUG] [MONITOR] Hilos activos: RegistrySync:activo, CEOListener:activo, ThreadMonitor:activo
[17:27:32] [ERROR] Orquestador no inicializado. Llame init_negotiation_system() primero.
[17:27:32] [DEBUG] [MONITOR] Hilos activos: RegistrySync:activo, CEOListener:activo, ThreadMonitor:activo
[17:27:37] [DEBUG] [HILO] Registry sync ejecutado
[17:27:38] [DEBUG] [MONITOR] Hilos activos: RegistrySync:activo, CEOListener:activo, ThreadMonitor:activo
[17:27:47] [DEBUG] [HILO] Registry sync ejecutado
[17:27:47] [DEBUG] [MONITOR] Hilos activos: RegistrySync:activo, CEOListener:activo, ThreadMonitor:activo
[17:27:53] [DEBUG] [MONITOR] Hilos activos: RegistrySync:activo, CEOListener:activo, ThreadMonitor:activo
[17:28:02] [DEBUG] [MONITOR] Hilos activos: RegistrySync:activo, CEOListener:activo, ThreadMonitor:activo
[17:28:07] [DEBUG] [HILO] Registry sync ejecutado
[17:28:08] [DEBUG] [MONITOR] Hilos activos: RegistrySync:activo, CEOListener:activo, ThreadMonitor:activo
[17:28:17] [DEBUG] [HILO] Registry sync ejecutado
[17:28:17] [DEBUG] [MONITOR] Hilos activos: RegistrySync:activo, CEOListener:activo, ThreadMonitor:activo
[17:28:23] [DEBUG] [MONITOR] Hilos activos: RegistrySync:activo, CEOListener:activo, ThreadMonitor:activo
[17:28:32] [ERROR] Orquestador no inicializado. Llame init_negotiation_system() primero.
[17:28:32] [DEBUG] [MONITOR] Hilos activos: RegistrySync:activo, CEOListener:activo, ThreadMonitor:activo
[17:28:37] [DEBUG] [HILO] Registry sync ejecutado
[17:28:38] [DEBUG] [MONITOR] Hilos activos: RegistrySync:activo, CEOListener:activo, ThreadMonitor:activo
[17:28:47] [DEBUG] [HILO] Registry sync ejecutado
[17:28:47] [DEBUG] [MONITOR] Hilos activos: RegistrySync:activo, CEOListener:activo, ThreadMonitor:activo
[17:28:53] [DEBUG] [MONITOR] Hilos activos: RegistrySync:activo, CEOListener:activo, ThreadMonitor:activo
[17:29:02] [DEBUG] [MONITOR] Hilos activos: RegistrySync:activo, CEOListener:activo, ThreadMonitor:activo
[17:29:07] [DEBUG] [HILO] Registry sync ejecutado
[17:29:08] [DEBUG] [MONITOR] Hilos activos: RegistrySync:activo, CEOListener:activo, ThreadMonitor:activo
[17:29:17] [DEBUG] [HILO] Registry sync ejecutado
[17:29:17] [DEBUG] [MONITOR] Hilos activos: RegistrySync:activo, CEOListener:activo, ThreadMonitor:activo
[17:29:23] [DEBUG] [MONITOR] Hilos activos: RegistrySync:activo, CEOListener:activo, ThreadMonitor:activo
[17:29:32] [ERROR] Orquestador no inicializado. Llame init_negotiation_system() primero.
[17:29:32] [DEBUG] [MONITOR] Hilos activos: RegistrySync:activo, CEOListener:activo, ThreadMonitor:activo
[17:29:37] [DEBUG] [HILO] Registry sync ejecutado
[17:29:38] [DEBUG] [MONITOR] Hilos activos: RegistrySync:activo, CEOListener:activo, ThreadMonitor:activo
[17:29:47] [DEBUG] [HILO] Registry sync ejecutado
[17:29:47] [DEBUG] [MONITOR] Hilos activos: RegistrySync:activo, CEOListener:activo, ThreadMonitor:activo
[17:29:53] [DEBUG] [MONITOR] Hilos activos: RegistrySync:activo, CEOListener:activo, ThreadMonitor:activo
[17:30:02] [DEBUG] [MONITOR] Hilos activos: RegistrySync:activo, CEOListener:activo, ThreadMonitor:activo
[17:30:07] [DEBUG] [HILO] Registry sync ejecutado
[17:30:08] [DEBUG] [MONITOR] Hilos activos: RegistrySync:activo, CEOListener:activo, ThreadMonitor:activo
[17:30:17] [DEBUG] [HILO] Registry sync ejecutado
[17:30:17] [DEBUG] [MONITOR] Hilos activos: RegistrySync:activo, CEOListener:activo, ThreadMonitor:activo
[17:30:23] [DEBUG] [MONITOR] Hilos activos: RegistrySync:activo, CEOListener:activo, ThreadMonitor:activo
[17:30:32] [DEBUG] [MONITOR] Hilos activos: RegistrySync:activo, CEOListener:activo, ThreadMonitor:activo
[17:30:33] [ERROR] Orquestador no inicializado. Llame init_negotiation_system() primero.
[17:30:37] [DEBUG] [HILO] Registry sync ejecutado
[17:30:38] [DEBUG] [MONITOR] Hilos activos: RegistrySync:activo, CEOListener:activo, ThreadMonitor:activo
[17:30:47] [DEBUG] [HILO] Registry sync ejecutado
[17:30:47] [DEBUG] [MONITOR] Hilos activos: RegistrySync:activo, CEOListener:activo, ThreadMonitor:activo
[17:30:53] [DEBUG] [MONITOR] Hilos activos: RegistrySync:activo, CEOListener:activo, ThreadMonitor:activo
[17:31:02] [DEBUG] [MONITOR] Hilos activos: RegistrySync:activo, CEOListener:activo, ThreadMonitor:activo
[17:31:07] [DEBUG] [HILO] Registry sync ejecutado
[17:31:08] [DEBUG] [MONITOR] Hilos activos: RegistrySync:activo, CEOListener:activo, ThreadMonitor:activo
[17:31:17] [DEBUG] [HILO] Registry sync ejecutado
[17:31:17] [DEBUG] [MONITOR] Hilos activos: RegistrySync:activo, CEOListener:activo, ThreadMonitor:activo
[17:31:23] [DEBUG] [MONITOR] Hilos activos: RegistrySync:activo, CEOListener:activo, ThreadMonitor:activo
[17:31:32] [DEBUG] [MONITOR] Hilos activos: RegistrySync:activo, CEOListener:activo, ThreadMonitor:activo
[17:31:33] [ERROR] Orquestador no inicializado. Llame init_negotiation_system() primero.
[17:31:37] [DEBUG] [HILO] Registry sync ejecutado
[17:31:38] [DEBUG] [MONITOR] Hilos activos: RegistrySync:activo, CEOListener:activo, ThreadMonitor:activo
[17:31:47] [DEBUG] [HILO] Registry sync ejecutado
[17:31:47] [DEBUG] [MONITOR] Hilos activos: RegistrySync:activo, CEOListener:activo, ThreadMonitor:activo
[17:31:53] [DEBUG] [MONITOR] Hilos activos: RegistrySync:activo, CEOListener:activo, ThreadMonitor:activo
[17:32:02] [DEBUG] [MONITOR] Hilos activos: RegistrySync:activo, CEOListener:activo, ThreadMonitor:activo
[17:32:07] [DEBUG] [HILO] Registry sync ejecutado
[17:32:08] [DEBUG] [MONITOR] Hilos activos: RegistrySync:activo, CEOListener:activo, ThreadMonitor:activo
[17:32:17] [DEBUG] [HILO] Registry sync ejecutado
[17:32:17] [DEBUG] [MONITOR] Hilos activos: RegistrySync:activo, CEOListener:activo, ThreadMonitor:activo
[17:32:23] [DEBUG] [MONITOR] Hilos activos: RegistrySync:activo, CEOListener:activo, ThreadMonitor:activo
[17:32:32] [DEBUG] [MONITOR] Hilos activos: RegistrySync:activo, CEOListener:activo, ThreadMonitor:activo
[17:32:34] [ERROR] Orquestador no inicializado. Llame init_negotiation_system() primero.
[17:32:37] [DEBUG] [HILO] Registry sync ejecutado
[17:32:38] [DEBUG] [MONITOR] Hilos activos: RegistrySync:activo, CEOListener:activo, ThreadMonitor:activo
[17:32:47] [DEBUG] [HILO] Registry sync ejecutado
[17:32:47] [DEBUG] [MONITOR] Hilos activos: RegistrySync:activo, CEOListener:activo, ThreadMonitor:activo
[17:32:53] [DEBUG] [MONITOR] Hilos activos: RegistrySync:activo, CEOListener:activo, ThreadMonitor:activo
[17:33:02] [DEBUG] [MONITOR] Hilos activos: RegistrySync:activo, CEOListener:activo, ThreadMonitor:activo
[17:33:07] [DEBUG] [HILO] Registry sync ejecutado
[17:33:08] [DEBUG] [MONITOR] Hilos activos: RegistrySync:activo, CEOListener:activo, ThreadMonitor:activo
[17:33:17] [DEBUG] [HILO] Registry sync ejecutado
[17:33:17] [DEBUG] [MONITOR] Hilos activos: RegistrySync:activo, CEOListener:activo, ThreadMonitor:activo
[17:33:23] [DEBUG] [MONITOR] Hilos activos: RegistrySync:activo, CEOListener:activo, ThreadMonitor:activo
[17:33:32] [DEBUG] [MONITOR] Hilos activos: RegistrySync:activo, CEOListener:activo, ThreadMonitor:activo
[17:33:34] [ERROR] Orquestador no inicializado. Llame init_negotiation_system() primero.
[17:33:37] [DEBUG] [HILO] Registry sync ejecutado
[17:33:38] [DEBUG] [MONITOR] Hilos activos: RegistrySync:activo, CEOListener:activo, ThreadMonitor:activo
[17:33:47] [DEBUG] [HILO] Registry sync ejecutado
[17:33:47] [DEBUG] [MONITOR] Hilos activos: RegistrySync:activo, CEOListener:activo, ThreadMonitor:activo
[17:33:53] [DEBUG] [MONITOR] Hilos activos: RegistrySync:activo, CEOListener:activo, ThreadMonitor:activo
[17:34:02] [DEBUG] [MONITOR] Hilos activos: RegistrySync:activo, CEOListener:activo, ThreadMonitor:activo
[17:34:07] [DEBUG] [HILO] Registry sync ejecutado
[17:34:08] [DEBUG] [MONITOR] Hilos activos: RegistrySync:activo, CEOListener:activo, ThreadMonitor:activo
[17:34:17] [DEBUG] [HILO] Registry sync ejecutado
[17:34:17] [DEBUG] [MONITOR] Hilos activos: RegistrySync:activo, CEOListener:activo, ThreadMonitor:activo
[17:34:23] [DEBUG] [MONITOR] Hilos activos: RegistrySync:activo, CEOListener:activo, ThreadMonitor:activo
[17:34:32] [DEBUG] [MONITOR] Hilos activos: RegistrySync:activo, CEOListener:activo, ThreadMonitor:activo
[17:34:35] [ERROR] Orquestador no inicializado. Llame init_negotiation_system() primero.
[17:34:37] [DEBUG] [HILO] Registry sync ejecutado
[17:34:38] [DEBUG] [MONITOR] Hilos activos: RegistrySync:activo, CEOListener:activo, ThreadMonitor:activo
[17:34:47] [DEBUG] [HILO] Registry sync ejecutado
[17:34:47] [DEBUG] [MONITOR] Hilos activos: RegistrySync:activo, CEOListener:activo, ThreadMonitor:activo
[17:34:53] [DEBUG] [MONITOR] Hilos activos: RegistrySync:activo, CEOListener:activo, ThreadMonitor:activo
[17:35:02] [DEBUG] [MONITOR] Hilos activos: RegistrySync:activo, CEOListener:activo, ThreadMonitor:activo
[17:35:07] [DEBUG] [HILO] Registry sync ejecutado
[17:35:08] [DEBUG] [MONITOR] Hilos activos: RegistrySync:activo, CEOListener:activo, ThreadMonitor:activo
[17:35:17] [DEBUG] [HILO] Registry sync ejecutado
[17:35:17] [DEBUG] [MONITOR] Hilos activos: RegistrySync:activo, CEOListener:activo, ThreadMonitor:activo
[17:35:23] [DEBUG] [MONITOR] Hilos activos: RegistrySync:activo, CEOListener:activo, ThreadMonitor:activo
[17:35:32] [DEBUG] [MONITOR] Hilos activos: RegistrySync:activo, CEOListener:activo, ThreadMonitor:activo
[17:35:35] [ERROR] Orquestador no inicializado. Llame init_negotiation_system() primero.
[17:35:37] [DEBUG] [HILO] Registry sync ejecutado
[17:35:38] [DEBUG] [MONITOR] Hilos activos: RegistrySync:activo, CEOListener:activo, ThreadMonitor:activo
[17:35:47] [DEBUG] [HILO] Registry sync ejecutado
[17:35:47] [DEBUG] [MONITOR] Hilos activos: RegistrySync:activo, CEOListener:activo, ThreadMonitor:activo
[17:35:53] [DEBUG] [MONITOR] Hilos activos: RegistrySync:activo, CEOListener:activo, ThreadMonitor:activo
[17:36:02] [DEBUG] [MONITOR] Hilos activos: RegistrySync:activo, CEOListener:activo, ThreadMonitor:activo
[17:36:07] [DEBUG] [HILO] Registry sync ejecutado
[17:36:08] [DEBUG] [MONITOR] Hilos activos: RegistrySync:activo, CEOListener:activo, ThreadMonitor:activo
[17:36:17] [DEBUG] [HILO] Registry sync ejecutado
[17:36:17] [DEBUG] [MONITOR] Hilos activos: RegistrySync:activo, CEOListener:activo, ThreadMonitor:activo
[17:36:23] [DEBUG] [MONITOR] Hilos activos: RegistrySync:activo, CEOListener:activo, ThreadMonitor:activo
[17:36:32] [DEBUG] [MONITOR] Hilos activos: RegistrySync:activo, CEOListener:activo, ThreadMonitor:activo
[17:36:36] [ERROR] Orquestador no inicializado. Llame init_negotiation_system() primero.
[17:36:37] [DEBUG] [HILO] Registry sync ejecutado
[17:36:38] [DEBUG] [MONITOR] Hilos activos: RegistrySync:activo, CEOListener:activo, ThreadMonitor:activo
[17:36:47] [DEBUG] [HILO] Registry sync ejecutado
[17:36:47] [DEBUG] [MONITOR] Hilos activos: RegistrySync:activo, CEOListener:activo, ThreadMonitor:activo
[17:36:53] [DEBUG] [MONITOR] Hilos activos: RegistrySync:activo, CEOListener:activo, ThreadMonitor:activo
[17:37:02] [DEBUG] [MONITOR] Hilos activos: RegistrySync:activo, CEOListener:activo, ThreadMonitor:activo
[17:37:07] [DEBUG] [HILO] Registry sync ejecutado
[17:37:08] [DEBUG] [MONITOR] Hilos activos: RegistrySync:activo, CEOListener:activo, ThreadMonitor:activo
[17:37:17] [DEBUG] [HILO] Registry sync ejecutado
[17:37:17] [DEBUG] [MONITOR] Hilos activos: RegistrySync:activo, CEOListener:activo, ThreadMonitor:activo
[17:37:23] [DEBUG] [MONITOR] Hilos activos: RegistrySync:activo, CEOListener:activo, ThreadMonitor:activo
[17:37:32] [DEBUG] [MONITOR] Hilos activos: RegistrySync:activo, CEOListener:activo, ThreadMonitor:activo
[17:37:36] [ERROR] Orquestador no inicializado. Llame init_negotiation_system() primero.
[17:37:37] [DEBUG] [HILO] Registry sync ejecutado
[17:37:38] [DEBUG] [MONITOR] Hilos activos: RegistrySync:activo, CEOListener:activo, ThreadMonitor:activo
[17:37:47] [DEBUG] [HILO] Registry sync ejecutado
[17:37:47] [DEBUG] [MONITOR] Hilos activos: RegistrySync:activo, CEOListener:activo, ThreadMonitor:activo
[17:37:53] [DEBUG] [MONITOR] Hilos activos: RegistrySync:activo, CEOListener:activo, ThreadMonitor:activo
[17:38:02] [DEBUG] [MONITOR] Hilos activos: RegistrySync:activo, CEOListener:activo, ThreadMonitor:activo
[17:38:07] [DEBUG] [HILO] Registry sync ejecutado
[17:38:08] [DEBUG] [MONITOR] Hilos activos: RegistrySync:activo, CEOListener:activo, ThreadMonitor:activo
[17:38:17] [DEBUG] [HILO] Registry sync ejecutado
[17:38:17] [DEBUG] [MONITOR] Hilos activos: RegistrySync:activo, CEOListener:activo, ThreadMonitor:activo
[17:38:23] [DEBUG] [MONITOR] Hilos activos: RegistrySync:activo, CEOListener:activo, ThreadMonitor:activo
[17:38:32] [DEBUG] [MONITOR] Hilos activos: RegistrySync:activo, CEOListener:activo, ThreadMonitor:activo
[17:38:36] [ERROR] Orquestador no inicializado. Llame init_negotiation_system() primero.
[17:38:37] [DEBUG] [HILO] Registry sync ejecutado
[17:38:38] [DEBUG] [MONITOR] Hilos activos: RegistrySync:activo, CEOListener:activo, ThreadMonitor:activo
[17:38:47] [DEBUG] [HILO] Registry sync ejecutado
[17:38:47] [DEBUG] [MONITOR] Hilos activos: RegistrySync:activo, CEOListener:activo, ThreadMonitor:activo
[17:38:53] [DEBUG] [MONITOR] Hilos activos: RegistrySync:activo, CEOListener:activo, ThreadMonitor:activo
[17:39:02] [DEBUG] [MONITOR] Hilos activos: RegistrySync:activo, CEOListener:activo, ThreadMonitor:activo
[17:39:07] [DEBUG] [HILO] Registry sync ejecutado
[17:39:08] [DEBUG] [MONITOR] Hilos activos: RegistrySync:activo, CEOListener:activo, ThreadMonitor:activo
[17:39:17] [DEBUG] [HILO] Registry sync ejecutado
[17:39:17] [DEBUG] [MONITOR] Hilos activos: RegistrySync:activo, CEOListener:activo, ThreadMonitor:activo
[17:39:23] [DEBUG] [MONITOR] Hilos activos: RegistrySync:activo, CEOListener:activo, ThreadMonitor:activo
[17:39:32] [DEBUG] [MONITOR] Hilos activos: RegistrySync:activo, CEOListener:activo, ThreadMonitor:activo
[17:39:36] [ERROR] Orquestador no inicializado. Llame init_negotiation_system() primero.
[17:39:37] [DEBUG] [HILO] Registry sync ejecutado
[17:39:38] [DEBUG] [MONITOR] Hilos activos: RegistrySync:activo, CEOListener:activo, ThreadMonitor:activo
[17:39:47] [DEBUG] [HILO] Registry sync ejecutado
[17:39:47] [DEBUG] [MONITOR] Hilos activos: RegistrySync:activo, CEOListener:activo, ThreadMonitor:activo
[17:39:53] [DEBUG] [MONITOR] Hilos activos: RegistrySync:activo, CEOListener:activo, ThreadMonitor:activo
[17:40:02] [DEBUG] [MONITOR] Hilos activos: RegistrySync:activo, CEOListener:activo, ThreadMonitor:activo
[17:40:07] [DEBUG] [HILO] Registry sync ejecutado
[17:40:08] [DEBUG] [MONITOR] Hilos activos: RegistrySync:activo, CEOListener:activo, ThreadMonitor:activo
[17:40:17] [DEBUG] [HILO] Registry sync ejecutado
[17:40:17] [DEBUG] [MONITOR] Hilos activos: RegistrySync:activo, CEOListener:activo, ThreadMonitor:activo
[17:40:23] [DEBUG] [MONITOR] Hilos activos: RegistrySync:activo, CEOListener:activo, ThreadMonitor:activo
[17:40:32] [DEBUG] [MONITOR] Hilos activos: RegistrySync:activo, CEOListener:activo, ThreadMonitor:activo
[17:40:36] [ERROR] Orquestador no inicializado. Llame init_negotiation_system() primero.
[17:40:37] [DEBUG] [HILO] Registry sync ejecutado
[17:40:38] [DEBUG] [MONITOR] Hilos activos: RegistrySync:activo, CEOListener:activo, ThreadMonitor:activo
[17:40:47] [DEBUG] [HILO] Registry sync ejecutado
[17:40:47] [DEBUG] [MONITOR] Hilos activos: RegistrySync:activo, CEOListener:activo, ThreadMonitor:activo
[17:40:53] [DEBUG] [MONITOR] Hilos activos: RegistrySync:activo, CEOListener:activo, ThreadMonitor:activo
[17:41:02] [DEBUG] [MONITOR] Hilos activos: RegistrySync:activo, CEOListener:activo, ThreadMonitor:activo
[17:41:07] [DEBUG] [HILO] Registry sync ejecutado
[17:41:08] [DEBUG] [MONITOR] Hilos activos: RegistrySync:activo, CEOListener:activo, ThreadMonitor:activo
[17:41:17] [DEBUG] [HILO] Registry sync ejecutado
[17:41:17] [DEBUG] [MONITOR] Hilos activos: RegistrySync:activo, CEOListener:activo, ThreadMonitor:activo
[17:41:23] [DEBUG] [MONITOR] Hilos activos: RegistrySync:activo, CEOListener:activo, ThreadMonitor:activo
[17:41:32] [DEBUG] [MONITOR] Hilos activos: RegistrySync:activo, CEOListener:activo, ThreadMonitor:activo
[17:41:37] [ERROR] Orquestador no inicializado. Llame init_negotiation_system() primero.
[17:41:37] [DEBUG] [HILO] Registry sync ejecutado
[17:41:38] [DEBUG] [MONITOR] Hilos activos: RegistrySync:activo, CEOListener:activo, ThreadMonitor:activo
[17:41:47] [DEBUG] [HILO] Registry sync ejecutado
[17:41:47] [DEBUG] [MONITOR] Hilos activos: RegistrySync:activo, CEOListener:activo, ThreadMonitor:activo
[17:41:53] [DEBUG] [MONITOR] Hilos activos: RegistrySync:activo, CEOListener:activo, ThreadMonitor:activo
[17:42:02] [DEBUG] [MONITOR] Hilos activos: RegistrySync:activo, CEOListener:activo, ThreadMonitor:activo
[17:42:07] [DEBUG] [HILO] Registry sync ejecutado
[17:42:08] [DEBUG] [MONITOR] Hilos activos: RegistrySync:activo, CEOListener:activo, ThreadMonitor:activo
[17:42:17] [DEBUG] [HILO] Registry sync ejecutado
[17:42:17] [DEBUG] [MONITOR] Hilos activos: RegistrySync:activo, CEOListener:activo, ThreadMonitor:activo
[17:42:23] [DEBUG] [MONITOR] Hilos activos: RegistrySync:activo, CEOListener:activo, ThreadMonitor:activo
[17:42:32] [DEBUG] [MONITOR] Hilos activos: RegistrySync:activo, CEOListener:activo, ThreadMonitor:activo
[17:42:37] [ERROR] Orquestador no inicializado. Llame init_negotiation_system() primero.
[17:42:37] [DEBUG] [HILO] Registry sync ejecutado
[17:42:38] [DEBUG] [MONITOR] Hilos activos: RegistrySync:activo, CEOListener:activo, ThreadMonitor:activo
[17:42:47] [DEBUG] [HILO] Registry sync ejecutado
[17:42:47] [DEBUG] [MONITOR] Hilos activos: RegistrySync:activo, CEOListener:activo, ThreadMonitor:activo
[17:42:53] [DEBUG] [MONITOR] Hilos activos: RegistrySync:activo, CEOListener:activo, ThreadMonitor:activo
[17:43:02] [DEBUG] [MONITOR] Hilos activos: RegistrySync:activo, CEOListener:activo, ThreadMonitor:activo
[17:43:07] [DEBUG] [HILO] Registry sync ejecutado
[17:43:08] [DEBUG] [MONITOR] Hilos activos: RegistrySync:activo, CEOListener:activo, ThreadMonitor:activo
[17:43:17] [DEBUG] [HILO] Registry sync ejecutado
[17:43:17] [DEBUG] [MONITOR] Hilos activos: RegistrySync:activo, CEOListener:activo, ThreadMonitor:activo
[17:43:23] [DEBUG] [MONITOR] Hilos activos: RegistrySync:activo, CEOListener:activo, ThreadMonitor:activo
[17:43:32] [DEBUG] [MONITOR] Hilos activos: RegistrySync:activo, CEOListener:activo, ThreadMonitor:activo
[17:43:37] [ERROR] Orquestador no inicializado. Llame init_negotiation_system() primero.
[17:43:37] [DEBUG] [HILO] Registry sync ejecutado
[17:43:38] [DEBUG] [MONITOR] Hilos activos: RegistrySync:activo, CEOListener:activo, ThreadMonitor:activo
[17:43:47] [DEBUG] [HILO] Registry sync ejecutado
[17:43:47] [DEBUG] [MONITOR] Hilos activos: RegistrySync:activo, CEOListener:activo, ThreadMonitor:activo
[17:43:53] [DEBUG] [MONITOR] Hilos activos: RegistrySync:activo, CEOListener:activo, ThreadMonitor:activo
[17:44:02] [DEBUG] [MONITOR] Hilos activos: RegistrySync:activo, CEOListener:activo, ThreadMonitor:activo
[17:44:07] [DEBUG] [HILO] Registry sync ejecutado
[17:44:08] [DEBUG] [MONITOR] Hilos activos: RegistrySync:activo, CEOListener:activo, ThreadMonitor:activo
[17:44:17] [DEBUG] [HILO] Registry sync ejecutado
[17:44:17] [DEBUG] [MONITOR] Hilos activos: RegistrySync:activo, CEOListener:activo, ThreadMonitor:activo
[17:44:23] [DEBUG] [MONITOR] Hilos activos: RegistrySync:activo, CEOListener:activo, ThreadMonitor:activo
[17:44:32] [DEBUG] [MONITOR] Hilos activos: RegistrySync:activo, CEOListener:activo, ThreadMonitor:activo
[17:44:37] [ERROR] Orquestador no inicializado. Llame init_negotiation_system() primero.
[17:44:37] [DEBUG] [HILO] Registry sync ejecutado
[17:44:38] [DEBUG] [MONITOR] Hilos activos: RegistrySync:activo, CEOListener:activo, ThreadMonitor:activo
[17:44:47] [DEBUG] [HILO] Registry sync ejecutado
[17:44:47] [DEBUG] [MONITOR] Hilos activos: RegistrySync:activo, CEOListener:activo, ThreadMonitor:activo
[17:44:53] [DEBUG] [MONITOR] Hilos activos: RegistrySync:activo, CEOListener:activo, ThreadMonitor:activo
[17:45:02] [DEBUG] [MONITOR] Hilos activos: RegistrySync:activo, CEOListener:activo, ThreadMonitor:activo
[17:45:07] [DEBUG] [HILO] Registry sync ejecutado
[17:45:08] [DEBUG] [MONITOR] Hilos activos: RegistrySync:activo, CEOListener:activo, ThreadMonitor:activo
[17:45:17] [DEBUG] [HILO] Registry sync ejecutado
[17:45:17] [DEBUG] [MONITOR] Hilos activos: RegistrySync:activo, CEOListener:activo, ThreadMonitor:activo
[17:45:23] [DEBUG] [MONITOR] Hilos activos: RegistrySync:activo, CEOListener:activo, ThreadMonitor:activo
[17:45:32] [DEBUG] [MONITOR] Hilos activos: RegistrySync:activo, CEOListener:activo, ThreadMonitor:activo
[17:45:37] [ERROR] Orquestador no inicializado. Llame init_negotiation_system() primero.
[17:45:37] [DEBUG] [HILO] Registry sync ejecutado
[17:45:38] [DEBUG] [MONITOR] Hilos activos: RegistrySync:activo, CEOListener:activo, ThreadMonitor:activo
[17:45:47] [DEBUG] [HILO] Registry sync ejecutado
[17:45:47] [DEBUG] [MONITOR] Hilos activos: RegistrySync:activo, CEOListener:activo, ThreadMonitor:activo
[17:45:53] [DEBUG] [MONITOR] Hilos activos: RegistrySync:activo, CEOListener:activo, ThreadMonitor:activo
[17:46:02] [DEBUG] [MONITOR] Hilos activos: RegistrySync:activo, CEOListener:activo, ThreadMonitor:activo
[17:46:07] [DEBUG] [HILO] Registry sync ejecutado
[17:46:08] [DEBUG] [MONITOR] Hilos activos: RegistrySync:activo, CEOListener:activo, ThreadMonitor:activo
[17:46:17] [DEBUG] [HILO] Registry sync ejecutado
[17:46:17] [DEBUG] [MONITOR] Hilos activos: RegistrySync:activo, CEOListener:activo, ThreadMonitor:activo
[17:46:23] [DEBUG] [MONITOR] Hilos activos: RegistrySync:activo, CEOListener:activo, ThreadMonitor:activo
[17:46:32] [DEBUG] [MONITOR] Hilos activos: RegistrySync:activo, CEOListener:activo, ThreadMonitor:activo
[17:46:37] [ERROR] Orquestador no inicializado. Llame init_negotiation_system() primero.
[17:46:37] [DEBUG] [HILO] Registry sync ejecutado
[17:46:38] [DEBUG] [MONITOR] Hilos activos: RegistrySync:activo, CEOListener:activo, ThreadMonitor:activo
[17:46:47] [DEBUG] [HILO] Registry sync ejecutado
[17:46:47] [DEBUG] [MONITOR] Hilos activos: RegistrySync:activo, CEOListener:activo, ThreadMonitor:activo
[17:46:53] [DEBUG] [MONITOR] Hilos activos: RegistrySync:activo, CEOListener:activo, ThreadMonitor:activo
[17:47:02] [DEBUG] [MONITOR] Hilos activos: RegistrySync:activo, CEOListener:activo, ThreadMonitor:activo
[17:47:07] [DEBUG] [HILO] Registry sync ejecutado
[17:47:08] [DEBUG] [MONITOR] Hilos activos: RegistrySync:activo, CEOListener:activo, ThreadMonitor:activo
[17:47:17] [DEBUG] [HILO] Registry sync ejecutado
[17:47:17] [DEBUG] [MONITOR] Hilos activos: RegistrySync:activo, CEOListener:activo, ThreadMonitor:activo
[17:47:23] [DEBUG] [MONITOR] Hilos activos: RegistrySync:activo, CEOListener:activo, ThreadMonitor:activo
[17:47:32] [DEBUG] [MONITOR] Hilos activos: RegistrySync:activo, CEOListener:activo, ThreadMonitor:activo
[17:47:37] [DEBUG] [HILO] Registry sync ejecutado
[17:47:38] [ERROR] Orquestador no inicializado. Llame init_negotiation_system() primero.
[17:47:38] [DEBUG] [MONITOR] Hilos activos: RegistrySync:activo, CEOListener:activo, ThreadMonitor:activo
[17:47:47] [DEBUG] [HILO] Registry sync ejecutado
[17:47:47] [DEBUG] [MONITOR] Hilos activos: RegistrySync:activo, CEOListener:activo, ThreadMonitor:activo
[17:47:53] [DEBUG] [MONITOR] Hilos activos: RegistrySync:activo, CEOListener:activo, ThreadMonitor:activo
[17:48:02] [DEBUG] [MONITOR] Hilos activos: RegistrySync:activo, CEOListener:activo, ThreadMonitor:activo
[17:48:08] [DEBUG] [HILO] Registry sync ejecutado
[17:48:08] [DEBUG] [MONITOR] Hilos activos: RegistrySync:activo, CEOListener:activo, ThreadMonitor:activo
[17:48:17] [DEBUG] [HILO] Registry sync ejecutado
[17:48:17] [DEBUG] [MONITOR] Hilos activos: RegistrySync:activo, CEOListener:activo, ThreadMonitor:activo
[17:48:23] [DEBUG] [MONITOR] Hilos activos: RegistrySync:activo, CEOListener:activo, ThreadMonitor:activo
[17:48:32] [DEBUG] [MONITOR] Hilos activos: RegistrySync:activo, CEOListener:activo, ThreadMonitor:activo
[17:48:38] [DEBUG] [HILO] Registry sync ejecutado
[17:48:38] [ERROR] Orquestador no inicializado. Llame init_negotiation_system() primero.
[17:48:38] [DEBUG] [MONITOR] Hilos activos: RegistrySync:activo, CEOListener:activo, ThreadMonitor:activo
[17:48:47] [DEBUG] [HILO] Registry sync ejecutado
[17:48:47] [DEBUG] [MONITOR] Hilos activos: RegistrySync:activo, CEOListener:activo, ThreadMonitor:activo
[17:48:53] [DEBUG] [MONITOR] Hilos activos: RegistrySync:activo, CEOListener:activo, ThreadMonitor:activo
[17:49:02] [DEBUG] [MONITOR] Hilos activos: RegistrySync:activo, CEOListener:activo, ThreadMonitor:activo
[17:49:08] [DEBUG] [HILO] Registry sync ejecutado
[17:49:08] [DEBUG] [MONITOR] Hilos activos: RegistrySync:activo, CEOListener:activo, ThreadMonitor:activo
[17:49:17] [DEBUG] [HILO] Registry sync ejecutado
[17:49:17] [DEBUG] [MONITOR] Hilos activos: RegistrySync:activo, CEOListener:activo, ThreadMonitor:activo
[17:49:23] [DEBUG] [MONITOR] Hilos activos: RegistrySync:activo, CEOListener:activo, ThreadMonitor:activo
[17:49:32] [DEBUG] [MONITOR] Hilos activos: RegistrySync:activo, CEOListener:activo, ThreadMonitor:activo
[17:49:38] [DEBUG] [HILO] Registry sync ejecutado
[17:49:38] [ERROR] Orquestador no inicializado. Llame init_negotiation_system() primero.
[17:49:38] [DEBUG] [MONITOR] Hilos activos: RegistrySync:activo, CEOListener:activo, ThreadMonitor:activo
[17:49:47] [DEBUG] [HILO] Registry sync ejecutado
[17:49:47] [DEBUG] [MONITOR] Hilos activos: RegistrySync:activo, CEOListener:activo, ThreadMonitor:activo
[17:49:53] [DEBUG] [MONITOR] Hilos activos: RegistrySync:activo, CEOListener:activo, ThreadMonitor:activo
[17:50:02] [DEBUG] [MONITOR] Hilos activos: RegistrySync:activo, CEOListener:activo, ThreadMonitor:activo
[17:50:08] [DEBUG] [HILO] Registry sync ejecutado
[17:50:08] [DEBUG] [MONITOR] Hilos activos: RegistrySync:activo, CEOListener:activo, ThreadMonitor:activo
[17:50:17] [DEBUG] [HILO] Registry sync ejecutado
[17:50:17] [DEBUG] [MONITOR] Hilos activos: RegistrySync:activo, CEOListener:activo, ThreadMonitor:activo
[17:50:23] [DEBUG] [MONITOR] Hilos activos: RegistrySync:activo, CEOListener:activo, ThreadMonitor:activo
[17:50:32] [DEBUG] [MONITOR] Hilos activos: RegistrySync:activo, CEOListener:activo, ThreadMonitor:activo
[17:50:38] [DEBUG] [HILO] Registry sync ejecutado
[17:50:38] [ERROR] Orquestador no inicializado. Llame init_negotiation_system() primero.
[17:50:38] [DEBUG] [MONITOR] Hilos activos: RegistrySync:activo, CEOListener:activo, ThreadMonitor:activo
[17:50:47] [DEBUG] [HILO] Registry sync ejecutado
[17:50:47] [DEBUG] [MONITOR] Hilos activos: RegistrySync:activo, CEOListener:activo, ThreadMonitor:activo
[17:50:53] [DEBUG] [MONITOR] Hilos activos: RegistrySync:activo, CEOListener:activo, ThreadMonitor:activo
[17:51:02] [DEBUG] [MONITOR] Hilos activos: RegistrySync:activo, CEOListener:activo, ThreadMonitor:activo
[17:51:08] [DEBUG] [HILO] Registry sync ejecutado
[17:51:08] [DEBUG] [MONITOR] Hilos activos: RegistrySync:activo, CEOListener:activo, ThreadMonitor:activo
[17:51:17] [DEBUG] [HILO] Registry sync ejecutado
[17:51:17] [DEBUG] [MONITOR] Hilos activos: RegistrySync:activo, CEOListener:activo, ThreadMonitor:activo
[17:51:23] [DEBUG] [MONITOR] Hilos activos: RegistrySync:activo, CEOListener:activo, ThreadMonitor:activo
[17:51:32] [DEBUG] [MONITOR] Hilos activos: RegistrySync:activo, CEOListener:activo, ThreadMonitor:activo
[17:51:38] [DEBUG] [HILO] Registry sync ejecutado
[17:51:38] [DEBUG] [MONITOR] Hilos activos: RegistrySync:activo, CEOListener:activo, ThreadMonitor:activo
[17:51:38] [ERROR] Orquestador no inicializado. Llame init_negotiation_system() primero.
[17:51:47] [DEBUG] [HILO] Registry sync ejecutado
[17:51:47] [DEBUG] [MONITOR] Hilos activos: RegistrySync:activo, CEOListener:activo, ThreadMonitor:activo
[17:51:53] [DEBUG] [MONITOR] Hilos activos: RegistrySync:activo, CEOListener:activo, ThreadMonitor:activo
[17:52:02] [DEBUG] [MONITOR] Hilos activos: RegistrySync:activo, CEOListener:activo, ThreadMonitor:activo
[17:52:08] [DEBUG] [HILO] Registry sync ejecutado
[17:52:08] [DEBUG] [MONITOR] Hilos activos: RegistrySync:activo, CEOListener:activo, ThreadMonitor:activo
[17:52:17] [DEBUG] [HILO] Registry sync ejecutado
[17:52:17] [DEBUG] [MONITOR] Hilos activos: RegistrySync:activo, CEOListener:activo, ThreadMonitor:activo
[17:52:23] [DEBUG] [MONITOR] Hilos activos: RegistrySync:activo, CEOListener:activo, ThreadMonitor:activo
[17:52:32] [DEBUG] [MONITOR] Hilos activos: RegistrySync:activo, CEOListener:activo, ThreadMonitor:activo
[17:52:38] [DEBUG] [HILO] Registry sync ejecutado
[17:52:38] [DEBUG] [MONITOR] Hilos activos: RegistrySync:activo, CEOListener:activo, ThreadMonitor:activo
[17:52:38] [ERROR] Orquestador no inicializado. Llame init_negotiation_system() primero.
[17:52:47] [DEBUG] [HILO] Registry sync ejecutado
[17:52:47] [DEBUG] [MONITOR] Hilos activos: RegistrySync:activo, CEOListener:activo, ThreadMonitor:activo
[17:52:53] [DEBUG] [MONITOR] Hilos activos: RegistrySync:activo, CEOListener:activo, ThreadMonitor:activo
[17:53:02] [DEBUG] [MONITOR] Hilos activos: RegistrySync:activo, CEOListener:activo, ThreadMonitor:activo
[17:53:08] [DEBUG] [HILO] Registry sync ejecutado
[17:53:08] [DEBUG] [MONITOR] Hilos activos: RegistrySync:activo, CEOListener:activo, ThreadMonitor:activo
[17:53:17] [DEBUG] [HILO] Registry sync ejecutado
[17:53:17] [DEBUG] [MONITOR] Hilos activos: RegistrySync:activo, CEOListener:activo, ThreadMonitor:activo
[17:53:23] [DEBUG] [MONITOR] Hilos activos: RegistrySync:activo, CEOListener:activo, ThreadMonitor:activo
[17:53:32] [DEBUG] [MONITOR] Hilos activos: RegistrySync:activo, CEOListener:activo, ThreadMonitor:activo
[17:53:38] [DEBUG] [HILO] Registry sync ejecutado
[17:53:38] [DEBUG] [MONITOR] Hilos activos: RegistrySync:activo, CEOListener:activo, ThreadMonitor:activo
[17:53:38] [ERROR] Orquestador no inicializado. Llame init_negotiation_system() primero.
[17:53:47] [DEBUG] [HILO] Registry sync ejecutado
[17:53:47] [DEBUG] [MONITOR] Hilos activos: RegistrySync:activo, CEOListener:activo, ThreadMonitor:activo
[17:53:53] [DEBUG] [MONITOR] Hilos activos: RegistrySync:activo, CEOListener:activo, ThreadMonitor:activo
[17:54:02] [DEBUG] [MONITOR] Hilos activos: RegistrySync:activo, CEOListener:activo, ThreadMonitor:activo
[17:54:08] [DEBUG] [HILO] Registry sync ejecutado
[17:54:08] [DEBUG] [MONITOR] Hilos activos: RegistrySync:activo, CEOListener:activo, ThreadMonitor:activo
[17:54:17] [DEBUG] [HILO] Registry sync ejecutado
[17:54:17] [DEBUG] [MONITOR] Hilos activos: RegistrySync:activo, CEOListener:activo, ThreadMonitor:activo
[17:54:23] [DEBUG] [MONITOR] Hilos activos: RegistrySync:activo, CEOListener:activo, ThreadMonitor:activo
[17:54:32] [DEBUG] [MONITOR] Hilos activos: RegistrySync:activo, CEOListener:activo, ThreadMonitor:activo
[17:54:38] [DEBUG] [HILO] Registry sync ejecutado
[17:54:38] [DEBUG] [MONITOR] Hilos activos: RegistrySync:activo, CEOListener:activo, ThreadMonitor:activo
[17:54:39] [ERROR] Orquestador no inicializado. Llame init_negotiation_system() primero.
[17:54:47] [DEBUG] [HILO] Registry sync ejecutado
[17:54:47] [DEBUG] [MONITOR] Hilos activos: RegistrySync:activo, CEOListener:activo, ThreadMonitor:activo
[17:54:53] [DEBUG] [MONITOR] Hilos activos: RegistrySync:activo, CEOListener:activo, ThreadMonitor:activo
[17:55:02] [DEBUG] [MONITOR] Hilos activos: RegistrySync:activo, CEOListener:activo, ThreadMonitor:activo
[17:55:08] [DEBUG] [HILO] Registry sync ejecutado
[17:55:08] [DEBUG] [MONITOR] Hilos activos: RegistrySync:activo, CEOListener:activo, ThreadMonitor:activo
[17:55:17] [DEBUG] [HILO] Registry sync ejecutado
[17:55:17] [DEBUG] [MONITOR] Hilos activos: RegistrySync:activo, CEOListener:activo, ThreadMonitor:activo
[17:55:23] [DEBUG] [MONITOR] Hilos activos: RegistrySync:activo, CEOListener:activo, ThreadMonitor:activo
[17:55:32] [DEBUG] [MONITOR] Hilos activos: RegistrySync:activo, CEOListener:activo, ThreadMonitor:activo
[17:55:38] [DEBUG] [HILO] Registry sync ejecutado
[17:55:38] [DEBUG] [MONITOR] Hilos activos: RegistrySync:activo, CEOListener:activo, ThreadMonitor:activo
[17:55:39] [ERROR] Orquestador no inicializado. Llame init_negotiation_system() primero.
[17:55:47] [DEBUG] [HILO] Registry sync ejecutado
[17:55:47] [DEBUG] [MONITOR] Hilos activos: RegistrySync:activo, CEOListener:activo, ThreadMonitor:activo
[17:55:53] [DEBUG] [MONITOR] Hilos activos: RegistrySync:activo, CEOListener:activo, ThreadMonitor:activo
[17:56:02] [DEBUG] [MONITOR] Hilos activos: RegistrySync:activo, CEOListener:activo, ThreadMonitor:activo
[17:56:08] [DEBUG] [HILO] Registry sync ejecutado
[17:56:08] [DEBUG] [MONITOR] Hilos activos: RegistrySync:activo, CEOListener:activo, ThreadMonitor:activo
[17:56:17] [DEBUG] [HILO] Registry sync ejecutado
[17:56:17] [DEBUG] [MONITOR] Hilos activos: RegistrySync:activo, CEOListener:activo, ThreadMonitor:activo
[17:56:23] [DEBUG] [MONITOR] Hilos activos: RegistrySync:activo, CEOListener:activo, ThreadMonitor:activo
[17:56:32] [DEBUG] [MONITOR] Hilos activos: RegistrySync:activo, CEOListener:activo, ThreadMonitor:activo
[17:56:38] [DEBUG] [HILO] Registry sync ejecutado
[17:56:38] [DEBUG] [MONITOR] Hilos activos: RegistrySync:activo, CEOListener:activo, ThreadMonitor:activo
[17:56:39] [ERROR] Orquestador no inicializado. Llame init_negotiation_system() primero.
[17:56:47] [DEBUG] [HILO] Registry sync ejecutado
[17:56:47] [DEBUG] [MONITOR] Hilos activos: RegistrySync:activo, CEOListener:activo, ThreadMonitor:activo
[17:56:53] [DEBUG] [MONITOR] Hilos activos: RegistrySync:activo, CEOListener:activo, ThreadMonitor:activo
[17:57:02] [DEBUG] [MONITOR] Hilos activos: RegistrySync:activo, CEOListener:activo, ThreadMonitor:activo
[17:57:08] [DEBUG] [HILO] Registry sync ejecutado
[17:57:08] [DEBUG] [MONITOR] Hilos activos: RegistrySync:activo, CEOListener:activo, ThreadMonitor:activo
[17:57:17] [DEBUG] [HILO] Registry sync ejecutado
[17:57:17] [DEBUG] [MONITOR] Hilos activos: RegistrySync:activo, CEOListener:activo, ThreadMonitor:activo
[17:57:23] [DEBUG] [MONITOR] Hilos activos: RegistrySync:activo, CEOListener:activo, ThreadMonitor:activo
[17:57:32] [DEBUG] [MONITOR] Hilos activos: RegistrySync:activo, CEOListener:activo, ThreadMonitor:activo
[17:57:38] [DEBUG] [HILO] Registry sync ejecutado
[17:57:38] [DEBUG] [MONITOR] Hilos activos: RegistrySync:activo, CEOListener:activo, ThreadMonitor:activo
[17:57:39] [ERROR] Orquestador no inicializado. Llame init_negotiation_system() primero.
[17:57:47] [DEBUG] [HILO] Registry sync ejecutado
[17:57:47] [DEBUG] [MONITOR] Hilos activos: RegistrySync:activo, CEOListener:activo, ThreadMonitor:activo
[17:57:53] [DEBUG] [MONITOR] Hilos activos: RegistrySync:activo, CEOListener:activo, ThreadMonitor:activo
[17:58:02] [DEBUG] [MONITOR] Hilos activos: RegistrySync:activo, CEOListener:activo, ThreadMonitor:activo
[17:58:08] [DEBUG] [HILO] Registry sync ejecutado
[17:58:08] [DEBUG] [MONITOR] Hilos activos: RegistrySync:activo, CEOListener:activo, ThreadMonitor:activo
[17:58:17] [DEBUG] [HILO] Registry sync ejecutado
[17:58:17] [DEBUG] [MONITOR] Hilos activos: RegistrySync:activo, CEOListener:activo, ThreadMonitor:activo
[17:58:23] [DEBUG] [MONITOR] Hilos activos: RegistrySync:activo, CEOListener:activo, ThreadMonitor:activo
[17:58:32] [DEBUG] [MONITOR] Hilos activos: RegistrySync:activo, CEOListener:activo, ThreadMonitor:activo
[17:58:38] [DEBUG] [HILO] Registry sync ejecutado
[17:58:38] [DEBUG] [MONITOR] Hilos activos: RegistrySync:activo, CEOListener:activo, ThreadMonitor:activo
[17:58:39] [ERROR] Orquestador no inicializado. Llame init_negotiation_system() primero.
[17:58:47] [DEBUG] [HILO] Registry sync ejecutado
[17:58:47] [DEBUG] [MONITOR] Hilos activos: RegistrySync:activo, CEOListener:activo, ThreadMonitor:activo
[17:58:53] [DEBUG] [MONITOR] Hilos activos: RegistrySync:activo, CEOListener:activo, ThreadMonitor:activo
[17:59:03] [DEBUG] [MONITOR] Hilos activos: RegistrySync:activo, CEOListener:activo, ThreadMonitor:activo
[17:59:08] [DEBUG] [HILO] Registry sync ejecutado
[17:59:08] [DEBUG] [MONITOR] Hilos activos: RegistrySync:activo, CEOListener:activo, ThreadMonitor:activo
[17:59:17] [DEBUG] [HILO] Registry sync ejecutado
[17:59:18] [DEBUG] [MONITOR] Hilos activos: RegistrySync:activo, CEOListener:activo, ThreadMonitor:activo
[17:59:23] [DEBUG] [MONITOR] Hilos activos: RegistrySync:activo, CEOListener:activo, ThreadMonitor:activo
[17:59:33] [DEBUG] [MONITOR] Hilos activos: RegistrySync:activo, CEOListener:activo, ThreadMonitor:activo
[17:59:38] [DEBUG] [HILO] Registry sync ejecutado
[17:59:38] [DEBUG] [MONITOR] Hilos activos: RegistrySync:activo, CEOListener:activo, ThreadMonitor:activo
[17:59:40] [ERROR] Orquestador no inicializado. Llame init_negotiation_system() primero.
[17:59:47] [DEBUG] [HILO] Registry sync ejecutado
[17:59:48] [DEBUG] [MONITOR] Hilos activos: RegistrySync:activo, CEOListener:activo, ThreadMonitor:activo
[17:59:53] [DEBUG] [MONITOR] Hilos activos: RegistrySync:activo, CEOListener:activo, ThreadMonitor:activo
[18:00:03] [DEBUG] [MONITOR] Hilos activos: RegistrySync:activo, CEOListener:activo, ThreadMonitor:activo
[18:00:08] [DEBUG] [HILO] Registry sync ejecutado
[18:00:08] [DEBUG] [MONITOR] Hilos activos: RegistrySync:activo, CEOListener:activo, ThreadMonitor:activo
[18:00:17] [DEBUG] [HILO] Registry sync ejecutado
[18:00:18] [DEBUG] [MONITOR] Hilos activos: RegistrySync:activo, CEOListener:activo, ThreadMonitor:activo
[18:00:23] [DEBUG] [MONITOR] Hilos activos: RegistrySync:activo, CEOListener:activo, ThreadMonitor:activo
[18:00:33] [DEBUG] [MONITOR] Hilos activos: RegistrySync:activo, CEOListener:activo, ThreadMonitor:activo
[18:00:38] [DEBUG] [HILO] Registry sync ejecutado
[18:00:38] [DEBUG] [MONITOR] Hilos activos: RegistrySync:activo, CEOListener:activo, ThreadMonitor:activo
[18:00:40] [ERROR] Orquestador no inicializado. Llame init_negotiation_system() primero.
[18:00:47] [DEBUG] [HILO] Registry sync ejecutado
[18:00:48] [DEBUG] [MONITOR] Hilos activos: RegistrySync:activo, CEOListener:activo, ThreadMonitor:activo
[18:00:53] [DEBUG] [MONITOR] Hilos activos: RegistrySync:activo, CEOListener:activo, ThreadMonitor:activo
[18:01:03] [DEBUG] [MONITOR] Hilos activos: RegistrySync:activo, CEOListener:activo, ThreadMonitor:activo
[18:01:08] [DEBUG] [HILO] Registry sync ejecutado
[18:01:08] [DEBUG] [MONITOR] Hilos activos: RegistrySync:activo, CEOListener:activo, ThreadMonitor:activo
[18:01:17] [DEBUG] [HILO] Registry sync ejecutado
[18:01:18] [DEBUG] [MONITOR] Hilos activos: RegistrySync:activo, CEOListener:activo, ThreadMonitor:activo
[18:01:23] [DEBUG] [MONITOR] Hilos activos: RegistrySync:activo, CEOListener:activo, ThreadMonitor:activo
[18:01:33] [DEBUG] [MONITOR] Hilos activos: RegistrySync:activo, CEOListener:activo, ThreadMonitor:activo
[18:01:38] [DEBUG] [HILO] Registry sync ejecutado
[18:01:38] [DEBUG] [MONITOR] Hilos activos: RegistrySync:activo, CEOListener:activo, ThreadMonitor:activo
[18:01:40] [ERROR] Orquestador no inicializado. Llame init_negotiation_system() primero.
[18:01:47] [DEBUG] [HILO] Registry sync ejecutado
[18:01:48] [DEBUG] [MONITOR] Hilos activos: RegistrySync:activo, CEOListener:activo, ThreadMonitor:activo
[18:01:53] [DEBUG] [MONITOR] Hilos activos: RegistrySync:activo, CEOListener:activo, ThreadMonitor:activo
[18:02:03] [DEBUG] [MONITOR] Hilos activos: RegistrySync:activo, CEOListener:activo, ThreadMonitor:activo
[18:02:08] [DEBUG] [HILO] Registry sync ejecutado
[18:02:08] [DEBUG] [MONITOR] Hilos activos: RegistrySync:activo, CEOListener:activo, ThreadMonitor:activo
[18:02:17] [DEBUG] [HILO] Registry sync ejecutado
[18:02:18] [DEBUG] [MONITOR] Hilos activos: RegistrySync:activo, CEOListener:activo, ThreadMonitor:activo
[18:02:23] [DEBUG] [MONITOR] Hilos activos: RegistrySync:activo, CEOListener:activo, ThreadMonitor:activo
[18:02:33] [DEBUG] [MONITOR] Hilos activos: RegistrySync:activo, CEOListener:activo, ThreadMonitor:activo
[18:02:38] [DEBUG] [HILO] Registry sync ejecutado
[18:02:38] [DEBUG] [MONITOR] Hilos activos: RegistrySync:activo, CEOListener:activo, ThreadMonitor:activo
[18:02:40] [ERROR] Orquestador no inicializado. Llame init_negotiation_system() primero.
[18:02:47] [DEBUG] [HILO] Registry sync ejecutado
[18:02:48] [DEBUG] [MONITOR] Hilos activos: RegistrySync:activo, CEOListener:activo, ThreadMonitor:activo
[18:02:53] [DEBUG] [MONITOR] Hilos activos: RegistrySync:activo, CEOListener:activo, ThreadMonitor:activo
[18:03:03] [DEBUG] [MONITOR] Hilos activos: RegistrySync:activo, CEOListener:activo, ThreadMonitor:activo
[18:03:08] [DEBUG] [HILO] Registry sync ejecutado
[18:03:08] [DEBUG] [MONITOR] Hilos activos: RegistrySync:activo, CEOListener:activo, ThreadMonitor:activo
[18:03:17] [DEBUG] [HILO] Registry sync ejecutado
[18:03:18] [DEBUG] [MONITOR] Hilos activos: RegistrySync:activo, CEOListener:activo, ThreadMonitor:activo
[18:03:23] [DEBUG] [MONITOR] Hilos activos: RegistrySync:activo, CEOListener:activo, ThreadMonitor:activo
[18:03:33] [DEBUG] [MONITOR] Hilos activos: RegistrySync:activo, CEOListener:activo, ThreadMonitor:activo
[18:03:38] [DEBUG] [HILO] Registry sync ejecutado
[18:03:38] [DEBUG] [MONITOR] Hilos activos: RegistrySync:activo, CEOListener:activo, ThreadMonitor:activo
[18:03:40] [ERROR] Orquestador no inicializado. Llame init_negotiation_system() primero.
[18:03:47] [DEBUG] [HILO] Registry sync ejecutado
[18:03:48] [DEBUG] [MONITOR] Hilos activos: RegistrySync:activo, CEOListener:activo, ThreadMonitor:activo
[18:03:53] [DEBUG] [MONITOR] Hilos activos: RegistrySync:activo, CEOListener:activo, ThreadMonitor:activo
[18:04:03] [DEBUG] [MONITOR] Hilos activos: RegistrySync:activo, CEOListener:activo, ThreadMonitor:activo
[18:04:08] [DEBUG] [HILO] Registry sync ejecutado
[18:04:08] [DEBUG] [MONITOR] Hilos activos: RegistrySync:activo, CEOListener:activo, ThreadMonitor:activo
[18:04:17] [DEBUG] [HILO] Registry sync ejecutado
[18:04:18] [DEBUG] [MONITOR] Hilos activos: RegistrySync:activo, CEOListener:activo, ThreadMonitor:activo
[18:04:23] [DEBUG] [MONITOR] Hilos activos: RegistrySync:activo, CEOListener:activo, ThreadMonitor:activo
[18:04:33] [DEBUG] [MONITOR] Hilos activos: RegistrySync:activo, CEOListener:activo, ThreadMonitor:activo
[18:04:38] [DEBUG] [HILO] Registry sync ejecutado
[18:04:38] [DEBUG] [MONITOR] Hilos activos: RegistrySync:activo, CEOListener:activo, ThreadMonitor:activo
[18:04:40] [ERROR] Orquestador no inicializado. Llame init_negotiation_system() primero.
[18:04:47] [DEBUG] [HILO] Registry sync ejecutado
[18:04:48] [DEBUG] [MONITOR] Hilos activos: RegistrySync:activo, CEOListener:activo, ThreadMonitor:activo
[18:04:53] [DEBUG] [MONITOR] Hilos activos: RegistrySync:activo, CEOListener:activo, ThreadMonitor:activo
[18:05:03] [DEBUG] [MONITOR] Hilos activos: RegistrySync:activo, CEOListener:activo, ThreadMonitor:activo
[18:05:08] [DEBUG] [HILO] Registry sync ejecutado
[18:05:08] [DEBUG] [MONITOR] Hilos activos: RegistrySync:activo, CEOListener:activo, ThreadMonitor:activo
[18:05:17] [DEBUG] [HILO] Registry sync ejecutado
[18:05:18] [DEBUG] [MONITOR] Hilos activos: RegistrySync:activo, CEOListener:activo, ThreadMonitor:activo
[18:05:23] [DEBUG] [MONITOR] Hilos activos: RegistrySync:activo, CEOListener:activo, ThreadMonitor:activo
[18:05:33] [DEBUG] [MONITOR] Hilos activos: RegistrySync:activo, CEOListener:activo, ThreadMonitor:activo
[18:05:38] [DEBUG] [HILO] Registry sync ejecutado
[18:05:38] [DEBUG] [MONITOR] Hilos activos: RegistrySync:activo, CEOListener:activo, ThreadMonitor:activo
[18:05:41] [ERROR] Orquestador no inicializado. Llame init_negotiation_system() primero.
[18:05:47] [DEBUG] [HILO] Registry sync ejecutado
[18:05:48] [DEBUG] [MONITOR] Hilos activos: RegistrySync:activo, CEOListener:activo, ThreadMonitor:activo
[18:05:53] [DEBUG] [MONITOR] Hilos activos: RegistrySync:activo, CEOListener:activo, ThreadMonitor:activo
[18:06:03] [DEBUG] [MONITOR] Hilos activos: RegistrySync:activo, CEOListener:activo, ThreadMonitor:activo
[18:06:08] [DEBUG] [HILO] Registry sync ejecutado
[18:06:08] [DEBUG] [MONITOR] Hilos activos: RegistrySync:activo, CEOListener:activo, ThreadMonitor:activo
[18:06:17] [DEBUG] [HILO] Registry sync ejecutado
[18:06:18] [DEBUG] [MONITOR] Hilos activos: RegistrySync:activo, CEOListener:activo, ThreadMonitor:activo
[18:06:23] [DEBUG] [MONITOR] Hilos activos: RegistrySync:activo, CEOListener:activo, ThreadMonitor:activo
[18:06:33] [DEBUG] [MONITOR] Hilos activos: RegistrySync:activo, CEOListener:activo, ThreadMonitor:activo
[18:06:38] [DEBUG] [HILO] Registry sync ejecutado
[18:06:38] [DEBUG] [MONITOR] Hilos activos: RegistrySync:activo, CEOListener:activo, ThreadMonitor:activo
[18:06:41] [ERROR] Orquestador no inicializado. Llame init_negotiation_system() primero.
[18:06:47] [DEBUG] [HILO] Registry sync ejecutado
[18:06:48] [DEBUG] [MONITOR] Hilos activos: RegistrySync:activo, CEOListener:activo, ThreadMonitor:activo
[18:06:53] [DEBUG] [MONITOR] Hilos activos: RegistrySync:activo, CEOListener:activo, ThreadMonitor:activo
[18:07:03] [DEBUG] [MONITOR] Hilos activos: RegistrySync:activo, CEOListener:activo, ThreadMonitor:activo
[18:07:08] [DEBUG] [HILO] Registry sync ejecutado
[18:07:08] [DEBUG] [MONITOR] Hilos activos: RegistrySync:activo, CEOListener:activo, ThreadMonitor:activo
[18:07:17] [DEBUG] [HILO] Registry sync ejecutado
[18:07:18] [DEBUG] [MONITOR] Hilos activos: RegistrySync:activo, CEOListener:activo, ThreadMonitor:activo
[18:07:23] [DEBUG] [MONITOR] Hilos activos: RegistrySync:activo, CEOListener:activo, ThreadMonitor:activo
[18:07:33] [DEBUG] [MONITOR] Hilos activos: RegistrySync:activo, CEOListener:activo, ThreadMonitor:activo
[18:07:38] [DEBUG] [HILO] Registry sync ejecutado
[18:07:38] [DEBUG] [MONITOR] Hilos activos: RegistrySync:activo, CEOListener:activo, ThreadMonitor:activo
[18:07:41] [ERROR] Orquestador no inicializado. Llame init_negotiation_system() primero.
[18:07:47] [DEBUG] [HILO] Registry sync ejecutado
[18:07:48] [DEBUG] [MONITOR] Hilos activos: RegistrySync:activo, CEOListener:activo, ThreadMonitor:activo
[18:07:53] [DEBUG] [MONITOR] Hilos activos: RegistrySync:activo, CEOListener:activo, ThreadMonitor:activo
[18:08:03] [DEBUG] [MONITOR] Hilos activos: RegistrySync:activo, CEOListener:activo, ThreadMonitor:activo
[18:08:08] [DEBUG] [HILO] Registry sync ejecutado
[18:08:08] [DEBUG] [MONITOR] Hilos activos: RegistrySync:activo, CEOListener:activo, ThreadMonitor:activo
[18:08:17] [DEBUG] [HILO] Registry sync ejecutado
[18:08:18] [DEBUG] [MONITOR] Hilos activos: RegistrySync:activo, CEOListener:activo, ThreadMonitor:activo
[18:08:23] [DEBUG] [MONITOR] Hilos activos: RegistrySync:activo, CEOListener:activo, ThreadMonitor:activo
[18:08:33] [DEBUG] [MONITOR] Hilos activos: RegistrySync:activo, CEOListener:activo, ThreadMonitor:activo
[18:08:38] [DEBUG] [HILO] Registry sync ejecutado
[18:08:38] [DEBUG] [MONITOR] Hilos activos: RegistrySync:activo, CEOListener:activo, ThreadMonitor:activo
[18:08:41] [ERROR] Orquestador no inicializado. Llame init_negotiation_system() primero.
[18:08:47] [DEBUG] [HILO] Registry sync ejecutado
[18:08:48] [DEBUG] [MONITOR] Hilos activos: RegistrySync:activo, CEOListener:activo, ThreadMonitor:activo
[18:08:53] [DEBUG] [MONITOR] Hilos activos: RegistrySync:activo, CEOListener:activo, ThreadMonitor:activo
[18:09:03] [DEBUG] [MONITOR] Hilos activos: RegistrySync:activo, CEOListener:activo, ThreadMonitor:activo
[18:09:17] [DEBUG] [HILO] Registry sync ejecutado
[18:09:18] [DEBUG] [MONITOR] Hilos activos: RegistrySync:activo, CEOListener:activo, ThreadMonitor:activo
[18:09:33] [DEBUG] [MONITOR] Hilos activos: RegistrySync:activo, CEOListener:activo, ThreadMonitor:activo
[18:09:47] [DEBUG] [HILO] Registry sync ejecutado
[18:09:47] [DEBUG] [INFO] parte5_daimon_base no disponible
[18:09:47] [INFO] 
========================================
 UBER DEMAND PREDICTOR PRO v4.3 - Demostracion
========================================
[18:09:48] [DEBUG] [MONITOR] Hilos activos: RegistrySync:activo, CEOListener:activo, ThreadMonitor:activo
[18:09:48] [INFO] [OK] Cargados 56000 muestras historicas
[18:09:48] [INFO] [OK] Modelo cargado desde cache
[18:09:48] [INFO] [HILO] Conectado: RegistrySync
[18:09:48] [DEBUG] [HILO] Registry sync ejecutado
[18:09:48] [INFO] [HILO] Conectado: CEOListener
[18:09:48] [DEBUG] [MONITOR] Hilos activos: RegistrySync:activo, CEOListener:activo
[18:09:48] [INFO] [HILO] Conectado: ThreadMonitor
[18:09:48] [INFO] [HILO] Monitor de threads iniciado
[18:09:48] [INFO] [HILO] Todos los hilos de fondo conectados
[18:09:48] [INFO] 
[INFO] Generando datos historicos sinteticos...
[18:09:49] [INFO]    Generadas 2000 muestras
[18:09:49] [INFO] 
[INFO] Ingestando datos al sistema...
[18:09:52] [INFO] 
[INFO] Entrenando modelos de prediccion...
[18:09:52] [INFO] [INFO] Entrenando ensemble con 2000 muestras...
[18:09:52] [WARN] [WARN] Error sincronizando pesos: 'EnsembleDemandPredictor' object has no attribute 'registry'
[18:09:52] [INFO] [OK] Ensemble entrenado exitosamente (0 modelos)
[18:09:52] [INFO] 
========================================
 PREDICCIONES EN TIEMPO REAL
========================================
[18:09:52] [INFO] 
[SCENARIO] Escenario: Ahora (manana laboral)
[18:09:52] [INFO] 
Zona                         Score   Conf Recomendacion
[18:09:52] [INFO]    ----------------------------------------------------------------------
[18:09:52] [INFO]    Albrook Mall                  7.0    50% [MODERATE] DEMANDA MODERADA-ALTA - Buena
[18:09:52] [INFO]    Arraijan Centro               7.0    50% [MODERATE] DEMANDA MODERADA-ALTA - Buena
[18:09:52] [INFO]    La Chorrera                   7.0    50% [MODERATE] DEMANDA MODERADA-ALTA - Buena
[18:09:52] [INFO]    Costa del Este                7.0    50% [MODERATE] DEMANDA MODERADA-ALTA - Buena
[18:09:52] [INFO] 
[SCENARIO] Escenario: Hora pico tarde
[18:09:52] [INFO] 
Zona                         Score   Conf Recomendacion
[18:09:52] [INFO]    ----------------------------------------------------------------------
[18:09:52] [INFO]    Albrook Mall                  7.0    50% [MODERATE] DEMANDA MODERADA-ALTA - Buena
[18:09:52] [INFO]    Arraijan Centro               7.0    50% [MODERATE] DEMANDA MODERADA-ALTA - Buena
[18:09:52] [INFO]    La Chorrera                   7.0    50% [MODERATE] DEMANDA MODERADA-ALTA - Buena
[18:09:52] [INFO]    Costa del Este                7.0    50% [MODERATE] DEMANDA MODERADA-ALTA - Buena
[18:09:52] [INFO] 
========================================
 ESTADO DEL SISTEMA
========================================
[18:09:52] [INFO]    Muestras almacenadas: 58000
[18:09:52] [INFO]    Modelo entrenado: Si
[18:09:52] [INFO]    Hilos activos: {'RegistrySync': 'activo', 'CEOListener': 'activo', 'ThreadMonitor': 'activo'}
[18:09:54] [INFO] [OK] Persistidos 58000 muestras
[18:09:54] [INFO] 
========================================
 DECISION ENGINE DEMO
========================================
[18:09:54] [INFO] [OK] Reutilizando predictor existente
[18:09:54] [INFO] 
========================================
 SISTEMA EN EJECUCION - Hilos conectados
========================================
[18:09:54] [INFO] Presiona Ctrl+C para detener
[18:09:58] [INFO] [INFO] Cierre limpio solicitado
[18:09:58] [INFO] [INFO] Cerrando UberDemandPredictor...
[18:09:58] [DEBUG] [HILO] Esperando terminacion de: RegistrySync
[18:10:03] [DEBUG] [MONITOR] Hilos activos: RegistrySync:activo, CEOListener:activo, ThreadMonitor:activo
[18:10:15] [DEBUG] [INFO] parte5_daimon_base no disponible
[18:10:15] [WARN] [WARN] Error cargando datos: Can't get attribute 'DemandSample' on <module '__main__' from '/data/data/com.termux/files/home/lucifer_prometeo/00_start_all.py'>
[18:10:15] [WARN] [WARN] Error cargando modelo: Can't get attribute 'EnsembleDemandPredictor' on <module '__main__' from '/data/data/com.termux/files/home/lucifer_prometeo/00_start_all.py'>
[18:10:15] [DEBUG] [HILO] Registry sync ejecutado
[18:10:15] [INFO] [HILO] Conectado: RegistrySync
[18:10:15] [INFO] [HILO] Conectado: CEOListener
[18:10:15] [INFO] [HILO] Conectado: ThreadMonitor
[18:10:15] [DEBUG] [MONITOR] Hilos activos: RegistrySync:activo, CEOListener:activo
[18:10:15] [INFO] [HILO] Monitor de threads iniciado
[18:10:15] [INFO] [HILO] Todos los hilos de fondo conectados
[18:10:15] [INFO] [INFO] Entrenando ensemble con 500 muestras...
[18:10:15] [INFO] [OK] Ensemble entrenado exitosamente (0 modelos)
[18:10:15] [INFO] [OK] Predictor inicializado y entrenado con 500 muestras
[18:10:17] [DEBUG] [HILO] Registry sync ejecutado
[18:10:18] [DEBUG] [MONITOR] Hilos activos: RegistrySync:activo, CEOListener:activo, ThreadMonitor:activo
[18:10:28] [DEBUG] [INFO] parte5_daimon_base no disponible
[18:10:30] [DEBUG] [MONITOR] Hilos activos: RegistrySync:activo, CEOListener:activo, ThreadMonitor:activo
[18:10:33] [DEBUG] [MONITOR] Hilos activos: RegistrySync:activo, CEOListener:activo, ThreadMonitor:activo
[18:10:45] [WARN] Activando fallback sandbox: faltan UBER_CLIENT_ID, UBER_CLIENT_SECRET, UBER_ACCESS_TOKEN o UBER_SERVER_TOKEN
[18:10:45] [CONFIG] UberConfig: modo=SANDBOX_FALLBACK, fallback=True
[18:10:45] [ERROR] Orquestador no inicializado. Llame init_negotiation_system() primero.
[18:10:45] [DEBUG] [MONITOR] Hilos activos: RegistrySync:activo, CEOListener:activo, ThreadMonitor:activo
[18:10:45] [DEBUG] [HILO] Registry sync ejecutado
[18:10:47] [DEBUG] [HILO] Registry sync ejecutado
[18:10:48] [DEBUG] [MONITOR] Hilos activos: RegistrySync:activo, CEOListener:activo, ThreadMonitor:activo
[18:11:00] [DEBUG] [MONITOR] Hilos activos: RegistrySync:activo, CEOListener:activo, ThreadMonitor:activo
[18:11:03] [DEBUG] [MONITOR] Hilos activos: RegistrySync:activo, CEOListener:activo, ThreadMonitor:activo
[18:11:15] [DEBUG] [MONITOR] Hilos activos: RegistrySync:activo, CEOListener:activo, ThreadMonitor:activo
[18:11:15] [DEBUG] [HILO] Registry sync ejecutado
[18:11:17] [DEBUG] [HILO] Registry sync ejecutado
[18:11:18] [DEBUG] [MONITOR] Hilos activos: RegistrySync:activo, CEOListener:activo, ThreadMonitor:activo
[18:11:30] [DEBUG] [MONITOR] Hilos activos: RegistrySync:activo, CEOListener:activo, ThreadMonitor:activo
[18:11:33] [DEBUG] [MONITOR] Hilos activos: RegistrySync:activo, CEOListener:activo, ThreadMonitor:activo
[18:11:45] [DEBUG] [HILO] Registry sync ejecutado
[18:11:45] [DEBUG] [MONITOR] Hilos activos: RegistrySync:activo, CEOListener:activo, ThreadMonitor:activo
[18:11:45] [ERROR] Orquestador no inicializado. Llame init_negotiation_system() primero.
[18:11:47] [DEBUG] [HILO] Registry sync ejecutado
[18:11:48] [DEBUG] [MONITOR] Hilos activos: RegistrySync:activo, CEOListener:activo, ThreadMonitor:activo
[18:12:00] [DEBUG] [MONITOR] Hilos activos: RegistrySync:activo, CEOListener:activo, ThreadMonitor:activo
[18:12:03] [DEBUG] [MONITOR] Hilos activos: RegistrySync:activo, CEOListener:activo, ThreadMonitor:activo
[18:12:15] [DEBUG] [HILO] Registry sync ejecutado
[18:12:15] [DEBUG] [MONITOR] Hilos activos: RegistrySync:activo, CEOListener:activo, ThreadMonitor:activo
[18:12:17] [DEBUG] [HILO] Registry sync ejecutado
[18:12:18] [DEBUG] [MONITOR] Hilos activos: RegistrySync:activo, CEOListener:activo, ThreadMonitor:activo
[18:12:30] [DEBUG] [MONITOR] Hilos activos: RegistrySync:activo, CEOListener:activo, ThreadMonitor:activo
[18:12:33] [DEBUG] [MONITOR] Hilos activos: RegistrySync:activo, CEOListener:activo, ThreadMonitor:activo
[18:12:45] [DEBUG] [HILO] Registry sync ejecutado
[18:12:45] [DEBUG] [MONITOR] Hilos activos: RegistrySync:activo, CEOListener:activo, ThreadMonitor:activo
[18:12:45] [ERROR] Orquestador no inicializado. Llame init_negotiation_system() primero.
[18:12:47] [DEBUG] [HILO] Registry sync ejecutado
[18:12:48] [DEBUG] [MONITOR] Hilos activos: RegistrySync:activo, CEOListener:activo, ThreadMonitor:activo
[18:13:00] [DEBUG] [MONITOR] Hilos activos: RegistrySync:activo, CEOListener:activo, ThreadMonitor:activo
[18:13:03] [DEBUG] [MONITOR] Hilos activos: RegistrySync:activo, CEOListener:activo, ThreadMonitor:activo
[18:13:17] [DEBUG] [HILO] Registry sync ejecutado
[18:13:18] [DEBUG] [MONITOR] Hilos activos: RegistrySync:activo, CEOListener:activo, ThreadMonitor:activo
[18:13:33] [DEBUG] [MONITOR] Hilos activos: RegistrySync:activo, CEOListener:activo, ThreadMonitor:activo
[18:13:47] [DEBUG] [HILO] Registry sync ejecutado
[18:13:48] [DEBUG] [MONITOR] Hilos activos: RegistrySync:activo, CEOListener:activo, ThreadMonitor:activo
[18:14:03] [DEBUG] [MONITOR] Hilos activos: RegistrySync:activo, CEOListener:activo, ThreadMonitor:activo
[18:14:17] [DEBUG] [HILO] Registry sync ejecutado
[18:14:18] [DEBUG] [MONITOR] Hilos activos: RegistrySync:activo, CEOListener:activo, ThreadMonitor:activo
[18:14:33] [DEBUG] [MONITOR] Hilos activos: RegistrySync:activo, CEOListener:activo, ThreadMonitor:activo
[18:14:47] [DEBUG] [HILO] Registry sync ejecutado
[18:14:48] [DEBUG] [MONITOR] Hilos activos: RegistrySync:activo, CEOListener:activo, ThreadMonitor:activo
[18:15:02] [DEBUG] [INFO] parte5_daimon_base no disponible
[18:15:03] [DEBUG] [MONITOR] Hilos activos: RegistrySync:activo, CEOListener:activo, ThreadMonitor:activo
[18:15:17] [DEBUG] [HILO] Registry sync ejecutado
[18:15:18] [DEBUG] [MONITOR] Hilos activos: RegistrySync:activo, CEOListener:activo, ThreadMonitor:activo
[18:15:33] [DEBUG] [MONITOR] Hilos activos: RegistrySync:activo, CEOListener:activo, ThreadMonitor:activo
[18:15:47] [DEBUG] [HILO] Registry sync ejecutado
[18:15:48] [DEBUG] [MONITOR] Hilos activos: RegistrySync:activo, CEOListener:activo, ThreadMonitor:activo
[18:16:03] [DEBUG] [MONITOR] Hilos activos: RegistrySync:activo, CEOListener:activo, ThreadMonitor:activo
[18:16:17] [DEBUG] [INFO] parte5_daimon_base no disponible
[18:16:17] [WARN] [WARN] Error cargando datos: Can't get attribute 'DemandSample' on <module '__main__' from '/data/data/com.termux/files/home/lucifer_prometeo/00_start_all.py'>
[18:16:17] [WARN] [WARN] Error cargando modelo: Can't get attribute 'EnsembleDemandPredictor' on <module '__main__' from '/data/data/com.termux/files/home/lucifer_prometeo/00_start_all.py'>
[18:16:17] [DEBUG] [HILO] Registry sync ejecutado
[18:16:17] [INFO] [HILO] Conectado: RegistrySync
[18:16:17] [INFO] [HILO] Conectado: CEOListener
[18:16:17] [INFO] [HILO] Conectado: ThreadMonitor
[18:16:17] [INFO] [HILO] Monitor de threads iniciado
[18:16:17] [INFO] [HILO] Todos los hilos de fondo conectados
[18:16:17] [DEBUG] [MONITOR] Hilos activos: RegistrySync:activo, CEOListener:activo
[18:16:17] [INFO] [INFO] Entrenando ensemble con 500 muestras...
[18:16:17] [INFO] [OK] Ensemble entrenado exitosamente (0 modelos)
[18:16:17] [INFO] [OK] Predictor inicializado y entrenado con 500 muestras
[18:16:17] [DEBUG] [HILO] Registry sync ejecutado
[18:16:18] [DEBUG] [MONITOR] Hilos activos: RegistrySync:activo, CEOListener:activo, ThreadMonitor:activo
[18:16:28] [DEBUG] [INFO] parte5_daimon_base no disponible
[18:16:32] [DEBUG] [MONITOR] Hilos activos: RegistrySync:activo, CEOListener:activo, ThreadMonitor:activo
[18:16:33] [DEBUG] [MONITOR] Hilos activos: RegistrySync:activo, CEOListener:activo, ThreadMonitor:activo
[18:16:45] [WARN] Activando fallback sandbox: faltan UBER_CLIENT_ID, UBER_CLIENT_SECRET, UBER_ACCESS_TOKEN o UBER_SERVER_TOKEN
[18:16:45] [CONFIG] UberConfig: modo=SANDBOX_FALLBACK, fallback=True
[18:16:45] [ERROR] Orquestador no inicializado. Llame init_negotiation_system() primero.
[18:16:47] [DEBUG] [HILO] Registry sync ejecutado
[18:16:47] [DEBUG] [MONITOR] Hilos activos: RegistrySync:activo, CEOListener:activo, ThreadMonitor:activo
[18:16:47] [DEBUG] [HILO] Registry sync ejecutado
[18:16:48] [DEBUG] [MONITOR] Hilos activos: RegistrySync:activo, CEOListener:activo, ThreadMonitor:activo
[18:17:02] [DEBUG] [MONITOR] Hilos activos: RegistrySync:activo, CEOListener:activo, ThreadMonitor:activo
[18:17:03] [DEBUG] [MONITOR] Hilos activos: RegistrySync:activo, CEOListener:activo, ThreadMonitor:activo
[18:17:17] [DEBUG] [HILO] Registry sync ejecutado
[18:17:17] [DEBUG] [MONITOR] Hilos activos: RegistrySync:activo, CEOListener:activo, ThreadMonitor:activo
[18:17:17] [DEBUG] [HILO] Registry sync ejecutado
[18:17:18] [DEBUG] [MONITOR] Hilos activos: RegistrySync:activo, CEOListener:activo, ThreadMonitor:activo
[18:17:32] [DEBUG] [MONITOR] Hilos activos: RegistrySync:activo, CEOListener:activo, ThreadMonitor:activo
[18:17:33] [DEBUG] [MONITOR] Hilos activos: RegistrySync:activo, CEOListener:activo, ThreadMonitor:activo
[18:17:45] [ERROR] Orquestador no inicializado. Llame init_negotiation_system() primero.
[18:17:47] [DEBUG] [HILO] Registry sync ejecutado
[18:17:47] [DEBUG] [MONITOR] Hilos activos: RegistrySync:activo, CEOListener:activo, ThreadMonitor:activo
[18:17:47] [DEBUG] [HILO] Registry sync ejecutado
[18:17:48] [DEBUG] [MONITOR] Hilos activos: RegistrySync:activo, CEOListener:activo, ThreadMonitor:activo
[18:18:02] [DEBUG] [MONITOR] Hilos activos: RegistrySync:activo, CEOListener:activo, ThreadMonitor:activo
[18:18:03] [DEBUG] [MONITOR] Hilos activos: RegistrySync:activo, CEOListener:activo, ThreadMonitor:activo
[18:18:17] [DEBUG] [HILO] Registry sync ejecutado
[18:18:17] [DEBUG] [MONITOR] Hilos activos: RegistrySync:activo, CEOListener:activo, ThreadMonitor:activo
[18:18:17] [DEBUG] [HILO] Registry sync ejecutado
[18:18:18] [DEBUG] [MONITOR] Hilos activos: RegistrySync:activo, CEOListener:activo, ThreadMonitor:activo
[18:18:32] [DEBUG] [MONITOR] Hilos activos: RegistrySync:activo, CEOListener:activo, ThreadMonitor:activo
[18:18:33] [DEBUG] [MONITOR] Hilos activos: RegistrySync:activo, CEOListener:activo, ThreadMonitor:activo
[18:18:45] [ERROR] Orquestador no inicializado. Llame init_negotiation_system() primero.
[18:18:47] [DEBUG] [HILO] Registry sync ejecutado
[18:18:47] [DEBUG] [MONITOR] Hilos activos: RegistrySync:activo, CEOListener:activo, ThreadMonitor:activo
[18:18:47] [DEBUG] [HILO] Registry sync ejecutado
[18:18:48] [DEBUG] [MONITOR] Hilos activos: RegistrySync:activo, CEOListener:activo, ThreadMonitor:activo
[18:19:02] [DEBUG] [MONITOR] Hilos activos: RegistrySync:activo, CEOListener:activo, ThreadMonitor:activo
[18:19:03] [DEBUG] [MONITOR] Hilos activos: RegistrySync:activo, CEOListener:activo, ThreadMonitor:activo
[18:19:17] [DEBUG] [HILO] Registry sync ejecutado
[18:19:18] [DEBUG] [MONITOR] Hilos activos: RegistrySync:activo, CEOListener:activo, ThreadMonitor:activo
[18:19:33] [DEBUG] [MONITOR] Hilos activos: RegistrySync:activo, CEOListener:activo, ThreadMonitor:activo
[18:19:46] [WARN] Activando fallback sandbox: faltan UBER_CLIENT_ID, UBER_CLIENT_SECRET, UBER_ACCESS_TOKEN o UBER_SERVER_TOKEN
[18:19:46] [CONFIG] UberConfig: modo=SANDBOX_FALLBACK, fallback=True
[18:19:47] [DEBUG] [HILO] Registry sync ejecutado
[18:19:48] [DEBUG] [MONITOR] Hilos activos: RegistrySync:activo, CEOListener:activo, ThreadMonitor:activo
[18:20:03] [DEBUG] [MONITOR] Hilos activos: RegistrySync:activo, CEOListener:activo, ThreadMonitor:activo
[18:20:17] [DEBUG] [HILO] Registry sync ejecutado
[18:20:18] [DEBUG] [MONITOR] Hilos activos: RegistrySync:activo, CEOListener:activo, ThreadMonitor:activo
[18:20:33] [DEBUG] [MONITOR] Hilos activos: RegistrySync:activo, CEOListener:activo, ThreadMonitor:activo
[18:20:47] [DEBUG] [HILO] Registry sync ejecutado
[18:20:48] [DEBUG] [MONITOR] Hilos activos: RegistrySync:activo, CEOListener:activo, ThreadMonitor:activo
[18:21:03] [DEBUG] [MONITOR] Hilos activos: RegistrySync:activo, CEOListener:activo, ThreadMonitor:activo
[18:21:17] [DEBUG] [HILO] Registry sync ejecutado
[18:21:18] [DEBUG] [MONITOR] Hilos activos: RegistrySync:activo, CEOListener:activo, ThreadMonitor:activo
[18:21:33] [DEBUG] [MONITOR] Hilos activos: RegistrySync:activo, CEOListener:activo, ThreadMonitor:activo
[18:21:47] [DEBUG] [HILO] Registry sync ejecutado
[18:21:48] [DEBUG] [MONITOR] Hilos activos: RegistrySync:activo, CEOListener:activo, ThreadMonitor:activo
[18:22:03] [DEBUG] [MONITOR] Hilos activos: RegistrySync:activo, CEOListener:activo, ThreadMonitor:activo
[18:22:10] [DEBUG] [INFO] parte5_daimon_base no disponible
[18:22:10] [WARN] [WARN] Error cargando datos: Can't get attribute 'DemandSample' on <module '__main__' from '/data/data/com.termux/files/home/lucifer_prometeo/00_start_all.py'>
[18:22:10] [WARN] [WARN] Error cargando modelo: Can't get attribute 'EnsembleDemandPredictor' on <module '__main__' from '/data/data/com.termux/files/home/lucifer_prometeo/00_start_all.py'>
[18:22:10] [DEBUG] [HILO] Registry sync ejecutado
[18:22:10] [INFO] [HILO] Conectado: RegistrySync
[18:22:10] [INFO] [HILO] Conectado: CEOListener
[18:22:10] [DEBUG] [MONITOR] Hilos activos: RegistrySync:activo, CEOListener:activo
[18:22:10] [INFO] [HILO] Conectado: ThreadMonitor
[18:22:10] [INFO] [HILO] Monitor de threads iniciado
[18:22:10] [INFO] [HILO] Todos los hilos de fondo conectados
[18:22:10] [INFO] [INFO] Entrenando ensemble con 500 muestras...
[18:22:10] [INFO] [OK] Ensemble entrenado exitosamente (0 modelos)
[18:22:10] [INFO] [OK] Predictor inicializado y entrenado con 500 muestras
[18:22:17] [DEBUG] [HILO] Registry sync ejecutado
[18:22:18] [DEBUG] [MONITOR] Hilos activos: RegistrySync:activo, CEOListener:activo, ThreadMonitor:activo
[18:22:22] [DEBUG] [INFO] parte5_daimon_base no disponible
[18:22:25] [DEBUG] [MONITOR] Hilos activos: RegistrySync:activo, CEOListener:activo, ThreadMonitor:activo
[18:22:33] [DEBUG] [MONITOR] Hilos activos: RegistrySync:activo, CEOListener:activo, ThreadMonitor:activo
[18:22:38] [WARN] Activando fallback sandbox: faltan UBER_CLIENT_ID, UBER_CLIENT_SECRET, UBER_ACCESS_TOKEN o UBER_SERVER_TOKEN
[18:22:38] [CONFIG] UberConfig: modo=SANDBOX_FALLBACK, fallback=True
[18:22:38] [ERROR] Orquestador no inicializado. Llame init_negotiation_system() primero.
[18:22:40] [DEBUG] [HILO] Registry sync ejecutado
[18:22:40] [DEBUG] [MONITOR] Hilos activos: RegistrySync:activo, CEOListener:activo, ThreadMonitor:activo
[18:22:47] [DEBUG] [HILO] Registry sync ejecutado
[18:22:48] [DEBUG] [MONITOR] Hilos activos: RegistrySync:activo, CEOListener:activo, ThreadMonitor:activo
[18:22:55] [DEBUG] [MONITOR] Hilos activos: RegistrySync:activo, CEOListener:activo, ThreadMonitor:activo
[18:23:03] [DEBUG] [MONITOR] Hilos activos: RegistrySync:activo, CEOListener:activo, ThreadMonitor:activo
[18:23:10] [DEBUG] [HILO] Registry sync ejecutado
[18:23:10] [DEBUG] [MONITOR] Hilos activos: RegistrySync:activo, CEOListener:activo, ThreadMonitor:activo
[18:23:17] [DEBUG] [HILO] Registry sync ejecutado
[18:23:18] [DEBUG] [MONITOR] Hilos activos: RegistrySync:activo, CEOListener:activo, ThreadMonitor:activo
[18:23:25] [DEBUG] [MONITOR] Hilos activos: RegistrySync:activo, CEOListener:activo, ThreadMonitor:activo
[18:23:33] [DEBUG] [MONITOR] Hilos activos: RegistrySync:activo, CEOListener:activo, ThreadMonitor:activo
[18:23:38] [ERROR] Orquestador no inicializado. Llame init_negotiation_system() primero.
[18:23:40] [DEBUG] [HILO] Registry sync ejecutado
[18:23:40] [DEBUG] [MONITOR] Hilos activos: RegistrySync:activo, CEOListener:activo, ThreadMonitor:activo
[18:23:47] [DEBUG] [HILO] Registry sync ejecutado
[18:23:48] [DEBUG] [MONITOR] Hilos activos: RegistrySync:activo, CEOListener:activo, ThreadMonitor:activo
[18:23:55] [DEBUG] [MONITOR] Hilos activos: RegistrySync:activo, CEOListener:activo, ThreadMonitor:activo
[18:24:03] [DEBUG] [MONITOR] Hilos activos: RegistrySync:activo, CEOListener:activo, ThreadMonitor:activo
[18:24:10] [DEBUG] [HILO] Registry sync ejecutado
[18:24:10] [DEBUG] [MONITOR] Hilos activos: RegistrySync:activo, CEOListener:activo, ThreadMonitor:activo
[18:24:17] [DEBUG] [HILO] Registry sync ejecutado
[18:24:18] [DEBUG] [MONITOR] Hilos activos: RegistrySync:activo, CEOListener:activo, ThreadMonitor:activo
[18:24:25] [DEBUG] [MONITOR] Hilos activos: RegistrySync:activo, CEOListener:activo, ThreadMonitor:activo
[18:24:33] [DEBUG] [MONITOR] Hilos activos: RegistrySync:activo, CEOListener:activo, ThreadMonitor:activo
[18:24:38] [ERROR] Orquestador no inicializado. Llame init_negotiation_system() primero.
[18:24:40] [DEBUG] [HILO] Registry sync ejecutado
[18:24:40] [DEBUG] [MONITOR] Hilos activos: RegistrySync:activo, CEOListener:activo, ThreadMonitor:activo
[18:24:47] [DEBUG] [HILO] Registry sync ejecutado
[18:24:48] [DEBUG] [MONITOR] Hilos activos: RegistrySync:activo, CEOListener:activo, ThreadMonitor:activo
[18:24:55] [DEBUG] [MONITOR] Hilos activos: RegistrySync:activo, CEOListener:activo, ThreadMonitor:activo
[18:25:03] [DEBUG] [MONITOR] Hilos activos: RegistrySync:activo, CEOListener:activo, ThreadMonitor:activo
[18:25:10] [DEBUG] [HILO] Registry sync ejecutado
[18:25:10] [DEBUG] [MONITOR] Hilos activos: RegistrySync:activo, CEOListener:activo, ThreadMonitor:activo
[18:25:17] [DEBUG] [HILO] Registry sync ejecutado
[18:25:18] [DEBUG] [MONITOR] Hilos activos: RegistrySync:activo, CEOListener:activo, ThreadMonitor:activo
[18:25:25] [DEBUG] [MONITOR] Hilos activos: RegistrySync:activo, CEOListener:activo, ThreadMonitor:activo
[18:25:33] [DEBUG] [MONITOR] Hilos activos: RegistrySync:activo, CEOListener:activo, ThreadMonitor:activo
[18:25:38] [ERROR] Orquestador no inicializado. Llame init_negotiation_system() primero.
[18:25:40] [DEBUG] [HILO] Registry sync ejecutado
[18:25:40] [DEBUG] [MONITOR] Hilos activos: RegistrySync:activo, CEOListener:activo, ThreadMonitor:activo
[18:25:47] [DEBUG] [HILO] Registry sync ejecutado
[18:25:48] [DEBUG] [MONITOR] Hilos activos: RegistrySync:activo, CEOListener:activo, ThreadMonitor:activo
[18:25:55] [DEBUG] [MONITOR] Hilos activos: RegistrySync:activo, CEOListener:activo, ThreadMonitor:activo
[18:26:03] [DEBUG] [MONITOR] Hilos activos: RegistrySync:activo, CEOListener:activo, ThreadMonitor:activo
[18:26:10] [DEBUG] [HILO] Registry sync ejecutado
[18:26:10] [DEBUG] [MONITOR] Hilos activos: RegistrySync:activo, CEOListener:activo, ThreadMonitor:activo
[18:26:17] [DEBUG] [HILO] Registry sync ejecutado
[18:26:18] [DEBUG] [MONITOR] Hilos activos: RegistrySync:activo, CEOListener:activo, ThreadMonitor:activo
[18:26:25] [DEBUG] [MONITOR] Hilos activos: RegistrySync:activo, CEOListener:activo, ThreadMonitor:activo
[18:26:33] [DEBUG] [MONITOR] Hilos activos: RegistrySync:activo, CEOListener:activo, ThreadMonitor:activo
[18:26:39] [ERROR] Orquestador no inicializado. Llame init_negotiation_system() primero.
[18:26:40] [DEBUG] [HILO] Registry sync ejecutado
[18:26:40] [DEBUG] [MONITOR] Hilos activos: RegistrySync:activo, CEOListener:activo, ThreadMonitor:activo
[18:26:47] [DEBUG] [HILO] Registry sync ejecutado
[18:26:48] [DEBUG] [MONITOR] Hilos activos: RegistrySync:activo, CEOListener:activo, ThreadMonitor:activo
[18:26:55] [DEBUG] [MONITOR] Hilos activos: RegistrySync:activo, CEOListener:activo, ThreadMonitor:activo
[18:27:03] [DEBUG] [MONITOR] Hilos activos: RegistrySync:activo, CEOListener:activo, ThreadMonitor:activo
[18:27:10] [DEBUG] [HILO] Registry sync ejecutado
[18:27:10] [DEBUG] [MONITOR] Hilos activos: RegistrySync:activo, CEOListener:activo, ThreadMonitor:activo
[18:27:17] [DEBUG] [HILO] Registry sync ejecutado
[18:27:18] [DEBUG] [MONITOR] Hilos activos: RegistrySync:activo, CEOListener:activo, ThreadMonitor:activo
[18:27:25] [DEBUG] [MONITOR] Hilos activos: RegistrySync:activo, CEOListener:activo, ThreadMonitor:activo
[18:27:33] [DEBUG] [MONITOR] Hilos activos: RegistrySync:activo, CEOListener:activo, ThreadMonitor:activo
[18:27:39] [ERROR] Orquestador no inicializado. Llame init_negotiation_system() primero.
[18:27:40] [DEBUG] [HILO] Registry sync ejecutado
[18:27:40] [DEBUG] [MONITOR] Hilos activos: RegistrySync:activo, CEOListener:activo, ThreadMonitor:activo
[18:27:47] [DEBUG] [HILO] Registry sync ejecutado
[18:27:48] [DEBUG] [MONITOR] Hilos activos: RegistrySync:activo, CEOListener:activo, ThreadMonitor:activo
[18:27:55] [DEBUG] [MONITOR] Hilos activos: RegistrySync:activo, CEOListener:activo, ThreadMonitor:activo
[18:28:03] [DEBUG] [MONITOR] Hilos activos: RegistrySync:activo, CEOListener:activo, ThreadMonitor:activo
[18:28:10] [DEBUG] [HILO] Registry sync ejecutado
[18:28:10] [DEBUG] [MONITOR] Hilos activos: RegistrySync:activo, CEOListener:activo, ThreadMonitor:activo
[18:28:17] [DEBUG] [HILO] Registry sync ejecutado
[18:28:18] [DEBUG] [MONITOR] Hilos activos: RegistrySync:activo, CEOListener:activo, ThreadMonitor:activo
[18:28:25] [DEBUG] [MONITOR] Hilos activos: RegistrySync:activo, CEOListener:activo, ThreadMonitor:activo
[18:28:33] [DEBUG] [MONITOR] Hilos activos: RegistrySync:activo, CEOListener:activo, ThreadMonitor:activo
[18:28:39] [ERROR] Orquestador no inicializado. Llame init_negotiation_system() primero.
[18:28:40] [DEBUG] [HILO] Registry sync ejecutado
[18:28:40] [DEBUG] [MONITOR] Hilos activos: RegistrySync:activo, CEOListener:activo, ThreadMonitor:activo
[18:28:47] [DEBUG] [HILO] Registry sync ejecutado
[18:28:48] [DEBUG] [MONITOR] Hilos activos: RegistrySync:activo, CEOListener:activo, ThreadMonitor:activo
[18:28:55] [DEBUG] [MONITOR] Hilos activos: RegistrySync:activo, CEOListener:activo, ThreadMonitor:activo
[18:29:03] [DEBUG] [MONITOR] Hilos activos: RegistrySync:activo, CEOListener:activo, ThreadMonitor:activo
[18:29:10] [DEBUG] [HILO] Registry sync ejecutado
[18:29:10] [DEBUG] [MONITOR] Hilos activos: RegistrySync:activo, CEOListener:activo, ThreadMonitor:activo
[18:29:17] [DEBUG] [HILO] Registry sync ejecutado
[18:29:18] [DEBUG] [MONITOR] Hilos activos: RegistrySync:activo, CEOListener:activo, ThreadMonitor:activo
[18:29:25] [DEBUG] [MONITOR] Hilos activos: RegistrySync:activo, CEOListener:activo, ThreadMonitor:activo
[18:29:33] [DEBUG] [MONITOR] Hilos activos: RegistrySync:activo, CEOListener:activo, ThreadMonitor:activo
[18:29:39] [ERROR] Orquestador no inicializado. Llame init_negotiation_system() primero.
[18:29:40] [DEBUG] [HILO] Registry sync ejecutado
[18:29:40] [DEBUG] [MONITOR] Hilos activos: RegistrySync:activo, CEOListener:activo, ThreadMonitor:activo
[18:29:47] [DEBUG] [HILO] Registry sync ejecutado
[18:29:48] [DEBUG] [MONITOR] Hilos activos: RegistrySync:activo, CEOListener:activo, ThreadMonitor:activo
[18:29:55] [DEBUG] [MONITOR] Hilos activos: RegistrySync:activo, CEOListener:activo, ThreadMonitor:activo
[18:30:03] [DEBUG] [MONITOR] Hilos activos: RegistrySync:activo, CEOListener:activo, ThreadMonitor:activo
[18:30:10] [DEBUG] [HILO] Registry sync ejecutado
[18:30:10] [DEBUG] [MONITOR] Hilos activos: RegistrySync:activo, CEOListener:activo, ThreadMonitor:activo
[18:30:17] [DEBUG] [HILO] Registry sync ejecutado
[18:30:18] [DEBUG] [MONITOR] Hilos activos: RegistrySync:activo, CEOListener:activo, ThreadMonitor:activo
[18:30:25] [DEBUG] [MONITOR] Hilos activos: RegistrySync:activo, CEOListener:activo, ThreadMonitor:activo
[18:30:33] [DEBUG] [MONITOR] Hilos activos: RegistrySync:activo, CEOListener:activo, ThreadMonitor:activo
[18:30:39] [ERROR] Orquestador no inicializado. Llame init_negotiation_system() primero.
[18:30:40] [DEBUG] [HILO] Registry sync ejecutado
[18:30:40] [DEBUG] [MONITOR] Hilos activos: RegistrySync:activo, CEOListener:activo, ThreadMonitor:activo
[18:30:47] [DEBUG] [HILO] Registry sync ejecutado
[18:30:48] [DEBUG] [MONITOR] Hilos activos: RegistrySync:activo, CEOListener:activo, ThreadMonitor:activo
[18:30:55] [DEBUG] [MONITOR] Hilos activos: RegistrySync:activo, CEOListener:activo, ThreadMonitor:activo
[18:31:03] [DEBUG] [MONITOR] Hilos activos: RegistrySync:activo, CEOListener:activo, ThreadMonitor:activo
[18:31:10] [DEBUG] [HILO] Registry sync ejecutado
[18:31:10] [DEBUG] [MONITOR] Hilos activos: RegistrySync:activo, CEOListener:activo, ThreadMonitor:activo
[18:31:17] [DEBUG] [HILO] Registry sync ejecutado
[18:31:18] [DEBUG] [MONITOR] Hilos activos: RegistrySync:activo, CEOListener:activo, ThreadMonitor:activo
[18:31:25] [DEBUG] [MONITOR] Hilos activos: RegistrySync:activo, CEOListener:activo, ThreadMonitor:activo
[18:31:33] [DEBUG] [MONITOR] Hilos activos: RegistrySync:activo, CEOListener:activo, ThreadMonitor:activo
[18:31:39] [ERROR] Orquestador no inicializado. Llame init_negotiation_system() primero.
[18:31:40] [DEBUG] [HILO] Registry sync ejecutado
[18:31:40] [DEBUG] [MONITOR] Hilos activos: RegistrySync:activo, CEOListener:activo, ThreadMonitor:activo
[18:31:47] [DEBUG] [HILO] Registry sync ejecutado
[18:31:48] [DEBUG] [MONITOR] Hilos activos: RegistrySync:activo, CEOListener:activo, ThreadMonitor:activo
[18:31:55] [DEBUG] [MONITOR] Hilos activos: RegistrySync:activo, CEOListener:activo, ThreadMonitor:activo
[18:32:03] [DEBUG] [MONITOR] Hilos activos: RegistrySync:activo, CEOListener:activo, ThreadMonitor:activo
[18:32:10] [DEBUG] [HILO] Registry sync ejecutado
[18:32:10] [DEBUG] [MONITOR] Hilos activos: RegistrySync:activo, CEOListener:activo, ThreadMonitor:activo
[18:32:17] [DEBUG] [HILO] Registry sync ejecutado
[18:32:18] [DEBUG] [MONITOR] Hilos activos: RegistrySync:activo, CEOListener:activo, ThreadMonitor:activo
[18:32:25] [DEBUG] [MONITOR] Hilos activos: RegistrySync:activo, CEOListener:activo, ThreadMonitor:activo
[18:32:33] [DEBUG] [MONITOR] Hilos activos: RegistrySync:activo, CEOListener:activo, ThreadMonitor:activo
[18:32:40] [ERROR] Orquestador no inicializado. Llame init_negotiation_system() primero.
[18:32:40] [DEBUG] [HILO] Registry sync ejecutado
[18:32:40] [DEBUG] [MONITOR] Hilos activos: RegistrySync:activo, CEOListener:activo, ThreadMonitor:activo
[18:32:47] [DEBUG] [HILO] Registry sync ejecutado
[18:32:48] [DEBUG] [MONITOR] Hilos activos: RegistrySync:activo, CEOListener:activo, ThreadMonitor:activo
[18:32:55] [DEBUG] [MONITOR] Hilos activos: RegistrySync:activo, CEOListener:activo, ThreadMonitor:activo
[18:33:03] [DEBUG] [MONITOR] Hilos activos: RegistrySync:activo, CEOListener:activo, ThreadMonitor:activo
[18:33:10] [DEBUG] [HILO] Registry sync ejecutado
[18:33:10] [DEBUG] [MONITOR] Hilos activos: RegistrySync:activo, CEOListener:activo, ThreadMonitor:activo
[18:33:17] [DEBUG] [HILO] Registry sync ejecutado
[18:33:18] [DEBUG] [MONITOR] Hilos activos: RegistrySync:activo, CEOListener:activo, ThreadMonitor:activo
[18:33:25] [DEBUG] [MONITOR] Hilos activos: RegistrySync:activo, CEOListener:activo, ThreadMonitor:activo
[18:33:33] [DEBUG] [MONITOR] Hilos activos: RegistrySync:activo, CEOListener:activo, ThreadMonitor:activo
[18:33:40] [DEBUG] [HILO] Registry sync ejecutado
[18:33:40] [ERROR] Orquestador no inicializado. Llame init_negotiation_system() primero.
[18:33:40] [DEBUG] [MONITOR] Hilos activos: RegistrySync:activo, CEOListener:activo, ThreadMonitor:activo
[18:33:47] [DEBUG] [HILO] Registry sync ejecutado
[18:33:48] [DEBUG] [MONITOR] Hilos activos: RegistrySync:activo, CEOListener:activo, ThreadMonitor:activo
[18:33:55] [DEBUG] [MONITOR] Hilos activos: RegistrySync:activo, CEOListener:activo, ThreadMonitor:activo
[18:34:03] [DEBUG] [MONITOR] Hilos activos: RegistrySync:activo, CEOListener:activo, ThreadMonitor:activo
[18:34:10] [DEBUG] [HILO] Registry sync ejecutado
[18:34:10] [DEBUG] [MONITOR] Hilos activos: RegistrySync:activo, CEOListener:activo, ThreadMonitor:activo
[18:34:17] [DEBUG] [HILO] Registry sync ejecutado
[18:34:18] [DEBUG] [MONITOR] Hilos activos: RegistrySync:activo, CEOListener:activo, ThreadMonitor:activo
[18:34:25] [DEBUG] [MONITOR] Hilos activos: RegistrySync:activo, CEOListener:activo, ThreadMonitor:activo
[18:34:33] [DEBUG] [MONITOR] Hilos activos: RegistrySync:activo, CEOListener:activo, ThreadMonitor:activo
[18:34:40] [DEBUG] [HILO] Registry sync ejecutado
[18:34:40] [DEBUG] [MONITOR] Hilos activos: RegistrySync:activo, CEOListener:activo, ThreadMonitor:activo
[18:34:40] [ERROR] Orquestador no inicializado. Llame init_negotiation_system() primero.
[18:34:47] [DEBUG] [HILO] Registry sync ejecutado
[18:34:48] [DEBUG] [MONITOR] Hilos activos: RegistrySync:activo, CEOListener:activo, ThreadMonitor:activo
[18:34:55] [DEBUG] [MONITOR] Hilos activos: RegistrySync:activo, CEOListener:activo, ThreadMonitor:activo
[18:35:03] [DEBUG] [MONITOR] Hilos activos: RegistrySync:activo, CEOListener:activo, ThreadMonitor:activo
[18:35:10] [DEBUG] [HILO] Registry sync ejecutado
[18:35:10] [DEBUG] [MONITOR] Hilos activos: RegistrySync:activo, CEOListener:activo, ThreadMonitor:activo
[18:35:17] [DEBUG] [HILO] Registry sync ejecutado
[18:35:18] [DEBUG] [MONITOR] Hilos activos: RegistrySync:activo, CEOListener:activo, ThreadMonitor:activo
[18:35:25] [DEBUG] [MONITOR] Hilos activos: RegistrySync:activo, CEOListener:activo, ThreadMonitor:activo
[18:35:33] [DEBUG] [MONITOR] Hilos activos: RegistrySync:activo, CEOListener:activo, ThreadMonitor:activo
[18:35:40] [DEBUG] [HILO] Registry sync ejecutado
[18:35:40] [DEBUG] [MONITOR] Hilos activos: RegistrySync:activo, CEOListener:activo, ThreadMonitor:activo
[18:35:40] [ERROR] Orquestador no inicializado. Llame init_negotiation_system() primero.
[18:35:47] [DEBUG] [HILO] Registry sync ejecutado
[18:35:48] [DEBUG] [MONITOR] Hilos activos: RegistrySync:activo, CEOListener:activo, ThreadMonitor:activo
[18:35:55] [DEBUG] [MONITOR] Hilos activos: RegistrySync:activo, CEOListener:activo, ThreadMonitor:activo
[18:36:03] [DEBUG] [MONITOR] Hilos activos: RegistrySync:activo, CEOListener:activo, ThreadMonitor:activo
[18:36:10] [DEBUG] [HILO] Registry sync ejecutado
[18:36:10] [DEBUG] [MONITOR] Hilos activos: RegistrySync:activo, CEOListener:activo, ThreadMonitor:activo
[18:36:17] [DEBUG] [HILO] Registry sync ejecutado
[18:36:18] [DEBUG] [MONITOR] Hilos activos: RegistrySync:activo, CEOListener:activo, ThreadMonitor:activo
[18:36:25] [DEBUG] [MONITOR] Hilos activos: RegistrySync:activo, CEOListener:activo, ThreadMonitor:activo
[18:36:33] [DEBUG] [MONITOR] Hilos activos: RegistrySync:activo, CEOListener:activo, ThreadMonitor:activo
[18:36:40] [DEBUG] [HILO] Registry sync ejecutado
[18:36:40] [DEBUG] [MONITOR] Hilos activos: RegistrySync:activo, CEOListener:activo, ThreadMonitor:activo
[18:36:41] [ERROR] Orquestador no inicializado. Llame init_negotiation_system() primero.
[18:36:47] [DEBUG] [HILO] Registry sync ejecutado
[18:36:48] [DEBUG] [MONITOR] Hilos activos: RegistrySync:activo, CEOListener:activo, ThreadMonitor:activo
[18:36:55] [DEBUG] [MONITOR] Hilos activos: RegistrySync:activo, CEOListener:activo, ThreadMonitor:activo
[18:37:03] [DEBUG] [MONITOR] Hilos activos: RegistrySync:activo, CEOListener:activo, ThreadMonitor:activo
[18:37:10] [DEBUG] [HILO] Registry sync ejecutado
[18:37:10] [DEBUG] [MONITOR] Hilos activos: RegistrySync:activo, CEOListener:activo, ThreadMonitor:activo
[18:37:17] [DEBUG] [HILO] Registry sync ejecutado
[18:37:18] [DEBUG] [MONITOR] Hilos activos: RegistrySync:activo, CEOListener:activo, ThreadMonitor:activo
[18:37:33] [DEBUG] [MONITOR] Hilos activos: RegistrySync:activo, CEOListener:activo, ThreadMonitor:activo
[18:37:47] [DEBUG] [HILO] Registry sync ejecutado
[18:37:48] [DEBUG] [MONITOR] Hilos activos: RegistrySync:activo, CEOListener:activo, ThreadMonitor:activo
[18:38:03] [DEBUG] [MONITOR] Hilos activos: RegistrySync:activo, CEOListener:activo, ThreadMonitor:activo
[18:38:17] [DEBUG] [HILO] Registry sync ejecutado
[18:38:18] [DEBUG] [MONITOR] Hilos activos: RegistrySync:activo, CEOListener:activo, ThreadMonitor:activo
[18:38:33] [DEBUG] [MONITOR] Hilos activos: RegistrySync:activo, CEOListener:activo, ThreadMonitor:activo
[18:38:47] [DEBUG] [HILO] Registry sync ejecutado
[18:38:48] [DEBUG] [MONITOR] Hilos activos: RegistrySync:activo, CEOListener:activo, ThreadMonitor:activo
[18:39:03] [DEBUG] [MONITOR] Hilos activos: RegistrySync:activo, CEOListener:activo, ThreadMonitor:activo
[18:39:17] [DEBUG] [HILO] Registry sync ejecutado
[18:39:18] [DEBUG] [MONITOR] Hilos activos: RegistrySync:activo, CEOListener:activo, ThreadMonitor:activo
[18:39:33] [DEBUG] [MONITOR] Hilos activos: RegistrySync:activo, CEOListener:activo, ThreadMonitor:activo
[18:39:47] [DEBUG] [HILO] Registry sync ejecutado
[18:39:48] [DEBUG] [MONITOR] Hilos activos: RegistrySync:activo, CEOListener:activo, ThreadMonitor:activo
[18:40:03] [DEBUG] [MONITOR] Hilos activos: RegistrySync:activo, CEOListener:activo, ThreadMonitor:activo
[18:40:17] [DEBUG] [HILO] Registry sync ejecutado
[18:40:18] [DEBUG] [MONITOR] Hilos activos: RegistrySync:activo, CEOListener:activo, ThreadMonitor:activo
[18:40:33] [DEBUG] [MONITOR] Hilos activos: RegistrySync:activo, CEOListener:activo, ThreadMonitor:activo
[18:40:47] [DEBUG] [HILO] Registry sync ejecutado
[18:40:48] [DEBUG] [MONITOR] Hilos activos: RegistrySync:activo, CEOListener:activo, ThreadMonitor:activo
[18:41:03] [DEBUG] [MONITOR] Hilos activos: RegistrySync:activo, CEOListener:activo, ThreadMonitor:activo
[18:41:17] [DEBUG] [HILO] Registry sync ejecutado
[18:41:18] [DEBUG] [MONITOR] Hilos activos: RegistrySync:activo, CEOListener:activo, ThreadMonitor:activo
[18:41:33] [DEBUG] [MONITOR] Hilos activos: RegistrySync:activo, CEOListener:activo, ThreadMonitor:activo
[18:41:47] [DEBUG] [HILO] Registry sync ejecutado
[18:41:48] [DEBUG] [MONITOR] Hilos activos: RegistrySync:activo, CEOListener:activo, ThreadMonitor:activo
[18:42:03] [DEBUG] [MONITOR] Hilos activos: RegistrySync:activo, CEOListener:activo, ThreadMonitor:activo
[18:42:17] [DEBUG] [HILO] Registry sync ejecutado
[18:42:18] [DEBUG] [MONITOR] Hilos activos: RegistrySync:activo, CEOListener:activo, ThreadMonitor:activo
[18:42:33] [DEBUG] [MONITOR] Hilos activos: RegistrySync:activo, CEOListener:activo, ThreadMonitor:activo
[18:42:47] [DEBUG] [HILO] Registry sync ejecutado
[18:42:48] [DEBUG] [MONITOR] Hilos activos: RegistrySync:activo, CEOListener:activo, ThreadMonitor:activo
[18:43:03] [DEBUG] [MONITOR] Hilos activos: RegistrySync:activo, CEOListener:activo, ThreadMonitor:activo
[18:43:17] [DEBUG] [HILO] Registry sync ejecutado
[18:43:18] [DEBUG] [MONITOR] Hilos activos: RegistrySync:activo, CEOListener:activo, ThreadMonitor:activo
[18:43:33] [DEBUG] [MONITOR] Hilos activos: RegistrySync:activo, CEOListener:activo, ThreadMonitor:activo
[18:43:47] [DEBUG] [HILO] Registry sync ejecutado
[18:43:48] [DEBUG] [MONITOR] Hilos activos: RegistrySync:activo, CEOListener:activo, ThreadMonitor:activo
[18:44:03] [DEBUG] [MONITOR] Hilos activos: RegistrySync:activo, CEOListener:activo, ThreadMonitor:activo
[18:44:17] [DEBUG] [HILO] Registry sync ejecutado
[18:44:18] [DEBUG] [MONITOR] Hilos activos: RegistrySync:activo, CEOListener:activo, ThreadMonitor:activo
[18:44:33] [DEBUG] [MONITOR] Hilos activos: RegistrySync:activo, CEOListener:activo, ThreadMonitor:activo
[18:44:47] [DEBUG] [HILO] Registry sync ejecutado
[18:44:48] [DEBUG] [MONITOR] Hilos activos: RegistrySync:activo, CEOListener:activo, ThreadMonitor:activo
[18:45:03] [DEBUG] [MONITOR] Hilos activos: RegistrySync:activo, CEOListener:activo, ThreadMonitor:activo
[18:45:17] [DEBUG] [HILO] Registry sync ejecutado
[18:45:18] [DEBUG] [MONITOR] Hilos activos: RegistrySync:activo, CEOListener:activo, ThreadMonitor:activo
[18:45:33] [DEBUG] [MONITOR] Hilos activos: RegistrySync:activo, CEOListener:activo, ThreadMonitor:activo
[18:45:47] [DEBUG] [HILO] Registry sync ejecutado
[18:45:48] [DEBUG] [MONITOR] Hilos activos: RegistrySync:activo, CEOListener:activo, ThreadMonitor:activo
[18:46:03] [DEBUG] [MONITOR] Hilos activos: RegistrySync:activo, CEOListener:activo, ThreadMonitor:activo
[18:46:17] [DEBUG] [HILO] Registry sync ejecutado
[18:46:18] [DEBUG] [MONITOR] Hilos activos: RegistrySync:activo, CEOListener:activo, ThreadMonitor:activo
[18:46:33] [DEBUG] [INFO] parte5_daimon_base no disponible
[18:46:33] [WARN] [WARN] Error cargando datos: Can't get attribute 'DemandSample' on <module '__main__' from '/data/data/com.termux/files/home/lucifer_prometeo/00_start_all.py:'>
[18:46:33] [DEBUG] [MONITOR] Hilos activos: RegistrySync:activo, CEOListener:activo, ThreadMonitor:activo
[18:46:33] [WARN] [WARN] Error cargando modelo: Can't get attribute 'EnsembleDemandPredictor' on <module '__main__' from '/data/data/com.termux/files/home/lucifer_prometeo/00_start_all.py:'>
[18:46:33] [DEBUG] [HILO] Registry sync ejecutado
[18:46:33] [INFO] [HILO] Conectado: RegistrySync
[18:46:33] [INFO] [HILO] Conectado: CEOListener
[18:46:33] [INFO] [HILO] Conectado: ThreadMonitor
[18:46:33] [INFO] [HILO] Monitor de threads iniciado
[18:46:33] [DEBUG] [MONITOR] Hilos activos: RegistrySync:activo, CEOListener:activo
[18:46:33] [INFO] [HILO] Todos los hilos de fondo conectados
[18:46:33] [INFO] [INFO] Entrenando ensemble con 500 muestras...
[18:46:33] [INFO] [OK] Ensemble entrenado exitosamente (0 modelos)
[18:46:33] [INFO] [OK] Predictor inicializado y entrenado con 500 muestras
[18:46:46] [DEBUG] [INFO] parte5_daimon_base no disponible
[18:46:47] [DEBUG] [HILO] Registry sync ejecutado
[18:46:48] [DEBUG] [MONITOR] Hilos activos: RegistrySync:activo, CEOListener:activo, ThreadMonitor:activo
[18:46:48] [DEBUG] [MONITOR] Hilos activos: RegistrySync:activo, CEOListener:activo, ThreadMonitor:activo
[18:47:02] [WARN] Activando fallback sandbox: faltan UBER_CLIENT_ID, UBER_CLIENT_SECRET, UBER_ACCESS_TOKEN o UBER_SERVER_TOKEN
[18:47:02] [CONFIG] UberConfig: modo=SANDBOX_FALLBACK, fallback=True
[18:47:02] [ERROR] Orquestador no inicializado. Llame init_negotiation_system() primero.
[18:47:03] [DEBUG] [MONITOR] Hilos activos: RegistrySync:activo, CEOListener:activo, ThreadMonitor:activo
[18:47:03] [DEBUG] [HILO] Registry sync ejecutado
[18:47:03] [DEBUG] [MONITOR] Hilos activos: RegistrySync:activo, CEOListener:activo, ThreadMonitor:activo
[18:47:17] [DEBUG] [HILO] Registry sync ejecutado
[18:47:18] [DEBUG] [MONITOR] Hilos activos: RegistrySync:activo, CEOListener:activo, ThreadMonitor:activo
[18:47:18] [DEBUG] [MONITOR] Hilos activos: RegistrySync:activo, CEOListener:activo, ThreadMonitor:activo
[18:47:33] [DEBUG] [MONITOR] Hilos activos: RegistrySync:activo, CEOListener:activo, ThreadMonitor:activo
[18:47:33] [DEBUG] [HILO] Registry sync ejecutado
[18:47:33] [DEBUG] [MONITOR] Hilos activos: RegistrySync:activo, CEOListener:activo, ThreadMonitor:activo
[18:47:47] [DEBUG] [HILO] Registry sync ejecutado
[18:47:48] [DEBUG] [MONITOR] Hilos activos: RegistrySync:activo, CEOListener:activo, ThreadMonitor:activo
[18:47:48] [DEBUG] [MONITOR] Hilos activos: RegistrySync:activo, CEOListener:activo, ThreadMonitor:activo
[18:48:02] [ERROR] Orquestador no inicializado. Llame init_negotiation_system() primero.
[18:48:03] [DEBUG] [MONITOR] Hilos activos: RegistrySync:activo, CEOListener:activo, ThreadMonitor:activo
[18:48:03] [DEBUG] [HILO] Registry sync ejecutado
[18:48:03] [DEBUG] [MONITOR] Hilos activos: RegistrySync:activo, CEOListener:activo, ThreadMonitor:activo
[18:48:17] [DEBUG] [HILO] Registry sync ejecutado
[18:48:18] [DEBUG] [MONITOR] Hilos activos: RegistrySync:activo, CEOListener:activo, ThreadMonitor:activo
[18:48:18] [DEBUG] [MONITOR] Hilos activos: RegistrySync:activo, CEOListener:activo, ThreadMonitor:activo
[18:48:33] [DEBUG] [MONITOR] Hilos activos: RegistrySync:activo, CEOListener:activo, ThreadMonitor:activo
[18:48:33] [DEBUG] [HILO] Registry sync ejecutado
[18:48:33] [DEBUG] [MONITOR] Hilos activos: RegistrySync:activo, CEOListener:activo, ThreadMonitor:activo
[18:48:47] [DEBUG] [HILO] Registry sync ejecutado
[18:48:48] [DEBUG] [MONITOR] Hilos activos: RegistrySync:activo, CEOListener:activo, ThreadMonitor:activo
[18:48:48] [DEBUG] [MONITOR] Hilos activos: RegistrySync:activo, CEOListener:activo, ThreadMonitor:activo
[18:49:02] [ERROR] Orquestador no inicializado. Llame init_negotiation_system() primero.
[18:49:03] [DEBUG] [MONITOR] Hilos activos: RegistrySync:activo, CEOListener:activo, ThreadMonitor:activo
[18:49:03] [DEBUG] [HILO] Registry sync ejecutado
[18:49:03] [DEBUG] [MONITOR] Hilos activos: RegistrySync:activo, CEOListener:activo, ThreadMonitor:activo
[18:49:17] [DEBUG] [HILO] Registry sync ejecutado
[18:49:18] [DEBUG] [MONITOR] Hilos activos: RegistrySync:activo, CEOListener:activo, ThreadMonitor:activo
[18:49:18] [DEBUG] [MONITOR] Hilos activos: RegistrySync:activo, CEOListener:activo, ThreadMonitor:activo
[18:49:33] [DEBUG] [MONITOR] Hilos activos: RegistrySync:activo, CEOListener:activo, ThreadMonitor:activo
[18:49:33] [DEBUG] [HILO] Registry sync ejecutado
[18:49:33] [DEBUG] [MONITOR] Hilos activos: RegistrySync:activo, CEOListener:activo, ThreadMonitor:activo
[18:49:47] [DEBUG] [HILO] Registry sync ejecutado
[18:49:48] [DEBUG] [MONITOR] Hilos activos: RegistrySync:activo, CEOListener:activo, ThreadMonitor:activo
[18:49:48] [DEBUG] [MONITOR] Hilos activos: RegistrySync:activo, CEOListener:activo, ThreadMonitor:activo
[18:50:02] [ERROR] Orquestador no inicializado. Llame init_negotiation_system() primero.
[18:50:03] [DEBUG] [MONITOR] Hilos activos: RegistrySync:activo, CEOListener:activo, ThreadMonitor:activo
[18:50:03] [DEBUG] [HILO] Registry sync ejecutado
[18:50:03] [DEBUG] [MONITOR] Hilos activos: RegistrySync:activo, CEOListener:activo, ThreadMonitor:activo
[18:50:17] [DEBUG] [HILO] Registry sync ejecutado
[18:50:18] [DEBUG] [MONITOR] Hilos activos: RegistrySync:activo, CEOListener:activo, ThreadMonitor:activo
[18:50:18] [DEBUG] [MONITOR] Hilos activos: RegistrySync:activo, CEOListener:activo, ThreadMonitor:activo
[18:50:33] [DEBUG] [MONITOR] Hilos activos: RegistrySync:activo, CEOListener:activo, ThreadMonitor:activo
[18:50:33] [DEBUG] [HILO] Registry sync ejecutado
[18:50:33] [DEBUG] [MONITOR] Hilos activos: RegistrySync:activo, CEOListener:activo, ThreadMonitor:activo
[18:50:47] [DEBUG] [HILO] Registry sync ejecutado
[18:50:48] [DEBUG] [MONITOR] Hilos activos: RegistrySync:activo, CEOListener:activo, ThreadMonitor:activo
[18:50:48] [DEBUG] [MONITOR] Hilos activos: RegistrySync:activo, CEOListener:activo, ThreadMonitor:activo
[18:51:02] [ERROR] Orquestador no inicializado. Llame init_negotiation_system() primero.
[18:51:03] [DEBUG] [MONITOR] Hilos activos: RegistrySync:activo, CEOListener:activo, ThreadMonitor:activo
[18:51:03] [DEBUG] [HILO] Registry sync ejecutado
[18:51:03] [DEBUG] [MONITOR] Hilos activos: RegistrySync:activo, CEOListener:activo, ThreadMonitor:activo
[18:51:17] [DEBUG] [HILO] Registry sync ejecutado
[18:51:18] [DEBUG] [MONITOR] Hilos activos: RegistrySync:activo, CEOListener:activo, ThreadMonitor:activo
[18:51:18] [DEBUG] [MONITOR] Hilos activos: RegistrySync:activo, CEOListener:activo, ThreadMonitor:activo
[18:51:33] [DEBUG] [MONITOR] Hilos activos: RegistrySync:activo, CEOListener:activo, ThreadMonitor:activo
[18:51:33] [DEBUG] [HILO] Registry sync ejecutado
[18:51:33] [DEBUG] [MONITOR] Hilos activos: RegistrySync:activo, CEOListener:activo, ThreadMonitor:activo
[18:51:47] [DEBUG] [HILO] Registry sync ejecutado
[18:51:48] [DEBUG] [MONITOR] Hilos activos: RegistrySync:activo, CEOListener:activo, ThreadMonitor:activo
[18:51:48] [DEBUG] [MONITOR] Hilos activos: RegistrySync:activo, CEOListener:activo, ThreadMonitor:activo
[18:52:03] [ERROR] Orquestador no inicializado. Llame init_negotiation_system() primero.
[18:52:03] [DEBUG] [MONITOR] Hilos activos: RegistrySync:activo, CEOListener:activo, ThreadMonitor:activo
[18:52:03] [DEBUG] [HILO] Registry sync ejecutado
[18:52:03] [DEBUG] [MONITOR] Hilos activos: RegistrySync:activo, CEOListener:activo, ThreadMonitor:activo
[18:52:17] [DEBUG] [HILO] Registry sync ejecutado
[18:52:18] [DEBUG] [MONITOR] Hilos activos: RegistrySync:activo, CEOListener:activo, ThreadMonitor:activo
[18:52:18] [DEBUG] [MONITOR] Hilos activos: RegistrySync:activo, CEOListener:activo, ThreadMonitor:activo
[18:52:33] [DEBUG] [MONITOR] Hilos activos: RegistrySync:activo, CEOListener:activo, ThreadMonitor:activo
[18:52:33] [DEBUG] [HILO] Registry sync ejecutado
[18:52:33] [DEBUG] [MONITOR] Hilos activos: RegistrySync:activo, CEOListener:activo, ThreadMonitor:activo
[18:52:47] [DEBUG] [HILO] Registry sync ejecutado
[18:52:48] [DEBUG] [MONITOR] Hilos activos: RegistrySync:activo, CEOListener:activo, ThreadMonitor:activo
[18:52:48] [DEBUG] [MONITOR] Hilos activos: RegistrySync:activo, CEOListener:activo, ThreadMonitor:activo
[18:53:03] [ERROR] Orquestador no inicializado. Llame init_negotiation_system() primero.
[18:53:03] [DEBUG] [MONITOR] Hilos activos: RegistrySync:activo, CEOListener:activo, ThreadMonitor:activo
[18:53:03] [DEBUG] [HILO] Registry sync ejecutado
[18:53:03] [DEBUG] [MONITOR] Hilos activos: RegistrySync:activo, CEOListener:activo, ThreadMonitor:activo
[18:53:17] [DEBUG] [HILO] Registry sync ejecutado
[18:53:18] [DEBUG] [MONITOR] Hilos activos: RegistrySync:activo, CEOListener:activo, ThreadMonitor:activo
[18:53:18] [DEBUG] [MONITOR] Hilos activos: RegistrySync:activo, CEOListener:activo, ThreadMonitor:activo
[18:53:33] [DEBUG] [HILO] Registry sync ejecutado
[18:53:33] [DEBUG] [MONITOR] Hilos activos: RegistrySync:activo, CEOListener:activo, ThreadMonitor:activo
[18:53:33] [DEBUG] [MONITOR] Hilos activos: RegistrySync:activo, CEOListener:activo, ThreadMonitor:activo
[18:53:47] [DEBUG] [HILO] Registry sync ejecutado
[18:53:48] [DEBUG] [MONITOR] Hilos activos: RegistrySync:activo, CEOListener:activo, ThreadMonitor:activo
[18:53:48] [DEBUG] [MONITOR] Hilos activos: RegistrySync:activo, CEOListener:activo, ThreadMonitor:activo
[18:54:03] [ERROR] Orquestador no inicializado. Llame init_negotiation_system() primero.
[18:54:03] [DEBUG] [HILO] Registry sync ejecutado
[18:54:03] [DEBUG] [MONITOR] Hilos activos: RegistrySync:activo, CEOListener:activo, ThreadMonitor:activo
[18:54:03] [DEBUG] [MONITOR] Hilos activos: RegistrySync:activo, CEOListener:activo, ThreadMonitor:activo
[18:54:17] [DEBUG] [HILO] Registry sync ejecutado
[18:54:18] [DEBUG] [MONITOR] Hilos activos: RegistrySync:activo, CEOListener:activo, ThreadMonitor:activo
[18:54:18] [DEBUG] [MONITOR] Hilos activos: RegistrySync:activo, CEOListener:activo, ThreadMonitor:activo
[18:54:33] [DEBUG] [HILO] Registry sync ejecutado
[18:54:33] [DEBUG] [MONITOR] Hilos activos: RegistrySync:activo, CEOListener:activo, ThreadMonitor:activo
[18:54:33] [DEBUG] [MONITOR] Hilos activos: RegistrySync:activo, CEOListener:activo, ThreadMonitor:activo
[18:54:47] [DEBUG] [HILO] Registry sync ejecutado
[18:54:48] [DEBUG] [MONITOR] Hilos activos: RegistrySync:activo, CEOListener:activo, ThreadMonitor:activo
[18:54:48] [DEBUG] [MONITOR] Hilos activos: RegistrySync:activo, CEOListener:activo, ThreadMonitor:activo
[18:55:03] [DEBUG] [HILO] Registry sync ejecutado
[18:55:03] [DEBUG] [MONITOR] Hilos activos: RegistrySync:activo, CEOListener:activo, ThreadMonitor:activo
[18:55:03] [DEBUG] [MONITOR] Hilos activos: RegistrySync:activo, CEOListener:activo, ThreadMonitor:activo
[18:55:03] [ERROR] Orquestador no inicializado. Llame init_negotiation_system() primero.
[18:55:17] [DEBUG] [HILO] Registry sync ejecutado
[18:55:18] [DEBUG] [MONITOR] Hilos activos: RegistrySync:activo, CEOListener:activo, ThreadMonitor:activo
[18:55:18] [DEBUG] [MONITOR] Hilos activos: RegistrySync:activo, CEOListener:activo, ThreadMonitor:activo
[18:55:33] [DEBUG] [HILO] Registry sync ejecutado
[18:55:33] [DEBUG] [MONITOR] Hilos activos: RegistrySync:activo, CEOListener:activo, ThreadMonitor:activo
[18:55:33] [DEBUG] [MONITOR] Hilos activos: RegistrySync:activo, CEOListener:activo, ThreadMonitor:activo
[18:55:47] [DEBUG] [HILO] Registry sync ejecutado
[18:55:48] [DEBUG] [MONITOR] Hilos activos: RegistrySync:activo, CEOListener:activo, ThreadMonitor:activo
[18:55:48] [DEBUG] [MONITOR] Hilos activos: RegistrySync:activo, CEOListener:activo, ThreadMonitor:activo
[18:56:03] [DEBUG] [HILO] Registry sync ejecutado
[18:56:03] [DEBUG] [MONITOR] Hilos activos: RegistrySync:activo, CEOListener:activo, ThreadMonitor:activo
[18:56:03] [DEBUG] [MONITOR] Hilos activos: RegistrySync:activo, CEOListener:activo, ThreadMonitor:activo
[18:56:03] [ERROR] Orquestador no inicializado. Llame init_negotiation_system() primero.
[18:56:17] [DEBUG] [HILO] Registry sync ejecutado
[18:56:18] [DEBUG] [MONITOR] Hilos activos: RegistrySync:activo, CEOListener:activo, ThreadMonitor:activo
[18:56:18] [DEBUG] [MONITOR] Hilos activos: RegistrySync:activo, CEOListener:activo, ThreadMonitor:activo
[18:56:33] [DEBUG] [HILO] Registry sync ejecutado
[18:56:33] [DEBUG] [MONITOR] Hilos activos: RegistrySync:activo, CEOListener:activo, ThreadMonitor:activo
[18:56:33] [DEBUG] [MONITOR] Hilos activos: RegistrySync:activo, CEOListener:activo, ThreadMonitor:activo
[18:56:47] [DEBUG] [HILO] Registry sync ejecutado
[18:56:48] [DEBUG] [MONITOR] Hilos activos: RegistrySync:activo, CEOListener:activo, ThreadMonitor:activo
[18:56:48] [DEBUG] [MONITOR] Hilos activos: RegistrySync:activo, CEOListener:activo, ThreadMonitor:activo
[18:57:03] [DEBUG] [HILO] Registry sync ejecutado
[18:57:03] [DEBUG] [MONITOR] Hilos activos: RegistrySync:activo, CEOListener:activo, ThreadMonitor:activo
[18:57:03] [DEBUG] [MONITOR] Hilos activos: RegistrySync:activo, CEOListener:activo, ThreadMonitor:activo
[18:57:03] [ERROR] Orquestador no inicializado. Llame init_negotiation_system() primero.
[18:57:17] [DEBUG] [HILO] Registry sync ejecutado
[18:57:18] [DEBUG] [MONITOR] Hilos activos: RegistrySync:activo, CEOListener:activo, ThreadMonitor:activo
[18:57:18] [DEBUG] [MONITOR] Hilos activos: RegistrySync:activo, CEOListener:activo, ThreadMonitor:activo
[18:57:33] [DEBUG] [HILO] Registry sync ejecutado
[18:57:33] [DEBUG] [MONITOR] Hilos activos: RegistrySync:activo, CEOListener:activo, ThreadMonitor:activo
[18:57:33] [DEBUG] [MONITOR] Hilos activos: RegistrySync:activo, CEOListener:activo, ThreadMonitor:activo
[18:57:47] [DEBUG] [HILO] Registry sync ejecutado
[18:57:48] [DEBUG] [MONITOR] Hilos activos: RegistrySync:activo, CEOListener:activo, ThreadMonitor:activo
[18:57:48] [DEBUG] [MONITOR] Hilos activos: RegistrySync:activo, CEOListener:activo, ThreadMonitor:activo
[18:58:03] [DEBUG] [HILO] Registry sync ejecutado
[18:58:03] [DEBUG] [MONITOR] Hilos activos: RegistrySync:activo, CEOListener:activo, ThreadMonitor:activo
[18:58:03] [DEBUG] [MONITOR] Hilos activos: RegistrySync:activo, CEOListener:activo, ThreadMonitor:activo
[18:58:04] [ERROR] Orquestador no inicializado. Llame init_negotiation_system() primero.
[18:58:17] [DEBUG] [HILO] Registry sync ejecutado
[18:58:18] [DEBUG] [MONITOR] Hilos activos: RegistrySync:activo, CEOListener:activo, ThreadMonitor:activo
[18:58:18] [DEBUG] [MONITOR] Hilos activos: RegistrySync:activo, CEOListener:activo, ThreadMonitor:activo
[18:58:33] [DEBUG] [HILO] Registry sync ejecutado
[18:58:33] [DEBUG] [MONITOR] Hilos activos: RegistrySync:activo, CEOListener:activo, ThreadMonitor:activo
[18:58:33] [DEBUG] [MONITOR] Hilos activos: RegistrySync:activo, CEOListener:activo, ThreadMonitor:activo
[18:58:47] [DEBUG] [HILO] Registry sync ejecutado
[18:58:48] [DEBUG] [MONITOR] Hilos activos: RegistrySync:activo, CEOListener:activo, ThreadMonitor:activo
[18:58:48] [DEBUG] [MONITOR] Hilos activos: RegistrySync:activo, CEOListener:activo, ThreadMonitor:activo
[18:59:03] [DEBUG] [HILO] Registry sync ejecutado
[18:59:03] [DEBUG] [MONITOR] Hilos activos: RegistrySync:activo, CEOListener:activo, ThreadMonitor:activo
[18:59:03] [DEBUG] [MONITOR] Hilos activos: RegistrySync:activo, CEOListener:activo, ThreadMonitor:activo
[18:59:04] [ERROR] Orquestador no inicializado. Llame init_negotiation_system() primero.
[18:59:17] [DEBUG] [HILO] Registry sync ejecutado
[18:59:18] [DEBUG] [MONITOR] Hilos activos: RegistrySync:activo, CEOListener:activo, ThreadMonitor:activo
[18:59:33] [DEBUG] [MONITOR] Hilos activos: RegistrySync:activo, CEOListener:activo, ThreadMonitor:activo
[18:59:47] [DEBUG] [HILO] Registry sync ejecutado
[18:59:48] [DEBUG] [MONITOR] Hilos activos: RegistrySync:activo, CEOListener:activo, ThreadMonitor:activo
[19:00:03] [DEBUG] [MONITOR] Hilos activos: RegistrySync:activo, CEOListener:activo, ThreadMonitor:activo
[19:00:17] [DEBUG] [HILO] Registry sync ejecutado
[19:00:18] [DEBUG] [MONITOR] Hilos activos: RegistrySync:activo, CEOListener:activo, ThreadMonitor:activo
[19:00:26] [INFO] 
========================================
GOV INICIANDO SISTEMA NEGOCIACION - SYMBIOSIS-TERMUX
========================================
[19:00:26] [GOV] ReputationGovernor inicializado
[19:00:26] [OK] Orquestador global creado y registrado
[19:00:26] [INFO] Agente registrado: BUYER_001 (LightweightAgent)
[19:00:26] [INFO] Agente registrado: SELLER_001 (LightweightAgent)
[19:00:26] [INFO] Agente registrado: STRATEGIC_BUYER (StrategicAgent)
[19:00:26] [INFO] Agente registrado: STRATEGIC_SELLER (StrategicAgent)
[19:00:26] [INFO] Negociacion iniciada: 35efe09f | BUYER_001 <-> SELLER_001
[19:00:33] [DEBUG] [MONITOR] Hilos activos: RegistrySync:activo, CEOListener:activo, ThreadMonitor:activo
[19:00:47] [DEBUG] [HILO] Registry sync ejecutado
[19:00:48] [DEBUG] [MONITOR] Hilos activos: RegistrySync:activo, CEOListener:activo, ThreadMonitor:activo
[19:00:48] [WARN] Interrupcion por usuario
[19:01:03] [DEBUG] [MONITOR] Hilos activos: RegistrySync:activo, CEOListener:activo, ThreadMonitor:activo
[19:01:17] [DEBUG] [HILO] Registry sync ejecutado
[19:01:18] [DEBUG] [MONITOR] Hilos activos: RegistrySync:activo, CEOListener:activo, ThreadMonitor:activo
[19:01:33] [DEBUG] [MONITOR] Hilos activos: RegistrySync:activo, CEOListener:activo, ThreadMonitor:activo
[19:01:47] [DEBUG] [HILO] Registry sync ejecutado
[19:01:48] [DEBUG] [MONITOR] Hilos activos: RegistrySync:activo, CEOListener:activo, ThreadMonitor:activo
[19:01:59] [WARN] Activando fallback sandbox: faltan UBER_CLIENT_ID, UBER_CLIENT_SECRET, UBER_ACCESS_TOKEN o UBER_SERVER_TOKEN
[19:01:59] [CONFIG] UberConfig: modo=SANDBOX_FALLBACK, fallback=True
[19:02:03] [DEBUG] [MONITOR] Hilos activos: RegistrySync:activo, CEOListener:activo, ThreadMonitor:activo
[19:02:17] [DEBUG] [HILO] Registry sync ejecutado
[19:02:18] [DEBUG] [MONITOR] Hilos activos: RegistrySync:activo, CEOListener:activo, ThreadMonitor:activo
[19:02:33] [DEBUG] [MONITOR] Hilos activos: RegistrySync:activo, CEOListener:activo, ThreadMonitor:activo
[19:02:47] [DEBUG] [HILO] Registry sync ejecutado
[19:02:48] [DEBUG] [MONITOR] Hilos activos: RegistrySync:activo, CEOListener:activo, ThreadMonitor:activo
[19:03:03] [DEBUG] [MONITOR] Hilos activos: RegistrySync:activo, CEOListener:activo, ThreadMonitor:activo
[19:03:17] [DEBUG] [HILO] Registry sync ejecutado
[19:03:18] [DEBUG] [MONITOR] Hilos activos: RegistrySync:activo, CEOListener:activo, ThreadMonitor:activo
[19:03:26] [DEBUG] [INFO] parte5_daimon_base no disponible
[19:03:26] [INFO] 
========================================
 UBER DEMAND PREDICTOR PRO v4.3 - Demostracion
========================================
[19:03:27] [INFO] [OK] Cargados 58000 muestras historicas
[19:03:27] [INFO] [OK] Modelo cargado desde cache
[19:03:27] [DEBUG] [HILO] Registry sync ejecutado
[19:03:27] [INFO] [HILO] Conectado: RegistrySync
[19:03:27] [INFO] [HILO] Conectado: CEOListener
[19:03:27] [INFO] [HILO] Conectado: ThreadMonitor
[19:03:27] [DEBUG] [MONITOR] Hilos activos: RegistrySync:activo, CEOListener:activo
[19:03:27] [INFO] [HILO] Monitor de threads iniciado
[19:03:27] [INFO] [HILO] Todos los hilos de fondo conectados
[19:03:27] [INFO] 
[INFO] Generando datos historicos sinteticos...
[19:03:27] [INFO]    Generadas 2000 muestras
[19:03:27] [INFO] 
[INFO] Ingestando datos al sistema...
[19:03:30] [INFO] 
[INFO] Entrenando modelos de prediccion...
[19:03:30] [INFO] [INFO] Entrenando ensemble con 2000 muestras...
[19:03:30] [WARN] [WARN] Error sincronizando pesos: 'EnsembleDemandPredictor' object has no attribute 'registry'
[19:03:30] [INFO] [OK] Ensemble entrenado exitosamente (0 modelos)
[19:03:30] [INFO] 
========================================
 PREDICCIONES EN TIEMPO REAL
========================================
[19:03:30] [INFO] 
[SCENARIO] Escenario: Ahora (manana laboral)
[19:03:31] [INFO] 
Zona                         Score   Conf Recomendacion
[19:03:31] [INFO]    ----------------------------------------------------------------------
[19:03:31] [INFO]    Albrook Mall                  5.0    50% [AVERAGE] DEMANDA PROMEDIO - Zona viable
[19:03:31] [INFO]    Arraijan Centro               5.0    50% [AVERAGE] DEMANDA PROMEDIO - Zona viable
[19:03:31] [INFO]    La Chorrera                   5.0    50% [AVERAGE] DEMANDA PROMEDIO - Zona viable
[19:03:31] [INFO]    Costa del Este                5.0    50% [AVERAGE] DEMANDA PROMEDIO - Zona viable
[19:03:31] [INFO] 
[SCENARIO] Escenario: Hora pico tarde
[19:03:31] [INFO] 
Zona                         Score   Conf Recomendacion
[19:03:31] [INFO]    ----------------------------------------------------------------------
[19:03:31] [INFO]    Albrook Mall                  5.0    50% [AVERAGE] DEMANDA PROMEDIO - Zona viable
[19:03:31] [INFO]    Arraijan Centro               5.0    50% [AVERAGE] DEMANDA PROMEDIO - Zona viable
[19:03:31] [INFO]    La Chorrera                   5.0    50% [AVERAGE] DEMANDA PROMEDIO - Zona viable
[19:03:31] [INFO]    Costa del Este                5.0    50% [AVERAGE] DEMANDA PROMEDIO - Zona viable
[19:03:31] [INFO] 
========================================
 ESTADO DEL SISTEMA
========================================
[19:03:31] [INFO]    Muestras almacenadas: 60000
[19:03:31] [INFO]    Modelo entrenado: Si
[19:03:31] [INFO]    Hilos activos: {'RegistrySync': 'activo', 'CEOListener': 'activo', 'ThreadMonitor': 'activo'}
[19:03:32] [INFO] [OK] Persistidos 60000 muestras
[19:03:32] [INFO] 
========================================
 DECISION ENGINE DEMO
========================================
[19:03:32] [INFO] [OK] Reutilizando predictor existente
[19:03:32] [INFO] 
========================================
 SISTEMA EN EJECUCION - Hilos conectados
========================================
[19:03:32] [INFO] Presiona Ctrl+C para detener
[19:03:33] [DEBUG] [MONITOR] Hilos activos: RegistrySync:activo, CEOListener:activo, ThreadMonitor:activo
[19:03:42] [DEBUG] [MONITOR] Hilos activos: RegistrySync:activo, CEOListener:activo, ThreadMonitor:activo
[19:03:47] [DEBUG] [HILO] Registry sync ejecutado
[19:03:48] [DEBUG] [MONITOR] Hilos activos: RegistrySync:activo, CEOListener:activo, ThreadMonitor:activo
[19:03:57] [DEBUG] [HILO] Registry sync ejecutado
[19:03:57] [DEBUG] [MONITOR] Hilos activos: RegistrySync:activo, CEOListener:activo, ThreadMonitor:activo
[19:04:03] [DEBUG] [MONITOR] Hilos activos: RegistrySync:activo, CEOListener:activo, ThreadMonitor:activo
[19:04:12] [DEBUG] [MONITOR] Hilos activos: RegistrySync:activo, CEOListener:activo, ThreadMonitor:activo
[19:04:17] [DEBUG] [HILO] Registry sync ejecutado
[19:04:17] [INFO] [INFO] Cierre limpio solicitado
[19:04:17] [INFO] [INFO] Cerrando UberDemandPredictor...
[19:04:17] [DEBUG] [HILO] Esperando terminacion de: RegistrySync
[19:04:18] [DEBUG] [MONITOR] Hilos activos: RegistrySync:activo, CEOListener:activo, ThreadMonitor:activo
[19:04:33] [DEBUG] [MONITOR] Hilos activos: RegistrySync:activo, CEOListener:activo, ThreadMonitor:activo
[19:04:47] [DEBUG] [HILO] Registry sync ejecutado
[19:04:48] [DEBUG] [MONITOR] Hilos activos: RegistrySync:activo, CEOListener:activo, ThreadMonitor:activo
[19:05:03] [DEBUG] [MONITOR] Hilos activos: RegistrySync:activo, CEOListener:activo, ThreadMonitor:activo
[19:05:17] [DEBUG] [HILO] Registry sync ejecutado
[19:05:18] [DEBUG] [MONITOR] Hilos activos: RegistrySync:activo, CEOListener:activo, ThreadMonitor:activo
[19:05:33] [DEBUG] [MONITOR] Hilos activos: RegistrySync:activo, CEOListener:activo, ThreadMonitor:activo
[19:05:47] [DEBUG] [HILO] Registry sync ejecutado
[19:05:48] [DEBUG] [MONITOR] Hilos activos: RegistrySync:activo, CEOListener:activo, ThreadMonitor:activo
[19:06:00] [DEBUG] [INFO] parte5_daimon_base no disponible
[19:06:00] [WARN] [WARN] Error cargando datos: Can't get attribute 'DemandSample' on <module '__main__' from '/data/data/com.termux/files/home/lucifer_prometeo/00_start_all.py'>
[19:06:00] [WARN] [WARN] Error cargando modelo: Can't get attribute 'EnsembleDemandPredictor' on <module '__main__' from '/data/data/com.termux/files/home/lucifer_prometeo/00_start_all.py'>
[19:06:00] [DEBUG] [HILO] Registry sync ejecutado
[19:06:00] [INFO] [HILO] Conectado: RegistrySync
[19:06:00] [INFO] [HILO] Conectado: CEOListener
[19:06:00] [DEBUG] [MONITOR] Hilos activos: RegistrySync:activo, CEOListener:activo
[19:06:00] [INFO] [HILO] Conectado: ThreadMonitor
[19:06:00] [INFO] [HILO] Monitor de threads iniciado
[19:06:00] [INFO] [HILO] Todos los hilos de fondo conectados
[19:06:00] [INFO] [INFO] Entrenando ensemble con 500 muestras...
[19:06:00] [INFO] [OK] Ensemble entrenado exitosamente (0 modelos)
[19:06:00] [INFO] [OK] Predictor inicializado y entrenado con 500 muestras
[19:06:03] [DEBUG] [MONITOR] Hilos activos: RegistrySync:activo, CEOListener:activo, ThreadMonitor:activo
[19:06:12] [DEBUG] [INFO] parte5_daimon_base no disponible
[19:06:15] [DEBUG] [MONITOR] Hilos activos: RegistrySync:activo, CEOListener:activo, ThreadMonitor:activo
[19:06:17] [DEBUG] [HILO] Registry sync ejecutado
[19:06:18] [DEBUG] [MONITOR] Hilos activos: RegistrySync:activo, CEOListener:activo, ThreadMonitor:activo
[19:06:30] [DEBUG] [HILO] Registry sync ejecutado
[19:06:30] [DEBUG] [MONITOR] Hilos activos: RegistrySync:activo, CEOListener:activo, ThreadMonitor:activo
[19:06:33] [DEBUG] [MONITOR] Hilos activos: RegistrySync:activo, CEOListener:activo, ThreadMonitor:activo
[19:06:45] [DEBUG] [MONITOR] Hilos activos: RegistrySync:activo, CEOListener:activo, ThreadMonitor:activo
[19:06:47] [DEBUG] [HILO] Registry sync ejecutado
[19:06:48] [DEBUG] [MONITOR] Hilos activos: RegistrySync:activo, CEOListener:activo, ThreadMonitor:activo
[19:07:00] [DEBUG] [HILO] Registry sync ejecutado
[19:07:00] [DEBUG] [MONITOR] Hilos activos: RegistrySync:activo, CEOListener:activo, ThreadMonitor:activo
[19:07:03] [DEBUG] [MONITOR] Hilos activos: RegistrySync:activo, CEOListener:activo, ThreadMonitor:activo
[19:07:17] [DEBUG] [HILO] Registry sync ejecutado
[19:07:18] [DEBUG] [MONITOR] Hilos activos: RegistrySync:activo, CEOListener:activo, ThreadMonitor:activo
[19:07:33] [DEBUG] [MONITOR] Hilos activos: RegistrySync:activo, CEOListener:activo, ThreadMonitor:activo
[19:07:47] [DEBUG] [HILO] Registry sync ejecutado
[19:07:48] [DEBUG] [MONITOR] Hilos activos: RegistrySync:activo, CEOListener:activo, ThreadMonitor:activo
[19:08:03] [DEBUG] [MONITOR] Hilos activos: RegistrySync:activo, CEOListener:activo, ThreadMonitor:activo
[19:08:17] [DEBUG] [HILO] Registry sync ejecutado
[19:08:18] [DEBUG] [INFO] parte5_daimon_base no disponible
[19:08:18] [WARN] [WARN] Error cargando datos: Can't get attribute 'DemandSample' on <module '__main__' from '/data/data/com.termux/files/home/lucifer_prometeo/00_start_all.py'>
[19:08:18] [WARN] [WARN] Error cargando modelo: Can't get attribute 'EnsembleDemandPredictor' on <module '__main__' from '/data/data/com.termux/files/home/lucifer_prometeo/00_start_all.py'>
[19:08:18] [DEBUG] [HILO] Registry sync ejecutado
[19:08:18] [INFO] [HILO] Conectado: RegistrySync
[19:08:18] [INFO] [HILO] Conectado: CEOListener
[19:08:18] [DEBUG] [MONITOR] Hilos activos: RegistrySync:activo, CEOListener:activo
[19:08:18] [INFO] [HILO] Conectado: ThreadMonitor
[19:08:18] [INFO] [HILO] Monitor de threads iniciado
[19:08:18] [INFO] [HILO] Todos los hilos de fondo conectados
[19:08:18] [INFO] [INFO] Entrenando ensemble con 500 muestras...
[19:08:18] [INFO] [OK] Ensemble entrenado exitosamente (0 modelos)
[19:08:18] [INFO] [OK] Predictor inicializado y entrenado con 500 muestras
[19:08:18] [DEBUG] [MONITOR] Hilos activos: RegistrySync:activo, CEOListener:activo, ThreadMonitor:activo
[19:08:29] [DEBUG] [INFO] parte5_daimon_base no disponible
[19:08:33] [DEBUG] [MONITOR] Hilos activos: RegistrySync:activo, CEOListener:activo, ThreadMonitor:activo
[19:08:33] [DEBUG] [MONITOR] Hilos activos: RegistrySync:activo, CEOListener:activo, ThreadMonitor:activo
[19:08:46] [WARN] Activando fallback sandbox: faltan UBER_CLIENT_ID, UBER_CLIENT_SECRET, UBER_ACCESS_TOKEN o UBER_SERVER_TOKEN
[19:08:46] [CONFIG] UberConfig: modo=SANDBOX_FALLBACK, fallback=True
[19:08:46] [ERROR] Orquestador no inicializado. Llame init_negotiation_system() primero.
[19:08:47] [DEBUG] [HILO] Registry sync ejecutado
[19:08:48] [DEBUG] [HILO] Registry sync ejecutado
[19:08:48] [DEBUG] [MONITOR] Hilos activos: RegistrySync:activo, CEOListener:activo, ThreadMonitor:activo
[19:08:48] [DEBUG] [MONITOR] Hilos activos: RegistrySync:activo, CEOListener:activo, ThreadMonitor:activo
[19:09:03] [DEBUG] [MONITOR] Hilos activos: RegistrySync:activo, CEOListener:activo, ThreadMonitor:activo
[19:09:03] [DEBUG] [MONITOR] Hilos activos: RegistrySync:activo, CEOListener:activo, ThreadMonitor:activo
[19:09:17] [DEBUG] [HILO] Registry sync ejecutado
[19:09:18] [DEBUG] [HILO] Registry sync ejecutado
[19:09:18] [DEBUG] [MONITOR] Hilos activos: RegistrySync:activo, CEOListener:activo, ThreadMonitor:activo
[19:09:18] [DEBUG] [MONITOR] Hilos activos: RegistrySync:activo, CEOListener:activo, ThreadMonitor:activo
[19:09:33] [DEBUG] [MONITOR] Hilos activos: RegistrySync:activo, CEOListener:activo, ThreadMonitor:activo
[19:09:33] [DEBUG] [MONITOR] Hilos activos: RegistrySync:activo, CEOListener:activo, ThreadMonitor:activo
[19:09:46] [ERROR] Orquestador no inicializado. Llame init_negotiation_system() primero.
[19:09:47] [DEBUG] [HILO] Registry sync ejecutado
[19:09:48] [DEBUG] [HILO] Registry sync ejecutado
[19:09:48] [DEBUG] [MONITOR] Hilos activos: RegistrySync:activo, CEOListener:activo, ThreadMonitor:activo
[19:09:48] [DEBUG] [MONITOR] Hilos activos: RegistrySync:activo, CEOListener:activo, ThreadMonitor:activo
[19:10:03] [DEBUG] [MONITOR] Hilos activos: RegistrySync:activo, CEOListener:activo, ThreadMonitor:activo
[19:10:03] [DEBUG] [MONITOR] Hilos activos: RegistrySync:activo, CEOListener:activo, ThreadMonitor:activo
[19:10:17] [DEBUG] [HILO] Registry sync ejecutado
[19:10:18] [DEBUG] [HILO] Registry sync ejecutado
[19:10:18] [DEBUG] [MONITOR] Hilos activos: RegistrySync:activo, CEOListener:activo, ThreadMonitor:activo
[19:10:18] [DEBUG] [MONITOR] Hilos activos: RegistrySync:activo, CEOListener:activo, ThreadMonitor:activo
[19:10:33] [DEBUG] [MONITOR] Hilos activos: RegistrySync:activo, CEOListener:activo, ThreadMonitor:activo
[19:10:33] [DEBUG] [MONITOR] Hilos activos: RegistrySync:activo, CEOListener:activo, ThreadMonitor:activo
[19:10:46] [ERROR] Orquestador no inicializado. Llame init_negotiation_system() primero.
[19:10:47] [DEBUG] [HILO] Registry sync ejecutado
[19:10:48] [DEBUG] [HILO] Registry sync ejecutado
[19:10:48] [DEBUG] [MONITOR] Hilos activos: RegistrySync:activo, CEOListener:activo, ThreadMonitor:activo
[19:10:48] [DEBUG] [MONITOR] Hilos activos: RegistrySync:activo, CEOListener:activo, ThreadMonitor:activo
[19:11:03] [DEBUG] [MONITOR] Hilos activos: RegistrySync:activo, CEOListener:activo, ThreadMonitor:activo
[19:11:03] [DEBUG] [MONITOR] Hilos activos: RegistrySync:activo, CEOListener:activo, ThreadMonitor:activo
[19:11:17] [DEBUG] [HILO] Registry sync ejecutado
[19:11:18] [DEBUG] [HILO] Registry sync ejecutado
[19:11:18] [DEBUG] [MONITOR] Hilos activos: RegistrySync:activo, CEOListener:activo, ThreadMonitor:activo
[19:11:18] [DEBUG] [MONITOR] Hilos activos: RegistrySync:activo, CEOListener:activo, ThreadMonitor:activo
[19:11:33] [DEBUG] [MONITOR] Hilos activos: RegistrySync:activo, CEOListener:activo, ThreadMonitor:activo
[19:11:33] [DEBUG] [MONITOR] Hilos activos: RegistrySync:activo, CEOListener:activo, ThreadMonitor:activo
[19:11:46] [ERROR] Orquestador no inicializado. Llame init_negotiation_system() primero.
[19:11:47] [DEBUG] [HILO] Registry sync ejecutado
[19:11:48] [DEBUG] [HILO] Registry sync ejecutado
[19:11:48] [DEBUG] [MONITOR] Hilos activos: RegistrySync:activo, CEOListener:activo, ThreadMonitor:activo
[19:11:48] [DEBUG] [MONITOR] Hilos activos: RegistrySync:activo, CEOListener:activo, ThreadMonitor:activo
[19:12:03] [DEBUG] [MONITOR] Hilos activos: RegistrySync:activo, CEOListener:activo, ThreadMonitor:activo
[19:12:03] [DEBUG] [MONITOR] Hilos activos: RegistrySync:activo, CEOListener:activo, ThreadMonitor:activo
[19:12:17] [DEBUG] [HILO] Registry sync ejecutado
[19:12:18] [DEBUG] [HILO] Registry sync ejecutado
[19:12:18] [DEBUG] [MONITOR] Hilos activos: RegistrySync:activo, CEOListener:activo, ThreadMonitor:activo
[19:12:18] [DEBUG] [MONITOR] Hilos activos: RegistrySync:activo, CEOListener:activo, ThreadMonitor:activo
[19:12:33] [DEBUG] [MONITOR] Hilos activos: RegistrySync:activo, CEOListener:activo, ThreadMonitor:activo
[19:12:33] [DEBUG] [MONITOR] Hilos activos: RegistrySync:activo, CEOListener:activo, ThreadMonitor:activo
[19:12:46] [ERROR] Orquestador no inicializado. Llame init_negotiation_system() primero.
[19:12:47] [DEBUG] [HILO] Registry sync ejecutado
[19:12:48] [DEBUG] [HILO] Registry sync ejecutado
[19:12:48] [DEBUG] [MONITOR] Hilos activos: RegistrySync:activo, CEOListener:activo, ThreadMonitor:activo
[19:12:48] [DEBUG] [MONITOR] Hilos activos: RegistrySync:activo, CEOListener:activo, ThreadMonitor:activo
[19:13:03] [DEBUG] [MONITOR] Hilos activos: RegistrySync:activo, CEOListener:activo, ThreadMonitor:activo
[19:13:03] [DEBUG] [MONITOR] Hilos activos: RegistrySync:activo, CEOListener:activo, ThreadMonitor:activo
[19:13:17] [DEBUG] [HILO] Registry sync ejecutado
[19:13:18] [DEBUG] [HILO] Registry sync ejecutado
[19:13:18] [DEBUG] [MONITOR] Hilos activos: RegistrySync:activo, CEOListener:activo, ThreadMonitor:activo
[19:13:18] [DEBUG] [MONITOR] Hilos activos: RegistrySync:activo, CEOListener:activo, ThreadMonitor:activo
[19:13:33] [DEBUG] [MONITOR] Hilos activos: RegistrySync:activo, CEOListener:activo, ThreadMonitor:activo
[19:13:33] [DEBUG] [MONITOR] Hilos activos: RegistrySync:activo, CEOListener:activo, ThreadMonitor:activo
[19:13:47] [ERROR] Orquestador no inicializado. Llame init_negotiation_system() primero.
[19:13:47] [DEBUG] [HILO] Registry sync ejecutado
[19:13:48] [DEBUG] [HILO] Registry sync ejecutado
[19:13:48] [DEBUG] [MONITOR] Hilos activos: RegistrySync:activo, CEOListener:activo, ThreadMonitor:activo
[19:13:48] [DEBUG] [MONITOR] Hilos activos: RegistrySync:activo, CEOListener:activo, ThreadMonitor:activo
[19:14:03] [DEBUG] [MONITOR] Hilos activos: RegistrySync:activo, CEOListener:activo, ThreadMonitor:activo
[19:14:03] [DEBUG] [MONITOR] Hilos activos: RegistrySync:activo, CEOListener:activo, ThreadMonitor:activo
[19:14:17] [DEBUG] [HILO] Registry sync ejecutado
[19:14:18] [DEBUG] [HILO] Registry sync ejecutado
[19:14:18] [DEBUG] [MONITOR] Hilos activos: RegistrySync:activo, CEOListener:activo, ThreadMonitor:activo
[19:14:18] [DEBUG] [MONITOR] Hilos activos: RegistrySync:activo, CEOListener:activo, ThreadMonitor:activo
[19:14:33] [DEBUG] [MONITOR] Hilos activos: RegistrySync:activo, CEOListener:activo, ThreadMonitor:activo
[19:14:33] [DEBUG] [MONITOR] Hilos activos: RegistrySync:activo, CEOListener:activo, ThreadMonitor:activo
[19:14:47] [ERROR] Orquestador no inicializado. Llame init_negotiation_system() primero.
[19:14:47] [DEBUG] [HILO] Registry sync ejecutado
[19:14:48] [DEBUG] [HILO] Registry sync ejecutado
[19:14:48] [DEBUG] [MONITOR] Hilos activos: RegistrySync:activo, CEOListener:activo, ThreadMonitor:activo
[19:14:48] [DEBUG] [MONITOR] Hilos activos: RegistrySync:activo, CEOListener:activo, ThreadMonitor:activo
[19:15:03] [DEBUG] [MONITOR] Hilos activos: RegistrySync:activo, CEOListener:activo, ThreadMonitor:activo
[19:15:03] [DEBUG] [MONITOR] Hilos activos: RegistrySync:activo, CEOListener:activo, ThreadMonitor:activo
[19:15:17] [DEBUG] [HILO] Registry sync ejecutado
[19:15:18] [DEBUG] [HILO] Registry sync ejecutado
[19:15:18] [DEBUG] [MONITOR] Hilos activos: RegistrySync:activo, CEOListener:activo, ThreadMonitor:activo
[19:15:18] [DEBUG] [MONITOR] Hilos activos: RegistrySync:activo, CEOListener:activo, ThreadMonitor:activo
[19:15:33] [DEBUG] [MONITOR] Hilos activos: RegistrySync:activo, CEOListener:activo, ThreadMonitor:activo
[19:15:33] [DEBUG] [MONITOR] Hilos activos: RegistrySync:activo, CEOListener:activo, ThreadMonitor:activo
[19:15:47] [DEBUG] [HILO] Registry sync ejecutado
[19:15:47] [ERROR] Orquestador no inicializado. Llame init_negotiation_system() primero.
[19:15:48] [DEBUG] [HILO] Registry sync ejecutado
[19:15:48] [DEBUG] [MONITOR] Hilos activos: RegistrySync:activo, CEOListener:activo, ThreadMonitor:activo
[19:15:48] [DEBUG] [MONITOR] Hilos activos: RegistrySync:activo, CEOListener:activo, ThreadMonitor:activo
[19:16:03] [DEBUG] [MONITOR] Hilos activos: RegistrySync:activo, CEOListener:activo, ThreadMonitor:activo
[19:16:03] [DEBUG] [MONITOR] Hilos activos: RegistrySync:activo, CEOListener:activo, ThreadMonitor:activo
[19:16:17] [DEBUG] [HILO] Registry sync ejecutado
[19:16:18] [DEBUG] [HILO] Registry sync ejecutado
[19:16:18] [DEBUG] [MONITOR] Hilos activos: RegistrySync:activo, CEOListener:activo, ThreadMonitor:activo
[19:16:18] [DEBUG] [MONITOR] Hilos activos: RegistrySync:activo, CEOListener:activo, ThreadMonitor:activo
[19:16:33] [DEBUG] [MONITOR] Hilos activos: RegistrySync:activo, CEOListener:activo, ThreadMonitor:activo
[19:16:33] [DEBUG] [MONITOR] Hilos activos: RegistrySync:activo, CEOListener:activo, ThreadMonitor:activo
[19:16:47] [DEBUG] [HILO] Registry sync ejecutado
[19:16:48] [DEBUG] [HILO] Registry sync ejecutado
[19:16:48] [ERROR] Orquestador no inicializado. Llame init_negotiation_system() primero.
[19:16:48] [DEBUG] [MONITOR] Hilos activos: RegistrySync:activo, CEOListener:activo, ThreadMonitor:activo
[19:16:48] [DEBUG] [MONITOR] Hilos activos: RegistrySync:activo, CEOListener:activo, ThreadMonitor:activo
[19:17:03] [DEBUG] [MONITOR] Hilos activos: RegistrySync:activo, CEOListener:activo, ThreadMonitor:activo
[19:17:03] [DEBUG] [MONITOR] Hilos activos: RegistrySync:activo, CEOListener:activo, ThreadMonitor:activo
[19:17:17] [DEBUG] [HILO] Registry sync ejecutado
[19:17:18] [DEBUG] [HILO] Registry sync ejecutado
[19:17:18] [DEBUG] [MONITOR] Hilos activos: RegistrySync:activo, CEOListener:activo, ThreadMonitor:activo
[19:17:18] [DEBUG] [MONITOR] Hilos activos: RegistrySync:activo, CEOListener:activo, ThreadMonitor:activo
[19:17:33] [DEBUG] [MONITOR] Hilos activos: RegistrySync:activo, CEOListener:activo, ThreadMonitor:activo
[19:17:33] [DEBUG] [MONITOR] Hilos activos: RegistrySync:activo, CEOListener:activo, ThreadMonitor:activo
[19:17:47] [DEBUG] [HILO] Registry sync ejecutado
[19:17:48] [DEBUG] [HILO] Registry sync ejecutado
[19:17:48] [DEBUG] [MONITOR] Hilos activos: RegistrySync:activo, CEOListener:activo, ThreadMonitor:activo
[19:17:48] [ERROR] Orquestador no inicializado. Llame init_negotiation_system() primero.
[19:17:48] [DEBUG] [MONITOR] Hilos activos: RegistrySync:activo, CEOListener:activo, ThreadMonitor:activo
[19:18:03] [DEBUG] [MONITOR] Hilos activos: RegistrySync:activo, CEOListener:activo, ThreadMonitor:activo
[19:18:03] [DEBUG] [MONITOR] Hilos activos: RegistrySync:activo, CEOListener:activo, ThreadMonitor:activo
[19:18:17] [DEBUG] [HILO] Registry sync ejecutado
[19:18:18] [DEBUG] [HILO] Registry sync ejecutado
[19:18:18] [DEBUG] [MONITOR] Hilos activos: RegistrySync:activo, CEOListener:activo, ThreadMonitor:activo
[19:18:18] [DEBUG] [MONITOR] Hilos activos: RegistrySync:activo, CEOListener:activo, ThreadMonitor:activo
[19:18:33] [DEBUG] [MONITOR] Hilos activos: RegistrySync:activo, CEOListener:activo, ThreadMonitor:activo
[19:18:33] [DEBUG] [MONITOR] Hilos activos: RegistrySync:activo, CEOListener:activo, ThreadMonitor:activo
[19:18:47] [DEBUG] [HILO] Registry sync ejecutado
[19:18:48] [DEBUG] [HILO] Registry sync ejecutado
[19:18:48] [DEBUG] [MONITOR] Hilos activos: RegistrySync:activo, CEOListener:activo, ThreadMonitor:activo
[19:18:48] [DEBUG] [MONITOR] Hilos activos: RegistrySync:activo, CEOListener:activo, ThreadMonitor:activo
[19:18:48] [ERROR] Orquestador no inicializado. Llame init_negotiation_system() primero.
[19:19:03] [DEBUG] [MONITOR] Hilos activos: RegistrySync:activo, CEOListener:activo, ThreadMonitor:activo
[19:19:03] [DEBUG] [MONITOR] Hilos activos: RegistrySync:activo, CEOListener:activo, ThreadMonitor:activo
[19:19:17] [DEBUG] [HILO] Registry sync ejecutado
[19:19:18] [DEBUG] [HILO] Registry sync ejecutado
[19:19:18] [DEBUG] [MONITOR] Hilos activos: RegistrySync:activo, CEOListener:activo, ThreadMonitor:activo
[19:19:18] [DEBUG] [MONITOR] Hilos activos: RegistrySync:activo, CEOListener:activo, ThreadMonitor:activo
[19:19:33] [DEBUG] [MONITOR] Hilos activos: RegistrySync:activo, CEOListener:activo, ThreadMonitor:activo
[19:19:33] [DEBUG] [MONITOR] Hilos activos: RegistrySync:activo, CEOListener:activo, ThreadMonitor:activo
[19:19:47] [DEBUG] [HILO] Registry sync ejecutado
[19:19:48] [DEBUG] [HILO] Registry sync ejecutado
[19:19:48] [DEBUG] [MONITOR] Hilos activos: RegistrySync:activo, CEOListener:activo, ThreadMonitor:activo
[19:19:48] [DEBUG] [MONITOR] Hilos activos: RegistrySync:activo, CEOListener:activo, ThreadMonitor:activo
[19:19:49] [ERROR] Orquestador no inicializado. Llame init_negotiation_system() primero.
[19:20:03] [DEBUG] [MONITOR] Hilos activos: RegistrySync:activo, CEOListener:activo, ThreadMonitor:activo
[19:20:17] [DEBUG] [HILO] Registry sync ejecutado
[19:20:18] [DEBUG] [MONITOR] Hilos activos: RegistrySync:activo, CEOListener:activo, ThreadMonitor:activo
[19:20:33] [DEBUG] [MONITOR] Hilos activos: RegistrySync:activo, CEOListener:activo, ThreadMonitor:activo
[19:20:47] [DEBUG] [HILO] Registry sync ejecutado
[19:20:48] [DEBUG] [MONITOR] Hilos activos: RegistrySync:activo, CEOListener:activo, ThreadMonitor:activo
[19:21:03] [DEBUG] [MONITOR] Hilos activos: RegistrySync:activo, CEOListener:activo, ThreadMonitor:activo
[19:21:17] [DEBUG] [HILO] Registry sync ejecutado
[19:21:18] [DEBUG] [MONITOR] Hilos activos: RegistrySync:activo, CEOListener:activo, ThreadMonitor:activo
[19:21:32] [DEBUG] [INFO] parte5_daimon_base no disponible
[19:21:32] [WARN] [WARN] Error cargando datos: Can't get attribute 'DemandSample' on <module '__main__' from '/data/data/com.termux/files/home/lucifer_prometeo/00_start_all.py'>
[19:21:32] [WARN] [WARN] Error cargando modelo: Can't get attribute 'EnsembleDemandPredictor' on <module '__main__' from '/data/data/com.termux/files/home/lucifer_prometeo/00_start_all.py'>
[19:21:32] [DEBUG] [HILO] Registry sync ejecutado
[19:21:32] [INFO] [HILO] Conectado: RegistrySync
[19:21:32] [INFO] [HILO] Conectado: CEOListener
[19:21:32] [INFO] [HILO] Conectado: ThreadMonitor
[19:21:32] [INFO] [HILO] Monitor de threads iniciado
[19:21:32] [DEBUG] [MONITOR] Hilos activos: RegistrySync:activo, CEOListener:activo
[19:21:32] [INFO] [HILO] Todos los hilos de fondo conectados
[19:21:32] [INFO] [INFO] Entrenando ensemble con 500 muestras...
[19:21:32] [INFO] [OK] Ensemble entrenado exitosamente (0 modelos)
[19:21:32] [INFO] [OK] Predictor inicializado y entrenado con 500 muestras
[19:21:33] [DEBUG] [MONITOR] Hilos activos: RegistrySync:activo, CEOListener:activo, ThreadMonitor:activo
[19:21:44] [DEBUG] [INFO] parte5_daimon_base no disponible
[19:21:47] [DEBUG] [MONITOR] Hilos activos: RegistrySync:activo, CEOListener:activo, ThreadMonitor:activo
[19:21:47] [DEBUG] [HILO] Registry sync ejecutado
[19:21:48] [DEBUG] [MONITOR] Hilos activos: RegistrySync:activo, CEOListener:activo, ThreadMonitor:activo
[19:22:00] [WARN] Activando fallback sandbox: faltan UBER_CLIENT_ID, UBER_CLIENT_SECRET, UBER_ACCESS_TOKEN o UBER_SERVER_TOKEN
[19:22:00] [CONFIG] UberConfig: modo=SANDBOX_FALLBACK, fallback=True
[19:22:00] [ERROR] Orquestador no inicializado. Llame init_negotiation_system() primero.
[19:22:02] [DEBUG] [HILO] Registry sync ejecutado
[19:22:02] [DEBUG] [MONITOR] Hilos activos: RegistrySync:activo, CEOListener:activo, ThreadMonitor:activo
[19:22:03] [DEBUG] [MONITOR] Hilos activos: RegistrySync:activo, CEOListener:activo, ThreadMonitor:activo
[19:22:17] [DEBUG] [MONITOR] Hilos activos: RegistrySync:activo, CEOListener:activo, ThreadMonitor:activo
[19:22:17] [DEBUG] [HILO] Registry sync ejecutado
[19:22:18] [DEBUG] [MONITOR] Hilos activos: RegistrySync:activo, CEOListener:activo, ThreadMonitor:activo
[19:22:32] [DEBUG] [HILO] Registry sync ejecutado
[19:22:32] [DEBUG] [MONITOR] Hilos activos: RegistrySync:activo, CEOListener:activo, ThreadMonitor:activo
[19:22:33] [DEBUG] [MONITOR] Hilos activos: RegistrySync:activo, CEOListener:activo, ThreadMonitor:activo
[19:22:47] [DEBUG] [MONITOR] Hilos activos: RegistrySync:activo, CEOListener:activo, ThreadMonitor:activo
[19:22:47] [DEBUG] [HILO] Registry sync ejecutado
[19:22:48] [DEBUG] [MONITOR] Hilos activos: RegistrySync:activo, CEOListener:activo, ThreadMonitor:activo
[19:23:01] [ERROR] Orquestador no inicializado. Llame init_negotiation_system() primero.
[19:23:02] [DEBUG] [HILO] Registry sync ejecutado
[19:23:02] [DEBUG] [MONITOR] Hilos activos: RegistrySync:activo, CEOListener:activo, ThreadMonitor:activo
[19:23:03] [DEBUG] [MONITOR] Hilos activos: RegistrySync:activo, CEOListener:activo, ThreadMonitor:activo
[19:23:17] [DEBUG] [MONITOR] Hilos activos: RegistrySync:activo, CEOListener:activo, ThreadMonitor:activo
[19:23:17] [DEBUG] [HILO] Registry sync ejecutado
[19:23:18] [DEBUG] [MONITOR] Hilos activos: RegistrySync:activo, CEOListener:activo, ThreadMonitor:activo
[19:23:32] [DEBUG] [HILO] Registry sync ejecutado
[19:23:32] [DEBUG] [MONITOR] Hilos activos: RegistrySync:activo, CEOListener:activo, ThreadMonitor:activo
[19:23:33] [DEBUG] [MONITOR] Hilos activos: RegistrySync:activo, CEOListener:activo, ThreadMonitor:activo
[19:23:47] [DEBUG] [MONITOR] Hilos activos: RegistrySync:activo, CEOListener:activo, ThreadMonitor:activo
[19:23:47] [DEBUG] [HILO] Registry sync ejecutado
[19:23:48] [DEBUG] [MONITOR] Hilos activos: RegistrySync:activo, CEOListener:activo, ThreadMonitor:activo
[19:24:01] [ERROR] Orquestador no inicializado. Llame init_negotiation_system() primero.
[19:24:02] [DEBUG] [HILO] Registry sync ejecutado
[19:24:02] [DEBUG] [MONITOR] Hilos activos: RegistrySync:activo, CEOListener:activo, ThreadMonitor:activo
[19:24:03] [DEBUG] [MONITOR] Hilos activos: RegistrySync:activo, CEOListener:activo, ThreadMonitor:activo
[19:24:17] [DEBUG] [MONITOR] Hilos activos: RegistrySync:activo, CEOListener:activo, ThreadMonitor:activo
[19:24:17] [DEBUG] [HILO] Registry sync ejecutado
[19:24:18] [DEBUG] [MONITOR] Hilos activos: RegistrySync:activo, CEOListener:activo, ThreadMonitor:activo
[19:24:32] [DEBUG] [HILO] Registry sync ejecutado
[19:24:32] [DEBUG] [MONITOR] Hilos activos: RegistrySync:activo, CEOListener:activo, ThreadMonitor:activo
[19:24:33] [DEBUG] [MONITOR] Hilos activos: RegistrySync:activo, CEOListener:activo, ThreadMonitor:activo
[19:24:47] [DEBUG] [MONITOR] Hilos activos: RegistrySync:activo, CEOListener:activo, ThreadMonitor:activo
[19:24:47] [DEBUG] [HILO] Registry sync ejecutado
[19:24:48] [DEBUG] [MONITOR] Hilos activos: RegistrySync:activo, CEOListener:activo, ThreadMonitor:activo
[19:25:01] [ERROR] Orquestador no inicializado. Llame init_negotiation_system() primero.
[19:25:02] [DEBUG] [HILO] Registry sync ejecutado
[19:25:02] [DEBUG] [MONITOR] Hilos activos: RegistrySync:activo, CEOListener:activo, ThreadMonitor:activo
[19:25:03] [DEBUG] [MONITOR] Hilos activos: RegistrySync:activo, CEOListener:activo, ThreadMonitor:activo
[19:25:17] [DEBUG] [MONITOR] Hilos activos: RegistrySync:activo, CEOListener:activo, ThreadMonitor:activo
[19:25:17] [DEBUG] [HILO] Registry sync ejecutado
[19:25:18] [DEBUG] [MONITOR] Hilos activos: RegistrySync:activo, CEOListener:activo, ThreadMonitor:activo
[19:25:32] [DEBUG] [HILO] Registry sync ejecutado
[19:25:32] [DEBUG] [MONITOR] Hilos activos: RegistrySync:activo, CEOListener:activo, ThreadMonitor:activo
[19:25:33] [DEBUG] [MONITOR] Hilos activos: RegistrySync:activo, CEOListener:activo, ThreadMonitor:activo
[19:25:47] [DEBUG] [MONITOR] Hilos activos: RegistrySync:activo, CEOListener:activo, ThreadMonitor:activo
[19:25:47] [DEBUG] [HILO] Registry sync ejecutado
[19:25:48] [DEBUG] [MONITOR] Hilos activos: RegistrySync:activo, CEOListener:activo, ThreadMonitor:activo
[19:26:01] [ERROR] Orquestador no inicializado. Llame init_negotiation_system() primero.
[19:26:02] [DEBUG] [HILO] Registry sync ejecutado
[19:26:02] [DEBUG] [MONITOR] Hilos activos: RegistrySync:activo, CEOListener:activo, ThreadMonitor:activo
[19:26:03] [DEBUG] [MONITOR] Hilos activos: RegistrySync:activo, CEOListener:activo, ThreadMonitor:activo
[19:26:17] [DEBUG] [MONITOR] Hilos activos: RegistrySync:activo, CEOListener:activo, ThreadMonitor:activo
[19:26:17] [DEBUG] [HILO] Registry sync ejecutado
[19:26:18] [DEBUG] [MONITOR] Hilos activos: RegistrySync:activo, CEOListener:activo, ThreadMonitor:activo
[19:26:32] [DEBUG] [HILO] Registry sync ejecutado
[19:26:32] [DEBUG] [MONITOR] Hilos activos: RegistrySync:activo, CEOListener:activo, ThreadMonitor:activo
[19:26:33] [DEBUG] [MONITOR] Hilos activos: RegistrySync:activo, CEOListener:activo, ThreadMonitor:activo
[19:26:47] [DEBUG] [MONITOR] Hilos activos: RegistrySync:activo, CEOListener:activo, ThreadMonitor:activo
[19:26:47] [DEBUG] [HILO] Registry sync ejecutado
[19:26:48] [DEBUG] [MONITOR] Hilos activos: RegistrySync:activo, CEOListener:activo, ThreadMonitor:activo
[19:27:01] [ERROR] Orquestador no inicializado. Llame init_negotiation_system() primero.
[19:27:02] [DEBUG] [HILO] Registry sync ejecutado
[19:27:02] [DEBUG] [MONITOR] Hilos activos: RegistrySync:activo, CEOListener:activo, ThreadMonitor:activo
[19:27:03] [DEBUG] [MONITOR] Hilos activos: RegistrySync:activo, CEOListener:activo, ThreadMonitor:activo
[19:27:17] [DEBUG] [MONITOR] Hilos activos: RegistrySync:activo, CEOListener:activo, ThreadMonitor:activo
[19:27:17] [DEBUG] [HILO] Registry sync ejecutado
[19:27:18] [DEBUG] [MONITOR] Hilos activos: RegistrySync:activo, CEOListener:activo, ThreadMonitor:activo
[19:27:32] [DEBUG] [HILO] Registry sync ejecutado
[19:27:32] [DEBUG] [MONITOR] Hilos activos: RegistrySync:activo, CEOListener:activo, ThreadMonitor:activo
[19:27:33] [DEBUG] [MONITOR] Hilos activos: RegistrySync:activo, CEOListener:activo, ThreadMonitor:activo
[19:27:47] [DEBUG] [MONITOR] Hilos activos: RegistrySync:activo, CEOListener:activo, ThreadMonitor:activo
[19:27:47] [DEBUG] [HILO] Registry sync ejecutado
[19:27:48] [DEBUG] [MONITOR] Hilos activos: RegistrySync:activo, CEOListener:activo, ThreadMonitor:activo
[19:28:01] [ERROR] Orquestador no inicializado. Llame init_negotiation_system() primero.
[19:28:02] [DEBUG] [HILO] Registry sync ejecutado
[19:28:02] [DEBUG] [MONITOR] Hilos activos: RegistrySync:activo, CEOListener:activo, ThreadMonitor:activo
[19:28:03] [DEBUG] [MONITOR] Hilos activos: RegistrySync:activo, CEOListener:activo, ThreadMonitor:activo
[19:28:17] [DEBUG] [MONITOR] Hilos activos: RegistrySync:activo, CEOListener:activo, ThreadMonitor:activo
[19:28:17] [DEBUG] [HILO] Registry sync ejecutado
[19:28:18] [DEBUG] [MONITOR] Hilos activos: RegistrySync:activo, CEOListener:activo, ThreadMonitor:activo
[19:28:32] [DEBUG] [HILO] Registry sync ejecutado
[19:28:32] [DEBUG] [MONITOR] Hilos activos: RegistrySync:activo, CEOListener:activo, ThreadMonitor:activo
[19:28:33] [DEBUG] [MONITOR] Hilos activos: RegistrySync:activo, CEOListener:activo, ThreadMonitor:activo
[19:28:47] [DEBUG] [MONITOR] Hilos activos: RegistrySync:activo, CEOListener:activo, ThreadMonitor:activo
[19:28:47] [DEBUG] [HILO] Registry sync ejecutado
[19:28:48] [DEBUG] [MONITOR] Hilos activos: RegistrySync:activo, CEOListener:activo, ThreadMonitor:activo
[19:29:01] [ERROR] Orquestador no inicializado. Llame init_negotiation_system() primero.
[19:29:02] [DEBUG] [HILO] Registry sync ejecutado
[19:29:02] [DEBUG] [MONITOR] Hilos activos: RegistrySync:activo, CEOListener:activo, ThreadMonitor:activo
[19:29:03] [DEBUG] [MONITOR] Hilos activos: RegistrySync:activo, CEOListener:activo, ThreadMonitor:activo
[19:29:17] [DEBUG] [MONITOR] Hilos activos: RegistrySync:activo, CEOListener:activo, ThreadMonitor:activo
[19:29:17] [DEBUG] [HILO] Registry sync ejecutado
[19:29:18] [DEBUG] [MONITOR] Hilos activos: RegistrySync:activo, CEOListener:activo, ThreadMonitor:activo
[19:29:32] [DEBUG] [HILO] Registry sync ejecutado
[19:29:32] [DEBUG] [MONITOR] Hilos activos: RegistrySync:activo, CEOListener:activo, ThreadMonitor:activo
[19:29:33] [DEBUG] [MONITOR] Hilos activos: RegistrySync:activo, CEOListener:activo, ThreadMonitor:activo
[19:29:47] [DEBUG] [MONITOR] Hilos activos: RegistrySync:activo, CEOListener:activo, ThreadMonitor:activo
[19:29:47] [DEBUG] [HILO] Registry sync ejecutado
[19:29:48] [DEBUG] [MONITOR] Hilos activos: RegistrySync:activo, CEOListener:activo, ThreadMonitor:activo
[19:30:02] [ERROR] Orquestador no inicializado. Llame init_negotiation_system() primero.
[19:30:02] [DEBUG] [HILO] Registry sync ejecutado
[19:30:02] [DEBUG] [MONITOR] Hilos activos: RegistrySync:activo, CEOListener:activo, ThreadMonitor:activo
[19:30:03] [DEBUG] [MONITOR] Hilos activos: RegistrySync:activo, CEOListener:activo, ThreadMonitor:activo
[19:30:17] [DEBUG] [MONITOR] Hilos activos: RegistrySync:activo, CEOListener:activo, ThreadMonitor:activo
[19:30:17] [DEBUG] [HILO] Registry sync ejecutado
[19:30:18] [DEBUG] [MONITOR] Hilos activos: RegistrySync:activo, CEOListener:activo, ThreadMonitor:activo
[19:30:32] [DEBUG] [HILO] Registry sync ejecutado
[19:30:32] [DEBUG] [MONITOR] Hilos activos: RegistrySync:activo, CEOListener:activo, ThreadMonitor:activo
[19:30:33] [DEBUG] [MONITOR] Hilos activos: RegistrySync:activo, CEOListener:activo, ThreadMonitor:activo
[19:30:47] [DEBUG] [MONITOR] Hilos activos: RegistrySync:activo, CEOListener:activo, ThreadMonitor:activo
[19:30:47] [DEBUG] [HILO] Registry sync ejecutado
[19:30:48] [DEBUG] [MONITOR] Hilos activos: RegistrySync:activo, CEOListener:activo, ThreadMonitor:activo
[19:31:02] [ERROR] Orquestador no inicializado. Llame init_negotiation_system() primero.
[19:31:02] [DEBUG] [HILO] Registry sync ejecutado
[19:31:02] [DEBUG] [MONITOR] Hilos activos: RegistrySync:activo, CEOListener:activo, ThreadMonitor:activo
[19:31:03] [DEBUG] [MONITOR] Hilos activos: RegistrySync:activo, CEOListener:activo, ThreadMonitor:activo
[19:31:17] [DEBUG] [MONITOR] Hilos activos: RegistrySync:activo, CEOListener:activo, ThreadMonitor:activo
[19:31:17] [DEBUG] [HILO] Registry sync ejecutado
[19:31:18] [DEBUG] [MONITOR] Hilos activos: RegistrySync:activo, CEOListener:activo, ThreadMonitor:activo
[19:31:32] [DEBUG] [HILO] Registry sync ejecutado
[19:31:32] [DEBUG] [MONITOR] Hilos activos: RegistrySync:activo, CEOListener:activo, ThreadMonitor:activo
[19:31:33] [DEBUG] [MONITOR] Hilos activos: RegistrySync:activo, CEOListener:activo, ThreadMonitor:activo
[19:31:47] [DEBUG] [MONITOR] Hilos activos: RegistrySync:activo, CEOListener:activo, ThreadMonitor:activo
[19:31:47] [DEBUG] [HILO] Registry sync ejecutado
[19:31:48] [DEBUG] [MONITOR] Hilos activos: RegistrySync:activo, CEOListener:activo, ThreadMonitor:activo
[19:32:02] [ERROR] Orquestador no inicializado. Llame init_negotiation_system() primero.
[19:32:02] [DEBUG] [HILO] Registry sync ejecutado
[19:32:02] [DEBUG] [MONITOR] Hilos activos: RegistrySync:activo, CEOListener:activo, ThreadMonitor:activo
[19:32:03] [DEBUG] [MONITOR] Hilos activos: RegistrySync:activo, CEOListener:activo, ThreadMonitor:activo
[19:32:17] [DEBUG] [MONITOR] Hilos activos: RegistrySync:activo, CEOListener:activo, ThreadMonitor:activo
[19:32:17] [DEBUG] [HILO] Registry sync ejecutado
[19:32:18] [DEBUG] [MONITOR] Hilos activos: RegistrySync:activo, CEOListener:activo, ThreadMonitor:activo
[19:32:32] [DEBUG] [HILO] Registry sync ejecutado
[19:32:32] [DEBUG] [MONITOR] Hilos activos: RegistrySync:activo, CEOListener:activo, ThreadMonitor:activo
[19:32:33] [DEBUG] [MONITOR] Hilos activos: RegistrySync:activo, CEOListener:activo, ThreadMonitor:activo
[19:32:47] [DEBUG] [MONITOR] Hilos activos: RegistrySync:activo, CEOListener:activo, ThreadMonitor:activo
[19:32:47] [DEBUG] [HILO] Registry sync ejecutado
[19:32:48] [DEBUG] [MONITOR] Hilos activos: RegistrySync:activo, CEOListener:activo, ThreadMonitor:activo
[19:33:02] [ERROR] Orquestador no inicializado. Llame init_negotiation_system() primero.
[19:33:02] [DEBUG] [HILO] Registry sync ejecutado
[19:33:02] [DEBUG] [MONITOR] Hilos activos: RegistrySync:activo, CEOListener:activo, ThreadMonitor:activo
[19:33:03] [DEBUG] [MONITOR] Hilos activos: RegistrySync:activo, CEOListener:activo, ThreadMonitor:activo
[19:33:17] [DEBUG] [MONITOR] Hilos activos: RegistrySync:activo, CEOListener:activo, ThreadMonitor:activo
[19:33:17] [DEBUG] [HILO] Registry sync ejecutado
[19:33:18] [DEBUG] [MONITOR] Hilos activos: RegistrySync:activo, CEOListener:activo, ThreadMonitor:activo
[19:33:32] [DEBUG] [HILO] Registry sync ejecutado
[19:33:32] [DEBUG] [MONITOR] Hilos activos: RegistrySync:activo, CEOListener:activo, ThreadMonitor:activo
[19:33:33] [DEBUG] [MONITOR] Hilos activos: RegistrySync:activo, CEOListener:activo, ThreadMonitor:activo
[19:33:47] [DEBUG] [MONITOR] Hilos activos: RegistrySync:activo, CEOListener:activo, ThreadMonitor:activo
[19:33:47] [DEBUG] [HILO] Registry sync ejecutado
[19:33:48] [DEBUG] [MONITOR] Hilos activos: RegistrySync:activo, CEOListener:activo, ThreadMonitor:activo
[19:34:03] [DEBUG] [MONITOR] Hilos activos: RegistrySync:activo, CEOListener:activo, ThreadMonitor:activo
[19:34:17] [DEBUG] [HILO] Registry sync ejecutado
[19:34:18] [DEBUG] [MONITOR] Hilos activos: RegistrySync:activo, CEOListener:activo, ThreadMonitor:activo
[19:34:33] [DEBUG] [MONITOR] Hilos activos: RegistrySync:activo, CEOListener:activo, ThreadMonitor:activo
[19:34:47] [DEBUG] [HILO] Registry sync ejecutado
[19:34:48] [DEBUG] [MONITOR] Hilos activos: RegistrySync:activo, CEOListener:activo, ThreadMonitor:activo
[19:35:03] [DEBUG] [MONITOR] Hilos activos: RegistrySync:activo, CEOListener:activo, ThreadMonitor:activo
[19:35:11] [DEBUG] [INFO] parte5_daimon_base no disponible
[19:35:11] [WARN] [WARN] Error cargando datos: Can't get attribute 'DemandSample' on <module '__main__' from '/data/data/com.termux/files/home/lucifer_prometeo/00_start_all.py'>
[19:35:11] [WARN] [WARN] Error cargando modelo: Can't get attribute 'EnsembleDemandPredictor' on <module '__main__' from '/data/data/com.termux/files/home/lucifer_prometeo/00_start_all.py'>
[19:35:11] [DEBUG] [HILO] Registry sync ejecutado
[19:35:11] [INFO] [HILO] Conectado: RegistrySync
[19:35:11] [INFO] [HILO] Conectado: CEOListener
[19:35:11] [DEBUG] [MONITOR] Hilos activos: RegistrySync:activo, CEOListener:activo
[19:35:11] [INFO] [HILO] Conectado: ThreadMonitor
[19:35:11] [INFO] [HILO] Monitor de threads iniciado
[19:35:11] [INFO] [HILO] Todos los hilos de fondo conectados
[19:35:11] [INFO] [INFO] Entrenando ensemble con 500 muestras...
[19:35:11] [INFO] [OK] Ensemble entrenado exitosamente (0 modelos)
[19:35:11] [INFO] [OK] Predictor inicializado y entrenado con 500 muestras
[19:35:17] [DEBUG] [HILO] Registry sync ejecutado
[19:35:18] [DEBUG] [MONITOR] Hilos activos: RegistrySync:activo, CEOListener:activo, ThreadMonitor:activo
[19:35:23] [DEBUG] [INFO] parte5_daimon_base no disponible
[19:35:26] [DEBUG] [MONITOR] Hilos activos: RegistrySync:activo, CEOListener:activo, ThreadMonitor:activo
[19:35:33] [DEBUG] [MONITOR] Hilos activos: RegistrySync:activo, CEOListener:activo, ThreadMonitor:activo
[19:35:40] [WARN] Activando fallback sandbox: faltan UBER_CLIENT_ID, UBER_CLIENT_SECRET, UBER_ACCESS_TOKEN o UBER_SERVER_TOKEN
[19:35:40] [CONFIG] UberConfig: modo=SANDBOX_FALLBACK, fallback=True
[19:35:40] [ERROR] Orquestador no inicializado. Llame init_negotiation_system() primero.
[19:35:41] [DEBUG] [HILO] Registry sync ejecutado
[19:35:41] [DEBUG] [MONITOR] Hilos activos: RegistrySync:activo, CEOListener:activo, ThreadMonitor:activo
[19:35:47] [DEBUG] [HILO] Registry sync ejecutado
[19:35:48] [DEBUG] [MONITOR] Hilos activos: RegistrySync:activo, CEOListener:activo, ThreadMonitor:activo
[19:35:56] [DEBUG] [MONITOR] Hilos activos: RegistrySync:activo, CEOListener:activo, ThreadMonitor:activo
[19:36:03] [DEBUG] [MONITOR] Hilos activos: RegistrySync:activo, CEOListener:activo, ThreadMonitor:activo
[19:36:11] [DEBUG] [HILO] Registry sync ejecutado
[19:36:11] [DEBUG] [MONITOR] Hilos activos: RegistrySync:activo, CEOListener:activo, ThreadMonitor:activo
[19:36:17] [DEBUG] [HILO] Registry sync ejecutado
[19:36:18] [DEBUG] [MONITOR] Hilos activos: RegistrySync:activo, CEOListener:activo, ThreadMonitor:activo
[19:36:26] [DEBUG] [MONITOR] Hilos activos: RegistrySync:activo, CEOListener:activo, ThreadMonitor:activo
[19:36:33] [DEBUG] [MONITOR] Hilos activos: RegistrySync:activo, CEOListener:activo, ThreadMonitor:activo
[19:36:40] [ERROR] Orquestador no inicializado. Llame init_negotiation_system() primero.
[19:36:41] [DEBUG] [HILO] Registry sync ejecutado
[19:36:41] [DEBUG] [MONITOR] Hilos activos: RegistrySync:activo, CEOListener:activo, ThreadMonitor:activo
[19:36:47] [DEBUG] [HILO] Registry sync ejecutado
[19:36:48] [DEBUG] [MONITOR] Hilos activos: RegistrySync:activo, CEOListener:activo, ThreadMonitor:activo
[19:36:56] [DEBUG] [MONITOR] Hilos activos: RegistrySync:activo, CEOListener:activo, ThreadMonitor:activo
[19:37:03] [DEBUG] [MONITOR] Hilos activos: RegistrySync:activo, CEOListener:activo, ThreadMonitor:activo
[19:37:11] [DEBUG] [HILO] Registry sync ejecutado
[19:37:11] [DEBUG] [MONITOR] Hilos activos: RegistrySync:activo, CEOListener:activo, ThreadMonitor:activo
[19:37:17] [DEBUG] [HILO] Registry sync ejecutado
[19:37:18] [DEBUG] [MONITOR] Hilos activos: RegistrySync:activo, CEOListener:activo, ThreadMonitor:activo
[19:37:26] [DEBUG] [MONITOR] Hilos activos: RegistrySync:activo, CEOListener:activo, ThreadMonitor:activo
[19:37:33] [DEBUG] [MONITOR] Hilos activos: RegistrySync:activo, CEOListener:activo, ThreadMonitor:activo
[19:37:40] [ERROR] Orquestador no inicializado. Llame init_negotiation_system() primero.
[19:37:41] [DEBUG] [HILO] Registry sync ejecutado
[19:37:41] [DEBUG] [MONITOR] Hilos activos: RegistrySync:activo, CEOListener:activo, ThreadMonitor:activo
[19:37:47] [DEBUG] [HILO] Registry sync ejecutado
[19:37:48] [DEBUG] [MONITOR] Hilos activos: RegistrySync:activo, CEOListener:activo, ThreadMonitor:activo
[19:37:56] [DEBUG] [MONITOR] Hilos activos: RegistrySync:activo, CEOListener:activo, ThreadMonitor:activo
[19:38:03] [DEBUG] [MONITOR] Hilos activos: RegistrySync:activo, CEOListener:activo, ThreadMonitor:activo
[19:38:11] [DEBUG] [HILO] Registry sync ejecutado
[19:38:11] [DEBUG] [MONITOR] Hilos activos: RegistrySync:activo, CEOListener:activo, ThreadMonitor:activo
[19:38:17] [DEBUG] [HILO] Registry sync ejecutado
[19:38:18] [DEBUG] [MONITOR] Hilos activos: RegistrySync:activo, CEOListener:activo, ThreadMonitor:activo
[19:38:26] [DEBUG] [MONITOR] Hilos activos: RegistrySync:activo, CEOListener:activo, ThreadMonitor:activo
[19:38:33] [DEBUG] [MONITOR] Hilos activos: RegistrySync:activo, CEOListener:activo, ThreadMonitor:activo
[19:38:40] [ERROR] Orquestador no inicializado. Llame init_negotiation_system() primero.
[19:38:41] [DEBUG] [HILO] Registry sync ejecutado
[19:38:41] [DEBUG] [MONITOR] Hilos activos: RegistrySync:activo, CEOListener:activo, ThreadMonitor:activo
[19:38:47] [DEBUG] [HILO] Registry sync ejecutado
[19:38:48] [DEBUG] [MONITOR] Hilos activos: RegistrySync:activo, CEOListener:activo, ThreadMonitor:activo
[19:38:56] [DEBUG] [MONITOR] Hilos activos: RegistrySync:activo, CEOListener:activo, ThreadMonitor:activo
[19:39:03] [DEBUG] [MONITOR] Hilos activos: RegistrySync:activo, CEOListener:activo, ThreadMonitor:activo
[19:39:11] [DEBUG] [HILO] Registry sync ejecutado
[19:39:11] [DEBUG] [MONITOR] Hilos activos: RegistrySync:activo, CEOListener:activo, ThreadMonitor:activo
[19:39:17] [DEBUG] [HILO] Registry sync ejecutado
[19:39:18] [DEBUG] [MONITOR] Hilos activos: RegistrySync:activo, CEOListener:activo, ThreadMonitor:activo
[19:39:26] [DEBUG] [MONITOR] Hilos activos: RegistrySync:activo, CEOListener:activo, ThreadMonitor:activo
[19:39:33] [DEBUG] [MONITOR] Hilos activos: RegistrySync:activo, CEOListener:activo, ThreadMonitor:activo
[19:39:40] [ERROR] Orquestador no inicializado. Llame init_negotiation_system() primero.
[19:39:41] [DEBUG] [HILO] Registry sync ejecutado
[19:39:41] [DEBUG] [MONITOR] Hilos activos: RegistrySync:activo, CEOListener:activo, ThreadMonitor:activo
[19:39:47] [DEBUG] [HILO] Registry sync ejecutado
[19:39:48] [DEBUG] [MONITOR] Hilos activos: RegistrySync:activo, CEOListener:activo, ThreadMonitor:activo
[19:39:56] [DEBUG] [MONITOR] Hilos activos: RegistrySync:activo, CEOListener:activo, ThreadMonitor:activo
[19:40:03] [DEBUG] [MONITOR] Hilos activos: RegistrySync:activo, CEOListener:activo, ThreadMonitor:activo
[19:40:11] [DEBUG] [HILO] Registry sync ejecutado
[19:40:11] [DEBUG] [MONITOR] Hilos activos: RegistrySync:activo, CEOListener:activo, ThreadMonitor:activo
[19:40:17] [DEBUG] [HILO] Registry sync ejecutado
[19:40:18] [DEBUG] [MONITOR] Hilos activos: RegistrySync:activo, CEOListener:activo, ThreadMonitor:activo
[19:40:26] [DEBUG] [MONITOR] Hilos activos: RegistrySync:activo, CEOListener:activo, ThreadMonitor:activo
[19:40:33] [DEBUG] [MONITOR] Hilos activos: RegistrySync:activo, CEOListener:activo, ThreadMonitor:activo
[19:40:40] [ERROR] Orquestador no inicializado. Llame init_negotiation_system() primero.
[19:40:41] [DEBUG] [HILO] Registry sync ejecutado
[19:40:41] [DEBUG] [MONITOR] Hilos activos: RegistrySync:activo, CEOListener:activo, ThreadMonitor:activo
[19:40:47] [DEBUG] [HILO] Registry sync ejecutado
[19:40:48] [DEBUG] [MONITOR] Hilos activos: RegistrySync:activo, CEOListener:activo, ThreadMonitor:activo
[19:40:56] [DEBUG] [MONITOR] Hilos activos: RegistrySync:activo, CEOListener:activo, ThreadMonitor:activo
[19:41:03] [DEBUG] [MONITOR] Hilos activos: RegistrySync:activo, CEOListener:activo, ThreadMonitor:activo
[19:41:11] [DEBUG] [HILO] Registry sync ejecutado
[19:41:11] [DEBUG] [MONITOR] Hilos activos: RegistrySync:activo, CEOListener:activo, ThreadMonitor:activo
[19:41:17] [DEBUG] [HILO] Registry sync ejecutado
[19:41:18] [DEBUG] [MONITOR] Hilos activos: RegistrySync:activo, CEOListener:activo, ThreadMonitor:activo
[19:41:26] [DEBUG] [MONITOR] Hilos activos: RegistrySync:activo, CEOListener:activo, ThreadMonitor:activo
[19:41:33] [DEBUG] [MONITOR] Hilos activos: RegistrySync:activo, CEOListener:activo, ThreadMonitor:activo
[19:41:41] [ERROR] Orquestador no inicializado. Llame init_negotiation_system() primero.
[19:41:41] [DEBUG] [HILO] Registry sync ejecutado
[19:41:41] [DEBUG] [MONITOR] Hilos activos: RegistrySync:activo, CEOListener:activo, ThreadMonitor:activo
[19:41:47] [DEBUG] [HILO] Registry sync ejecutado
[19:41:49] [DEBUG] [MONITOR] Hilos activos: RegistrySync:activo, CEOListener:activo, ThreadMonitor:activo
[19:41:56] [DEBUG] [MONITOR] Hilos activos: RegistrySync:activo, CEOListener:activo, ThreadMonitor:activo
[19:42:04] [DEBUG] [MONITOR] Hilos activos: RegistrySync:activo, CEOListener:activo, ThreadMonitor:activo
[19:42:11] [DEBUG] [HILO] Registry sync ejecutado
[19:42:11] [DEBUG] [MONITOR] Hilos activos: RegistrySync:activo, CEOListener:activo, ThreadMonitor:activo
[19:42:17] [DEBUG] [HILO] Registry sync ejecutado
[19:42:19] [DEBUG] [MONITOR] Hilos activos: RegistrySync:activo, CEOListener:activo, ThreadMonitor:activo
[19:42:26] [DEBUG] [MONITOR] Hilos activos: RegistrySync:activo, CEOListener:activo, ThreadMonitor:activo
[19:42:34] [DEBUG] [MONITOR] Hilos activos: RegistrySync:activo, CEOListener:activo, ThreadMonitor:activo
[19:42:41] [DEBUG] [HILO] Registry sync ejecutado
[19:42:41] [DEBUG] [MONITOR] Hilos activos: RegistrySync:activo, CEOListener:activo, ThreadMonitor:activo
[19:42:42] [ERROR] Orquestador no inicializado. Llame init_negotiation_system() primero.
[19:42:47] [DEBUG] [HILO] Registry sync ejecutado
[19:42:49] [DEBUG] [MONITOR] Hilos activos: RegistrySync:activo, CEOListener:activo, ThreadMonitor:activo
[19:42:56] [DEBUG] [MONITOR] Hilos activos: RegistrySync:activo, CEOListener:activo, ThreadMonitor:activo
[19:43:04] [DEBUG] [MONITOR] Hilos activos: RegistrySync:activo, CEOListener:activo, ThreadMonitor:activo
[19:43:11] [DEBUG] [HILO] Registry sync ejecutado
[19:43:11] [DEBUG] [MONITOR] Hilos activos: RegistrySync:activo, CEOListener:activo, ThreadMonitor:activo
[19:43:17] [DEBUG] [HILO] Registry sync ejecutado
[19:43:19] [DEBUG] [MONITOR] Hilos activos: RegistrySync:activo, CEOListener:activo, ThreadMonitor:activo
[19:43:26] [DEBUG] [MONITOR] Hilos activos: RegistrySync:activo, CEOListener:activo, ThreadMonitor:activo
[19:43:34] [DEBUG] [MONITOR] Hilos activos: RegistrySync:activo, CEOListener:activo, ThreadMonitor:activo
[19:43:41] [DEBUG] [HILO] Registry sync ejecutado
[19:43:41] [DEBUG] [MONITOR] Hilos activos: RegistrySync:activo, CEOListener:activo, ThreadMonitor:activo
[19:43:43] [ERROR] Orquestador no inicializado. Llame init_negotiation_system() primero.
[19:43:47] [DEBUG] [HILO] Registry sync ejecutado
[19:43:49] [DEBUG] [MONITOR] Hilos activos: RegistrySync:activo, CEOListener:activo, ThreadMonitor:activo
[19:43:56] [DEBUG] [MONITOR] Hilos activos: RegistrySync:activo, CEOListener:activo, ThreadMonitor:activo
[19:44:04] [DEBUG] [MONITOR] Hilos activos: RegistrySync:activo, CEOListener:activo, ThreadMonitor:activo
[19:44:11] [DEBUG] [HILO] Registry sync ejecutado
[19:44:11] [DEBUG] [MONITOR] Hilos activos: RegistrySync:activo, CEOListener:activo, ThreadMonitor:activo
[19:44:17] [DEBUG] [HILO] Registry sync ejecutado
[19:44:19] [DEBUG] [MONITOR] Hilos activos: RegistrySync:activo, CEOListener:activo, ThreadMonitor:activo
[19:44:26] [DEBUG] [MONITOR] Hilos activos: RegistrySync:activo, CEOListener:activo, ThreadMonitor:activo
[19:44:34] [DEBUG] [MONITOR] Hilos activos: RegistrySync:activo, CEOListener:activo, ThreadMonitor:activo
[19:44:41] [DEBUG] [HILO] Registry sync ejecutado
[19:44:41] [DEBUG] [MONITOR] Hilos activos: RegistrySync:activo, CEOListener:activo, ThreadMonitor:activo
[19:44:43] [ERROR] Orquestador no inicializado. Llame init_negotiation_system() primero.
[19:44:47] [DEBUG] [HILO] Registry sync ejecutado
[19:44:49] [DEBUG] [MONITOR] Hilos activos: RegistrySync:activo, CEOListener:activo, ThreadMonitor:activo
[19:44:56] [DEBUG] [MONITOR] Hilos activos: RegistrySync:activo, CEOListener:activo, ThreadMonitor:activo
[19:45:04] [DEBUG] [MONITOR] Hilos activos: RegistrySync:activo, CEOListener:activo, ThreadMonitor:activo
[19:45:11] [DEBUG] [HILO] Registry sync ejecutado
[19:45:11] [DEBUG] [MONITOR] Hilos activos: RegistrySync:activo, CEOListener:activo, ThreadMonitor:activo
[19:45:17] [DEBUG] [HILO] Registry sync ejecutado
[19:45:19] [DEBUG] [MONITOR] Hilos activos: RegistrySync:activo, CEOListener:activo, ThreadMonitor:activo
[19:45:26] [DEBUG] [MONITOR] Hilos activos: RegistrySync:activo, CEOListener:activo, ThreadMonitor:activo
[19:45:34] [DEBUG] [MONITOR] Hilos activos: RegistrySync:activo, CEOListener:activo, ThreadMonitor:activo
[19:45:41] [DEBUG] [HILO] Registry sync ejecutado
[19:45:41] [DEBUG] [MONITOR] Hilos activos: RegistrySync:activo, CEOListener:activo, ThreadMonitor:activo
[19:45:44] [ERROR] Orquestador no inicializado. Llame init_negotiation_system() primero.
[19:45:47] [DEBUG] [HILO] Registry sync ejecutado
[19:45:49] [DEBUG] [MONITOR] Hilos activos: RegistrySync:activo, CEOListener:activo, ThreadMonitor:activo
[19:45:57] [DEBUG] [MONITOR] Hilos activos: RegistrySync:activo, CEOListener:activo, ThreadMonitor:activo
[19:46:04] [DEBUG] [MONITOR] Hilos activos: RegistrySync:activo, CEOListener:activo, ThreadMonitor:activo
[19:46:11] [DEBUG] [HILO] Registry sync ejecutado
[19:46:12] [DEBUG] [MONITOR] Hilos activos: RegistrySync:activo, CEOListener:activo, ThreadMonitor:activo
[19:46:17] [DEBUG] [HILO] Registry sync ejecutado
[19:46:19] [DEBUG] [MONITOR] Hilos activos: RegistrySync:activo, CEOListener:activo, ThreadMonitor:activo
[19:46:27] [DEBUG] [MONITOR] Hilos activos: RegistrySync:activo, CEOListener:activo, ThreadMonitor:activo
[19:46:34] [DEBUG] [MONITOR] Hilos activos: RegistrySync:activo, CEOListener:activo, ThreadMonitor:activo
[19:46:41] [DEBUG] [HILO] Registry sync ejecutado
[19:46:42] [DEBUG] [MONITOR] Hilos activos: RegistrySync:activo, CEOListener:activo, ThreadMonitor:activo
[19:46:45] [ERROR] Orquestador no inicializado. Llame init_negotiation_system() primero.
[19:46:47] [DEBUG] [HILO] Registry sync ejecutado
[19:46:49] [DEBUG] [MONITOR] Hilos activos: RegistrySync:activo, CEOListener:activo, ThreadMonitor:activo
[19:46:57] [DEBUG] [MONITOR] Hilos activos: RegistrySync:activo, CEOListener:activo, ThreadMonitor:activo
[19:47:04] [DEBUG] [MONITOR] Hilos activos: RegistrySync:activo, CEOListener:activo, ThreadMonitor:activo
[19:47:11] [DEBUG] [HILO] Registry sync ejecutado
[19:47:12] [DEBUG] [MONITOR] Hilos activos: RegistrySync:activo, CEOListener:activo, ThreadMonitor:activo
[19:47:17] [DEBUG] [HILO] Registry sync ejecutado
[19:47:19] [DEBUG] [MONITOR] Hilos activos: RegistrySync:activo, CEOListener:activo, ThreadMonitor:activo
[19:47:27] [DEBUG] [MONITOR] Hilos activos: RegistrySync:activo, CEOListener:activo, ThreadMonitor:activo
[19:47:34] [DEBUG] [MONITOR] Hilos activos: RegistrySync:activo, CEOListener:activo, ThreadMonitor:activo
[19:47:41] [DEBUG] [HILO] Registry sync ejecutado
[19:47:42] [DEBUG] [MONITOR] Hilos activos: RegistrySync:activo, CEOListener:activo, ThreadMonitor:activo
[19:47:46] [ERROR] Orquestador no inicializado. Llame init_negotiation_system() primero.
[19:47:47] [DEBUG] [HILO] Registry sync ejecutado
[19:47:49] [DEBUG] [MONITOR] Hilos activos: RegistrySync:activo, CEOListener:activo, ThreadMonitor:activo
[19:47:57] [DEBUG] [MONITOR] Hilos activos: RegistrySync:activo, CEOListener:activo, ThreadMonitor:activo
[19:48:04] [DEBUG] [MONITOR] Hilos activos: RegistrySync:activo, CEOListener:activo, ThreadMonitor:activo
[19:48:11] [DEBUG] [HILO] Registry sync ejecutado
[19:48:12] [DEBUG] [MONITOR] Hilos activos: RegistrySync:activo, CEOListener:activo, ThreadMonitor:activo
[19:48:18] [DEBUG] [HILO] Registry sync ejecutado
[19:48:19] [DEBUG] [MONITOR] Hilos activos: RegistrySync:activo, CEOListener:activo, ThreadMonitor:activo
[19:48:27] [DEBUG] [MONITOR] Hilos activos: RegistrySync:activo, CEOListener:activo, ThreadMonitor:activo
[19:48:34] [DEBUG] [MONITOR] Hilos activos: RegistrySync:activo, CEOListener:activo, ThreadMonitor:activo
[19:48:41] [DEBUG] [HILO] Registry sync ejecutado
[19:48:42] [DEBUG] [MONITOR] Hilos activos: RegistrySync:activo, CEOListener:activo, ThreadMonitor:activo
[19:48:47] [ERROR] Orquestador no inicializado. Llame init_negotiation_system() primero.
[19:48:48] [DEBUG] [HILO] Registry sync ejecutado
[19:48:49] [DEBUG] [MONITOR] Hilos activos: RegistrySync:activo, CEOListener:activo, ThreadMonitor:activo
[19:48:57] [DEBUG] [MONITOR] Hilos activos: RegistrySync:activo, CEOListener:activo, ThreadMonitor:activo
[19:49:04] [DEBUG] [MONITOR] Hilos activos: RegistrySync:activo, CEOListener:activo, ThreadMonitor:activo
[19:49:11] [DEBUG] [HILO] Registry sync ejecutado
[19:49:12] [DEBUG] [MONITOR] Hilos activos: RegistrySync:activo, CEOListener:activo, ThreadMonitor:activo
[19:49:18] [DEBUG] [HILO] Registry sync ejecutado
[19:49:19] [DEBUG] [MONITOR] Hilos activos: RegistrySync:activo, CEOListener:activo, ThreadMonitor:activo
[19:49:27] [DEBUG] [MONITOR] Hilos activos: RegistrySync:activo, CEOListener:activo, ThreadMonitor:activo
[19:49:34] [DEBUG] [MONITOR] Hilos activos: RegistrySync:activo, CEOListener:activo, ThreadMonitor:activo
[19:49:41] [DEBUG] [HILO] Registry sync ejecutado
[19:49:42] [DEBUG] [MONITOR] Hilos activos: RegistrySync:activo, CEOListener:activo, ThreadMonitor:activo
[19:49:48] [ERROR] Orquestador no inicializado. Llame init_negotiation_system() primero.
[19:49:48] [DEBUG] [HILO] Registry sync ejecutado
[19:49:49] [DEBUG] [MONITOR] Hilos activos: RegistrySync:activo, CEOListener:activo, ThreadMonitor:activo
[19:49:57] [DEBUG] [MONITOR] Hilos activos: RegistrySync:activo, CEOListener:activo, ThreadMonitor:activo
[19:50:04] [DEBUG] [MONITOR] Hilos activos: RegistrySync:activo, CEOListener:activo, ThreadMonitor:activo
[19:50:11] [DEBUG] [HILO] Registry sync ejecutado
[19:50:12] [DEBUG] [MONITOR] Hilos activos: RegistrySync:activo, CEOListener:activo, ThreadMonitor:activo
[19:50:18] [DEBUG] [HILO] Registry sync ejecutado
[19:50:19] [DEBUG] [MONITOR] Hilos activos: RegistrySync:activo, CEOListener:activo, ThreadMonitor:activo
[19:50:27] [DEBUG] [MONITOR] Hilos activos: RegistrySync:activo, CEOListener:activo, ThreadMonitor:activo
[19:50:34] [DEBUG] [MONITOR] Hilos activos: RegistrySync:activo, CEOListener:activo, ThreadMonitor:activo
[19:50:41] [DEBUG] [HILO] Registry sync ejecutado
[19:50:42] [DEBUG] [MONITOR] Hilos activos: RegistrySync:activo, CEOListener:activo, ThreadMonitor:activo
[19:50:48] [DEBUG] [HILO] Registry sync ejecutado
[19:50:48] [ERROR] Orquestador no inicializado. Llame init_negotiation_system() primero.
[19:50:49] [DEBUG] [MONITOR] Hilos activos: RegistrySync:activo, CEOListener:activo, ThreadMonitor:activo
[19:50:57] [DEBUG] [MONITOR] Hilos activos: RegistrySync:activo, CEOListener:activo, ThreadMonitor:activo
[19:51:04] [DEBUG] [MONITOR] Hilos activos: RegistrySync:activo, CEOListener:activo, ThreadMonitor:activo
[19:51:11] [DEBUG] [HILO] Registry sync ejecutado
[19:51:12] [DEBUG] [MONITOR] Hilos activos: RegistrySync:activo, CEOListener:activo, ThreadMonitor:activo
[19:51:18] [DEBUG] [HILO] Registry sync ejecutado
[19:51:19] [DEBUG] [MONITOR] Hilos activos: RegistrySync:activo, CEOListener:activo, ThreadMonitor:activo
[19:51:27] [DEBUG] [MONITOR] Hilos activos: RegistrySync:activo, CEOListener:activo, ThreadMonitor:activo
[19:51:34] [DEBUG] [MONITOR] Hilos activos: RegistrySync:activo, CEOListener:activo, ThreadMonitor:activo
[19:51:41] [DEBUG] [HILO] Registry sync ejecutado
[19:51:42] [DEBUG] [MONITOR] Hilos activos: RegistrySync:activo, CEOListener:activo, ThreadMonitor:activo
[19:51:48] [DEBUG] [HILO] Registry sync ejecutado
[19:51:49] [ERROR] Orquestador no inicializado. Llame init_negotiation_system() primero.
[19:51:49] [DEBUG] [MONITOR] Hilos activos: RegistrySync:activo, CEOListener:activo, ThreadMonitor:activo
[19:51:57] [DEBUG] [MONITOR] Hilos activos: RegistrySync:activo, CEOListener:activo, ThreadMonitor:activo
[19:52:04] [DEBUG] [MONITOR] Hilos activos: RegistrySync:activo, CEOListener:activo, ThreadMonitor:activo
[19:52:11] [DEBUG] [HILO] Registry sync ejecutado
[19:52:12] [DEBUG] [MONITOR] Hilos activos: RegistrySync:activo, CEOListener:activo, ThreadMonitor:activo
[19:52:18] [DEBUG] [HILO] Registry sync ejecutado
[19:52:19] [DEBUG] [MONITOR] Hilos activos: RegistrySync:activo, CEOListener:activo, ThreadMonitor:activo
[19:52:27] [DEBUG] [MONITOR] Hilos activos: RegistrySync:activo, CEOListener:activo, ThreadMonitor:activo
[19:52:34] [DEBUG] [MONITOR] Hilos activos: RegistrySync:activo, CEOListener:activo, ThreadMonitor:activo
[19:52:41] [DEBUG] [HILO] Registry sync ejecutado
[19:52:42] [DEBUG] [MONITOR] Hilos activos: RegistrySync:activo, CEOListener:activo, ThreadMonitor:activo
[19:52:48] [DEBUG] [HILO] Registry sync ejecutado
[19:52:49] [ERROR] Orquestador no inicializado. Llame init_negotiation_system() primero.
[19:52:49] [DEBUG] [MONITOR] Hilos activos: RegistrySync:activo, CEOListener:activo, ThreadMonitor:activo
[19:52:57] [DEBUG] [MONITOR] Hilos activos: RegistrySync:activo, CEOListener:activo, ThreadMonitor:activo
[19:53:04] [DEBUG] [MONITOR] Hilos activos: RegistrySync:activo, CEOListener:activo, ThreadMonitor:activo
[19:53:11] [DEBUG] [HILO] Registry sync ejecutado
[19:53:12] [DEBUG] [MONITOR] Hilos activos: RegistrySync:activo, CEOListener:activo, ThreadMonitor:activo
[19:53:18] [DEBUG] [HILO] Registry sync ejecutado
[19:53:19] [DEBUG] [MONITOR] Hilos activos: RegistrySync:activo, CEOListener:activo, ThreadMonitor:activo
[19:53:27] [DEBUG] [MONITOR] Hilos activos: RegistrySync:activo, CEOListener:activo, ThreadMonitor:activo
[19:53:34] [DEBUG] [MONITOR] Hilos activos: RegistrySync:activo, CEOListener:activo, ThreadMonitor:activo
[19:53:41] [DEBUG] [HILO] Registry sync ejecutado
[19:53:42] [DEBUG] [MONITOR] Hilos activos: RegistrySync:activo, CEOListener:activo, ThreadMonitor:activo
[19:53:48] [DEBUG] [HILO] Registry sync ejecutado
[19:53:49] [ERROR] Orquestador no inicializado. Llame init_negotiation_system() primero.
[19:53:49] [DEBUG] [MONITOR] Hilos activos: RegistrySync:activo, CEOListener:activo, ThreadMonitor:activo
[19:53:57] [DEBUG] [MONITOR] Hilos activos: RegistrySync:activo, CEOListener:activo, ThreadMonitor:activo
[19:54:04] [DEBUG] [MONITOR] Hilos activos: RegistrySync:activo, CEOListener:activo, ThreadMonitor:activo
[19:54:11] [DEBUG] [HILO] Registry sync ejecutado
[19:54:12] [DEBUG] [MONITOR] Hilos activos: RegistrySync:activo, CEOListener:activo, ThreadMonitor:activo
[19:54:18] [DEBUG] [HILO] Registry sync ejecutado
[19:54:19] [DEBUG] [MONITOR] Hilos activos: RegistrySync:activo, CEOListener:activo, ThreadMonitor:activo
[19:54:27] [DEBUG] [MONITOR] Hilos activos: RegistrySync:activo, CEOListener:activo, ThreadMonitor:activo
[19:54:35] [DEBUG] [MONITOR] Hilos activos: RegistrySync:activo, CEOListener:activo, ThreadMonitor:activo
[19:54:41] [DEBUG] [HILO] Registry sync ejecutado
[19:54:42] [DEBUG] [MONITOR] Hilos activos: RegistrySync:activo, CEOListener:activo, ThreadMonitor:activo
[19:54:48] [DEBUG] [HILO] Registry sync ejecutado
[19:54:49] [ERROR] Orquestador no inicializado. Llame init_negotiation_system() primero.
[19:54:50] [DEBUG] [MONITOR] Hilos activos: RegistrySync:activo, CEOListener:activo, ThreadMonitor:activo
[19:54:57] [DEBUG] [MONITOR] Hilos activos: RegistrySync:activo, CEOListener:activo, ThreadMonitor:activo
[19:55:05] [DEBUG] [MONITOR] Hilos activos: RegistrySync:activo, CEOListener:activo, ThreadMonitor:activo
[19:55:11] [DEBUG] [HILO] Registry sync ejecutado
[19:55:12] [DEBUG] [MONITOR] Hilos activos: RegistrySync:activo, CEOListener:activo, ThreadMonitor:activo
[19:55:18] [DEBUG] [HILO] Registry sync ejecutado
[19:55:20] [DEBUG] [MONITOR] Hilos activos: RegistrySync:activo, CEOListener:activo, ThreadMonitor:activo
[19:55:27] [DEBUG] [MONITOR] Hilos activos: RegistrySync:activo, CEOListener:activo, ThreadMonitor:activo
[19:55:35] [DEBUG] [MONITOR] Hilos activos: RegistrySync:activo, CEOListener:activo, ThreadMonitor:activo
[19:55:41] [DEBUG] [HILO] Registry sync ejecutado
[19:55:42] [DEBUG] [MONITOR] Hilos activos: RegistrySync:activo, CEOListener:activo, ThreadMonitor:activo
[19:55:48] [DEBUG] [HILO] Registry sync ejecutado
[19:55:50] [DEBUG] [MONITOR] Hilos activos: RegistrySync:activo, CEOListener:activo, ThreadMonitor:activo
[19:55:51] [ERROR] Orquestador no inicializado. Llame init_negotiation_system() primero.
[19:55:57] [DEBUG] [MONITOR] Hilos activos: RegistrySync:activo, CEOListener:activo, ThreadMonitor:activo
[19:56:05] [DEBUG] [MONITOR] Hilos activos: RegistrySync:activo, CEOListener:activo, ThreadMonitor:activo
[19:56:11] [DEBUG] [HILO] Registry sync ejecutado
[19:56:12] [DEBUG] [MONITOR] Hilos activos: RegistrySync:activo, CEOListener:activo, ThreadMonitor:activo
[19:56:18] [DEBUG] [HILO] Registry sync ejecutado
[19:56:20] [DEBUG] [MONITOR] Hilos activos: RegistrySync:activo, CEOListener:activo, ThreadMonitor:activo
[19:56:27] [DEBUG] [MONITOR] Hilos activos: RegistrySync:activo, CEOListener:activo, ThreadMonitor:activo
[19:56:35] [DEBUG] [MONITOR] Hilos activos: RegistrySync:activo, CEOListener:activo, ThreadMonitor:activo
[19:56:41] [DEBUG] [HILO] Registry sync ejecutado
[19:56:42] [DEBUG] [MONITOR] Hilos activos: RegistrySync:activo, CEOListener:activo, ThreadMonitor:activo
[19:56:48] [DEBUG] [HILO] Registry sync ejecutado
[19:56:50] [DEBUG] [MONITOR] Hilos activos: RegistrySync:activo, CEOListener:activo, ThreadMonitor:activo
[19:56:51] [ERROR] Orquestador no inicializado. Llame init_negotiation_system() primero.
[19:56:57] [DEBUG] [MONITOR] Hilos activos: RegistrySync:activo, CEOListener:activo, ThreadMonitor:activo
[19:57:05] [DEBUG] [MONITOR] Hilos activos: RegistrySync:activo, CEOListener:activo, ThreadMonitor:activo
[19:57:11] [DEBUG] [HILO] Registry sync ejecutado
[19:57:12] [DEBUG] [MONITOR] Hilos activos: RegistrySync:activo, CEOListener:activo, ThreadMonitor:activo
[19:57:18] [DEBUG] [HILO] Registry sync ejecutado
[19:57:20] [DEBUG] [MONITOR] Hilos activos: RegistrySync:activo, CEOListener:activo, ThreadMonitor:activo
[19:57:27] [DEBUG] [MONITOR] Hilos activos: RegistrySync:activo, CEOListener:activo, ThreadMonitor:activo
[19:57:35] [DEBUG] [MONITOR] Hilos activos: RegistrySync:activo, CEOListener:activo, ThreadMonitor:activo
[19:57:41] [DEBUG] [HILO] Registry sync ejecutado
[19:57:42] [DEBUG] [MONITOR] Hilos activos: RegistrySync:activo, CEOListener:activo, ThreadMonitor:activo
[19:57:48] [DEBUG] [HILO] Registry sync ejecutado
[19:57:50] [DEBUG] [MONITOR] Hilos activos: RegistrySync:activo, CEOListener:activo, ThreadMonitor:activo
[19:57:51] [ERROR] Orquestador no inicializado. Llame init_negotiation_system() primero.
[19:57:57] [DEBUG] [MONITOR] Hilos activos: RegistrySync:activo, CEOListener:activo, ThreadMonitor:activo
[19:58:05] [DEBUG] [MONITOR] Hilos activos: RegistrySync:activo, CEOListener:activo, ThreadMonitor:activo
[19:58:11] [DEBUG] [HILO] Registry sync ejecutado
[19:58:12] [DEBUG] [MONITOR] Hilos activos: RegistrySync:activo, CEOListener:activo, ThreadMonitor:activo
[19:58:18] [DEBUG] [HILO] Registry sync ejecutado
[19:58:20] [DEBUG] [MONITOR] Hilos activos: RegistrySync:activo, CEOListener:activo, ThreadMonitor:activo
[19:58:27] [DEBUG] [MONITOR] Hilos activos: RegistrySync:activo, CEOListener:activo, ThreadMonitor:activo
[19:58:35] [DEBUG] [MONITOR] Hilos activos: RegistrySync:activo, CEOListener:activo, ThreadMonitor:activo
[19:58:41] [DEBUG] [HILO] Registry sync ejecutado
[19:58:42] [DEBUG] [MONITOR] Hilos activos: RegistrySync:activo, CEOListener:activo, ThreadMonitor:activo
[19:58:48] [DEBUG] [HILO] Registry sync ejecutado
[19:58:50] [DEBUG] [MONITOR] Hilos activos: RegistrySync:activo, CEOListener:activo, ThreadMonitor:activo
[19:58:52] [ERROR] Orquestador no inicializado. Llame init_negotiation_system() primero.
[19:58:57] [DEBUG] [MONITOR] Hilos activos: RegistrySync:activo, CEOListener:activo, ThreadMonitor:activo
[19:59:05] [DEBUG] [MONITOR] Hilos activos: RegistrySync:activo, CEOListener:activo, ThreadMonitor:activo
[19:59:11] [DEBUG] [HILO] Registry sync ejecutado
[19:59:12] [DEBUG] [MONITOR] Hilos activos: RegistrySync:activo, CEOListener:activo, ThreadMonitor:activo
[19:59:18] [DEBUG] [HILO] Registry sync ejecutado
[19:59:20] [DEBUG] [MONITOR] Hilos activos: RegistrySync:activo, CEOListener:activo, ThreadMonitor:activo
[19:59:27] [DEBUG] [MONITOR] Hilos activos: RegistrySync:activo, CEOListener:activo, ThreadMonitor:activo
[19:59:35] [DEBUG] [MONITOR] Hilos activos: RegistrySync:activo, CEOListener:activo, ThreadMonitor:activo
[19:59:41] [DEBUG] [HILO] Registry sync ejecutado
[19:59:42] [DEBUG] [MONITOR] Hilos activos: RegistrySync:activo, CEOListener:activo, ThreadMonitor:activo
[19:59:48] [DEBUG] [HILO] Registry sync ejecutado
[19:59:50] [DEBUG] [MONITOR] Hilos activos: RegistrySync:activo, CEOListener:activo, ThreadMonitor:activo
[19:59:52] [ERROR] Orquestador no inicializado. Llame init_negotiation_system() primero.
[19:59:57] [DEBUG] [MONITOR] Hilos activos: RegistrySync:activo, CEOListener:activo, ThreadMonitor:activo
[20:00:05] [DEBUG] [MONITOR] Hilos activos: RegistrySync:activo, CEOListener:activo, ThreadMonitor:activo
[20:00:11] [DEBUG] [HILO] Registry sync ejecutado
[20:00:12] [DEBUG] [MONITOR] Hilos activos: RegistrySync:activo, CEOListener:activo, ThreadMonitor:activo
[20:00:18] [DEBUG] [HILO] Registry sync ejecutado
[20:00:20] [DEBUG] [MONITOR] Hilos activos: RegistrySync:activo, CEOListener:activo, ThreadMonitor:activo
[20:00:27] [DEBUG] [MONITOR] Hilos activos: RegistrySync:activo, CEOListener:activo, ThreadMonitor:activo
[20:00:35] [DEBUG] [MONITOR] Hilos activos: RegistrySync:activo, CEOListener:activo, ThreadMonitor:activo
[20:00:41] [DEBUG] [HILO] Registry sync ejecutado
[20:00:42] [DEBUG] [MONITOR] Hilos activos: RegistrySync:activo, CEOListener:activo, ThreadMonitor:activo
[20:00:48] [DEBUG] [HILO] Registry sync ejecutado
[20:00:50] [DEBUG] [MONITOR] Hilos activos: RegistrySync:activo, CEOListener:activo, ThreadMonitor:activo
[20:00:52] [ERROR] Orquestador no inicializado. Llame init_negotiation_system() primero.
[20:00:57] [DEBUG] [MONITOR] Hilos activos: RegistrySync:activo, CEOListener:activo, ThreadMonitor:activo
[20:01:05] [DEBUG] [MONITOR] Hilos activos: RegistrySync:activo, CEOListener:activo, ThreadMonitor:activo
[20:01:11] [DEBUG] [HILO] Registry sync ejecutado
[20:01:12] [DEBUG] [MONITOR] Hilos activos: RegistrySync:activo, CEOListener:activo, ThreadMonitor:activo
[20:01:18] [DEBUG] [HILO] Registry sync ejecutado
[20:01:20] [DEBUG] [MONITOR] Hilos activos: RegistrySync:activo, CEOListener:activo, ThreadMonitor:activo
[20:01:35] [DEBUG] [MONITOR] Hilos activos: RegistrySync:activo, CEOListener:activo, ThreadMonitor:activo
[20:01:48] [DEBUG] [HILO] Registry sync ejecutado
[20:01:50] [DEBUG] [MONITOR] Hilos activos: RegistrySync:activo, CEOListener:activo, ThreadMonitor:activo
[20:02:05] [DEBUG] [MONITOR] Hilos activos: RegistrySync:activo, CEOListener:activo, ThreadMonitor:activo
[20:02:13] [DEBUG] [INFO] parte5_daimon_base no disponible
[20:02:13] [WARN] [WARN] Error cargando datos: Can't get attribute 'DemandSample' on <module '__main__' from '/data/data/com.termux/files/home/lucifer_prometeo/00_start_all.py'>
[20:02:13] [WARN] [WARN] Error cargando modelo: Can't get attribute 'EnsembleDemandPredictor' on <module '__main__' from '/data/data/com.termux/files/home/lucifer_prometeo/00_start_all.py'>
[20:02:13] [DEBUG] [HILO] Registry sync ejecutado
[20:02:13] [INFO] [HILO] Conectado: RegistrySync
[20:02:13] [INFO] [HILO] Conectado: CEOListener
[20:02:13] [DEBUG] [MONITOR] Hilos activos: RegistrySync:activo, CEOListener:activo
[20:02:13] [INFO] [HILO] Conectado: ThreadMonitor
[20:02:13] [INFO] [HILO] Monitor de threads iniciado
[20:02:13] [INFO] [HILO] Todos los hilos de fondo conectados
[20:02:14] [INFO] [INFO] Entrenando ensemble con 500 muestras...
[20:02:14] [INFO] [OK] Ensemble entrenado exitosamente (0 modelos)
[20:02:14] [INFO] [OK] Predictor inicializado y entrenado con 500 muestras
[20:02:18] [DEBUG] [HILO] Registry sync ejecutado
[20:02:20] [DEBUG] [MONITOR] Hilos activos: RegistrySync:activo, CEOListener:activo, ThreadMonitor:activo
[20:02:28] [DEBUG] [INFO] parte5_daimon_base no disponible
[20:02:28] [DEBUG] [MONITOR] Hilos activos: RegistrySync:activo, CEOListener:activo, ThreadMonitor:activo
[20:02:35] [DEBUG] [MONITOR] Hilos activos: RegistrySync:activo, CEOListener:activo, ThreadMonitor:activo
[20:02:43] [DEBUG] [HILO] Registry sync ejecutado
[20:02:43] [DEBUG] [MONITOR] Hilos activos: RegistrySync:activo, CEOListener:activo, ThreadMonitor:activo
[20:02:44] [WARN] Activando fallback sandbox: faltan UBER_CLIENT_ID, UBER_CLIENT_SECRET, UBER_ACCESS_TOKEN o UBER_SERVER_TOKEN
[20:02:44] [CONFIG] UberConfig: modo=SANDBOX_FALLBACK, fallback=True
[20:02:44] [ERROR] Orquestador no inicializado. Llame init_negotiation_system() primero.
[20:02:48] [DEBUG] [HILO] Registry sync ejecutado
[20:02:50] [DEBUG] [MONITOR] Hilos activos: RegistrySync:activo, CEOListener:activo, ThreadMonitor:activo
[20:02:58] [DEBUG] [MONITOR] Hilos activos: RegistrySync:activo, CEOListener:activo, ThreadMonitor:activo
[20:03:05] [DEBUG] [MONITOR] Hilos activos: RegistrySync:activo, CEOListener:activo, ThreadMonitor:activo
[20:03:13] [DEBUG] [HILO] Registry sync ejecutado
[20:03:13] [DEBUG] [MONITOR] Hilos activos: RegistrySync:activo, CEOListener:activo, ThreadMonitor:activo
[20:03:18] [DEBUG] [HILO] Registry sync ejecutado
[20:03:20] [DEBUG] [MONITOR] Hilos activos: RegistrySync:activo, CEOListener:activo, ThreadMonitor:activo
[20:03:28] [DEBUG] [MONITOR] Hilos activos: RegistrySync:activo, CEOListener:activo, ThreadMonitor:activo
[20:03:35] [DEBUG] [MONITOR] Hilos activos: RegistrySync:activo, CEOListener:activo, ThreadMonitor:activo
[20:03:43] [DEBUG] [HILO] Registry sync ejecutado
[20:03:43] [DEBUG] [MONITOR] Hilos activos: RegistrySync:activo, CEOListener:activo, ThreadMonitor:activo
[20:03:44] [ERROR] Orquestador no inicializado. Llame init_negotiation_system() primero.
[20:03:48] [DEBUG] [HILO] Registry sync ejecutado
[20:03:50] [DEBUG] [MONITOR] Hilos activos: RegistrySync:activo, CEOListener:activo, ThreadMonitor:activo
[20:03:58] [DEBUG] [MONITOR] Hilos activos: RegistrySync:activo, CEOListener:activo, ThreadMonitor:activo
[20:04:05] [DEBUG] [MONITOR] Hilos activos: RegistrySync:activo, CEOListener:activo, ThreadMonitor:activo
[20:04:13] [DEBUG] [HILO] Registry sync ejecutado
[20:04:13] [DEBUG] [MONITOR] Hilos activos: RegistrySync:activo, CEOListener:activo, ThreadMonitor:activo
[20:04:18] [DEBUG] [HILO] Registry sync ejecutado
[20:04:20] [DEBUG] [MONITOR] Hilos activos: RegistrySync:activo, CEOListener:activo, ThreadMonitor:activo
[20:04:28] [DEBUG] [MONITOR] Hilos activos: RegistrySync:activo, CEOListener:activo, ThreadMonitor:activo
[20:04:35] [DEBUG] [MONITOR] Hilos activos: RegistrySync:activo, CEOListener:activo, ThreadMonitor:activo
[20:04:43] [DEBUG] [HILO] Registry sync ejecutado
[20:04:43] [DEBUG] [MONITOR] Hilos activos: RegistrySync:activo, CEOListener:activo, ThreadMonitor:activo
[20:04:44] [ERROR] Orquestador no inicializado. Llame init_negotiation_system() primero.
[20:04:48] [DEBUG] [HILO] Registry sync ejecutado
[20:04:50] [DEBUG] [MONITOR] Hilos activos: RegistrySync:activo, CEOListener:activo, ThreadMonitor:activo
[20:04:58] [DEBUG] [MONITOR] Hilos activos: RegistrySync:activo, CEOListener:activo, ThreadMonitor:activo
[20:05:05] [DEBUG] [MONITOR] Hilos activos: RegistrySync:activo, CEOListener:activo, ThreadMonitor:activo
[20:05:13] [DEBUG] [HILO] Registry sync ejecutado
[20:05:13] [DEBUG] [MONITOR] Hilos activos: RegistrySync:activo, CEOListener:activo, ThreadMonitor:activo
[20:05:18] [DEBUG] [HILO] Registry sync ejecutado
[20:05:20] [DEBUG] [MONITOR] Hilos activos: RegistrySync:activo, CEOListener:activo, ThreadMonitor:activo
[20:05:28] [DEBUG] [MONITOR] Hilos activos: RegistrySync:activo, CEOListener:activo, ThreadMonitor:activo
[20:05:35] [DEBUG] [MONITOR] Hilos activos: RegistrySync:activo, CEOListener:activo, ThreadMonitor:activo
[20:05:43] [DEBUG] [HILO] Registry sync ejecutado
[20:05:43] [DEBUG] [MONITOR] Hilos activos: RegistrySync:activo, CEOListener:activo, ThreadMonitor:activo
[20:05:44] [ERROR] Orquestador no inicializado. Llame init_negotiation_system() primero.
[20:05:48] [DEBUG] [HILO] Registry sync ejecutado
[20:05:50] [DEBUG] [MONITOR] Hilos activos: RegistrySync:activo, CEOListener:activo, ThreadMonitor:activo
[20:05:58] [DEBUG] [MONITOR] Hilos activos: RegistrySync:activo, CEOListener:activo, ThreadMonitor:activo
[20:06:05] [DEBUG] [MONITOR] Hilos activos: RegistrySync:activo, CEOListener:activo, ThreadMonitor:activo
[20:06:13] [DEBUG] [HILO] Registry sync ejecutado
[20:06:13] [DEBUG] [MONITOR] Hilos activos: RegistrySync:activo, CEOListener:activo, ThreadMonitor:activo
[20:06:18] [DEBUG] [HILO] Registry sync ejecutado
[20:06:20] [DEBUG] [MONITOR] Hilos activos: RegistrySync:activo, CEOListener:activo, ThreadMonitor:activo
[20:06:28] [DEBUG] [MONITOR] Hilos activos: RegistrySync:activo, CEOListener:activo, ThreadMonitor:activo
[20:06:35] [DEBUG] [MONITOR] Hilos activos: RegistrySync:activo, CEOListener:activo, ThreadMonitor:activo
[20:06:43] [DEBUG] [HILO] Registry sync ejecutado
[20:06:43] [DEBUG] [MONITOR] Hilos activos: RegistrySync:activo, CEOListener:activo, ThreadMonitor:activo
[20:06:44] [ERROR] Orquestador no inicializado. Llame init_negotiation_system() primero.
[20:06:48] [DEBUG] [HILO] Registry sync ejecutado
[20:06:50] [DEBUG] [MONITOR] Hilos activos: RegistrySync:activo, CEOListener:activo, ThreadMonitor:activo
[20:06:58] [DEBUG] [MONITOR] Hilos activos: RegistrySync:activo, CEOListener:activo, ThreadMonitor:activo
[20:07:05] [DEBUG] [MONITOR] Hilos activos: RegistrySync:activo, CEOListener:activo, ThreadMonitor:activo
[20:07:13] [DEBUG] [HILO] Registry sync ejecutado
[20:07:13] [DEBUG] [MONITOR] Hilos activos: RegistrySync:activo, CEOListener:activo, ThreadMonitor:activo
[20:07:18] [DEBUG] [HILO] Registry sync ejecutado
[20:07:20] [DEBUG] [MONITOR] Hilos activos: RegistrySync:activo, CEOListener:activo, ThreadMonitor:activo
[20:07:28] [DEBUG] [MONITOR] Hilos activos: RegistrySync:activo, CEOListener:activo, ThreadMonitor:activo
[20:07:35] [DEBUG] [MONITOR] Hilos activos: RegistrySync:activo, CEOListener:activo, ThreadMonitor:activo
[20:07:43] [DEBUG] [HILO] Registry sync ejecutado
[20:07:43] [DEBUG] [MONITOR] Hilos activos: RegistrySync:activo, CEOListener:activo, ThreadMonitor:activo
[20:07:45] [ERROR] Orquestador no inicializado. Llame init_negotiation_system() primero.
[20:07:48] [DEBUG] [HILO] Registry sync ejecutado
[20:07:50] [DEBUG] [MONITOR] Hilos activos: RegistrySync:activo, CEOListener:activo, ThreadMonitor:activo
[20:07:58] [DEBUG] [MONITOR] Hilos activos: RegistrySync:activo, CEOListener:activo, ThreadMonitor:activo
[20:08:05] [DEBUG] [MONITOR] Hilos activos: RegistrySync:activo, CEOListener:activo, ThreadMonitor:activo
[20:08:13] [DEBUG] [HILO] Registry sync ejecutado
[20:08:13] [DEBUG] [MONITOR] Hilos activos: RegistrySync:activo, CEOListener:activo, ThreadMonitor:activo
[20:08:18] [DEBUG] [HILO] Registry sync ejecutado
[20:08:20] [DEBUG] [MONITOR] Hilos activos: RegistrySync:activo, CEOListener:activo, ThreadMonitor:activo
[20:08:28] [DEBUG] [MONITOR] Hilos activos: RegistrySync:activo, CEOListener:activo, ThreadMonitor:activo
[20:08:35] [DEBUG] [MONITOR] Hilos activos: RegistrySync:activo, CEOListener:activo, ThreadMonitor:activo
[20:08:43] [DEBUG] [HILO] Registry sync ejecutado
[20:08:43] [DEBUG] [MONITOR] Hilos activos: RegistrySync:activo, CEOListener:activo, ThreadMonitor:activo
[20:08:45] [ERROR] Orquestador no inicializado. Llame init_negotiation_system() primero.
[20:08:48] [DEBUG] [HILO] Registry sync ejecutado
[20:08:50] [DEBUG] [MONITOR] Hilos activos: RegistrySync:activo, CEOListener:activo, ThreadMonitor:activo
[20:09:05] [DEBUG] [MONITOR] Hilos activos: RegistrySync:activo, CEOListener:activo, ThreadMonitor:activo
[20:09:18] [DEBUG] [HILO] Registry sync ejecutado
[20:09:20] [DEBUG] [MONITOR] Hilos activos: RegistrySync:activo, CEOListener:activo, ThreadMonitor:activo
[20:09:35] [DEBUG] [MONITOR] Hilos activos: RegistrySync:activo, CEOListener:activo, ThreadMonitor:activo
[20:09:48] [DEBUG] [HILO] Registry sync ejecutado
[20:09:50] [DEBUG] [MONITOR] Hilos activos: RegistrySync:activo, CEOListener:activo, ThreadMonitor:activo
[20:10:05] [DEBUG] [MONITOR] Hilos activos: RegistrySync:activo, CEOListener:activo, ThreadMonitor:activo
[20:10:18] [DEBUG] [HILO] Registry sync ejecutado
[20:10:20] [DEBUG] [MONITOR] Hilos activos: RegistrySync:activo, CEOListener:activo, ThreadMonitor:activo
[20:10:32] [DEBUG] [INFO] parte5_daimon_base no disponible
[20:10:35] [DEBUG] [MONITOR] Hilos activos: RegistrySync:activo, CEOListener:activo, ThreadMonitor:activo
[20:10:48] [DEBUG] [HILO] Registry sync ejecutado
[20:10:50] [DEBUG] [MONITOR] Hilos activos: RegistrySync:activo, CEOListener:activo, ThreadMonitor:activo
[20:11:05] [DEBUG] [MONITOR] Hilos activos: RegistrySync:activo, CEOListener:activo, ThreadMonitor:activo
[20:11:18] [DEBUG] [HILO] Registry sync ejecutado
[20:11:20] [DEBUG] [MONITOR] Hilos activos: RegistrySync:activo, CEOListener:activo, ThreadMonitor:activo
[20:11:35] [DEBUG] [MONITOR] Hilos activos: RegistrySync:activo, CEOListener:activo, ThreadMonitor:activo
[20:11:48] [DEBUG] [HILO] Registry sync ejecutado
[20:11:50] [DEBUG] [MONITOR] Hilos activos: RegistrySync:activo, CEOListener:activo, ThreadMonitor:activo
[20:12:05] [DEBUG] [MONITOR] Hilos activos: RegistrySync:activo, CEOListener:activo, ThreadMonitor:activo
[20:12:18] [DEBUG] [HILO] Registry sync ejecutado
[20:12:20] [DEBUG] [MONITOR] Hilos activos: RegistrySync:activo, CEOListener:activo, ThreadMonitor:activo
[20:12:35] [DEBUG] [MONITOR] Hilos activos: RegistrySync:activo, CEOListener:activo, ThreadMonitor:activo
[20:12:48] [DEBUG] [HILO] Registry sync ejecutado
[20:12:50] [DEBUG] [MONITOR] Hilos activos: RegistrySync:activo, CEOListener:activo, ThreadMonitor:activo
[20:13:05] [DEBUG] [MONITOR] Hilos activos: RegistrySync:activo, CEOListener:activo, ThreadMonitor:activo
[20:13:18] [DEBUG] [HILO] Registry sync ejecutado
[20:13:20] [DEBUG] [MONITOR] Hilos activos: RegistrySync:activo, CEOListener:activo, ThreadMonitor:activo
[20:13:35] [DEBUG] [MONITOR] Hilos activos: RegistrySync:activo, CEOListener:activo, ThreadMonitor:activo
[20:13:48] [DEBUG] [HILO] Registry sync ejecutado
[20:13:50] [DEBUG] [MONITOR] Hilos activos: RegistrySync:activo, CEOListener:activo, ThreadMonitor:activo
[20:14:05] [DEBUG] [MONITOR] Hilos activos: RegistrySync:activo, CEOListener:activo, ThreadMonitor:activo
[20:14:18] [DEBUG] [HILO] Registry sync ejecutado
[20:14:20] [DEBUG] [MONITOR] Hilos activos: RegistrySync:activo, CEOListener:activo, ThreadMonitor:activo
[20:14:35] [DEBUG] [MONITOR] Hilos activos: RegistrySync:activo, CEOListener:activo, ThreadMonitor:activo
[20:14:48] [DEBUG] [HILO] Registry sync ejecutado
[20:14:50] [DEBUG] [MONITOR] Hilos activos: RegistrySync:activo, CEOListener:activo, ThreadMonitor:activo
[20:15:05] [DEBUG] [MONITOR] Hilos activos: RegistrySync:activo, CEOListener:activo, ThreadMonitor:activo
[20:15:18] [DEBUG] [HILO] Registry sync ejecutado
[20:15:20] [DEBUG] [MONITOR] Hilos activos: RegistrySync:activo, CEOListener:activo, ThreadMonitor:activo
[20:15:35] [DEBUG] [MONITOR] Hilos activos: RegistrySync:activo, CEOListener:activo, ThreadMonitor:activo
[20:15:48] [DEBUG] [HILO] Registry sync ejecutado
[20:15:50] [DEBUG] [MONITOR] Hilos activos: RegistrySync:activo, CEOListener:activo, ThreadMonitor:activo
[20:16:05] [DEBUG] [MONITOR] Hilos activos: RegistrySync:activo, CEOListener:activo, ThreadMonitor:activo
[20:16:18] [DEBUG] [HILO] Registry sync ejecutado
[20:16:20] [DEBUG] [MONITOR] Hilos activos: RegistrySync:activo, CEOListener:activo, ThreadMonitor:activo
[20:16:35] [DEBUG] [MONITOR] Hilos activos: RegistrySync:activo, CEOListener:activo, ThreadMonitor:activo
[20:16:48] [DEBUG] [HILO] Registry sync ejecutado
[20:16:50] [DEBUG] [MONITOR] Hilos activos: RegistrySync:activo, CEOListener:activo, ThreadMonitor:activo
[20:17:05] [DEBUG] [MONITOR] Hilos activos: RegistrySync:activo, CEOListener:activo, ThreadMonitor:activo
[20:17:18] [DEBUG] [HILO] Registry sync ejecutado
[20:17:20] [DEBUG] [MONITOR] Hilos activos: RegistrySync:activo, CEOListener:activo, ThreadMonitor:activo
[20:17:35] [DEBUG] [MONITOR] Hilos activos: RegistrySync:activo, CEOListener:activo, ThreadMonitor:activo
[20:17:48] [DEBUG] [HILO] Registry sync ejecutado
[20:17:50] [DEBUG] [MONITOR] Hilos activos: RegistrySync:activo, CEOListener:activo, ThreadMonitor:activo
[20:18:05] [DEBUG] [MONITOR] Hilos activos: RegistrySync:activo, CEOListener:activo, ThreadMonitor:activo
[20:18:18] [DEBUG] [HILO] Registry sync ejecutado
[20:18:20] [DEBUG] [MONITOR] Hilos activos: RegistrySync:activo, CEOListener:activo, ThreadMonitor:activo
[20:18:35] [DEBUG] [MONITOR] Hilos activos: RegistrySync:activo, CEOListener:activo, ThreadMonitor:activo
[20:18:48] [DEBUG] [HILO] Registry sync ejecutado
[20:18:50] [DEBUG] [MONITOR] Hilos activos: RegistrySync:activo, CEOListener:activo, ThreadMonitor:activo
[20:19:05] [DEBUG] [MONITOR] Hilos activos: RegistrySync:activo, CEOListener:activo, ThreadMonitor:activo
[20:19:18] [DEBUG] [HILO] Registry sync ejecutado
[20:19:20] [DEBUG] [MONITOR] Hilos activos: RegistrySync:activo, CEOListener:activo, ThreadMonitor:activo
[20:19:35] [DEBUG] [MONITOR] Hilos activos: RegistrySync:activo, CEOListener:activo, ThreadMonitor:activo
[20:19:48] [DEBUG] [HILO] Registry sync ejecutado
[20:19:50] [DEBUG] [MONITOR] Hilos activos: RegistrySync:activo, CEOListener:activo, ThreadMonitor:activo
[20:20:05] [DEBUG] [MONITOR] Hilos activos: RegistrySync:activo, CEOListener:activo, ThreadMonitor:activo
[20:20:18] [DEBUG] [HILO] Registry sync ejecutado
[20:20:20] [DEBUG] [MONITOR] Hilos activos: RegistrySync:activo, CEOListener:activo, ThreadMonitor:activo
[20:20:35] [DEBUG] [MONITOR] Hilos activos: RegistrySync:activo, CEOListener:activo, ThreadMonitor:activo
[20:20:48] [DEBUG] [HILO] Registry sync ejecutado
[20:20:50] [DEBUG] [MONITOR] Hilos activos: RegistrySync:activo, CEOListener:activo, ThreadMonitor:activo
[20:21:05] [DEBUG] [MONITOR] Hilos activos: RegistrySync:activo, CEOListener:activo, ThreadMonitor:activo
[20:21:18] [DEBUG] [HILO] Registry sync ejecutado
[20:21:20] [DEBUG] [MONITOR] Hilos activos: RegistrySync:activo, CEOListener:activo, ThreadMonitor:activo
[20:21:35] [DEBUG] [MONITOR] Hilos activos: RegistrySync:activo, CEOListener:activo, ThreadMonitor:activo
[20:21:48] [DEBUG] [HILO] Registry sync ejecutado
[20:21:50] [DEBUG] [MONITOR] Hilos activos: RegistrySync:activo, CEOListener:activo, ThreadMonitor:activo
[20:22:05] [DEBUG] [MONITOR] Hilos activos: RegistrySync:activo, CEOListener:activo, ThreadMonitor:activo
[20:22:18] [DEBUG] [HILO] Registry sync ejecutado
[20:22:20] [DEBUG] [MONITOR] Hilos activos: RegistrySync:activo, CEOListener:activo, ThreadMonitor:activo
[20:22:35] [DEBUG] [MONITOR] Hilos activos: RegistrySync:activo, CEOListener:activo, ThreadMonitor:activo
[20:22:48] [DEBUG] [HILO] Registry sync ejecutado
[20:22:50] [DEBUG] [MONITOR] Hilos activos: RegistrySync:activo, CEOListener:activo, ThreadMonitor:activo
[20:23:05] [DEBUG] [MONITOR] Hilos activos: RegistrySync:activo, CEOListener:activo, ThreadMonitor:activo
[20:23:18] [DEBUG] [HILO] Registry sync ejecutado
[20:23:20] [DEBUG] [MONITOR] Hilos activos: RegistrySync:activo, CEOListener:activo, ThreadMonitor:activo
[20:23:35] [DEBUG] [MONITOR] Hilos activos: RegistrySync:activo, CEOListener:activo, ThreadMonitor:activo
[20:23:48] [DEBUG] [HILO] Registry sync ejecutado
[20:23:50] [DEBUG] [MONITOR] Hilos activos: RegistrySync:activo, CEOListener:activo, ThreadMonitor:activo
[20:24:05] [DEBUG] [MONITOR] Hilos activos: RegistrySync:activo, CEOListener:activo, ThreadMonitor:activo
[20:24:18] [DEBUG] [HILO] Registry sync ejecutado
[20:24:20] [DEBUG] [MONITOR] Hilos activos: RegistrySync:activo, CEOListener:activo, ThreadMonitor:activo
[20:24:35] [DEBUG] [MONITOR] Hilos activos: RegistrySync:activo, CEOListener:activo, ThreadMonitor:activo
[20:24:48] [DEBUG] [HILO] Registry sync ejecutado
[20:24:50] [DEBUG] [MONITOR] Hilos activos: RegistrySync:activo, CEOListener:activo, ThreadMonitor:activo
[20:25:05] [DEBUG] [MONITOR] Hilos activos: RegistrySync:activo, CEOListener:activo, ThreadMonitor:activo
[20:25:18] [DEBUG] [HILO] Registry sync ejecutado
[20:25:20] [DEBUG] [MONITOR] Hilos activos: RegistrySync:activo, CEOListener:activo, ThreadMonitor:activo
[20:25:35] [DEBUG] [MONITOR] Hilos activos: RegistrySync:activo, CEOListener:activo, ThreadMonitor:activo
[20:25:48] [DEBUG] [HILO] Registry sync ejecutado
[20:25:50] [DEBUG] [MONITOR] Hilos activos: RegistrySync:activo, CEOListener:activo, ThreadMonitor:activo
[20:26:05] [DEBUG] [MONITOR] Hilos activos: RegistrySync:activo, CEOListener:activo, ThreadMonitor:activo
[20:26:18] [DEBUG] [HILO] Registry sync ejecutado
[20:26:20] [DEBUG] [MONITOR] Hilos activos: RegistrySync:activo, CEOListener:activo, ThreadMonitor:activo
[20:26:35] [DEBUG] [MONITOR] Hilos activos: RegistrySync:activo, CEOListener:activo, ThreadMonitor:activo
[20:26:48] [DEBUG] [HILO] Registry sync ejecutado
[20:26:50] [DEBUG] [MONITOR] Hilos activos: RegistrySync:activo, CEOListener:activo, ThreadMonitor:activo
[20:27:05] [DEBUG] [MONITOR] Hilos activos: RegistrySync:activo, CEOListener:activo, ThreadMonitor:activo
[20:27:18] [DEBUG] [HILO] Registry sync ejecutado
[20:27:20] [DEBUG] [MONITOR] Hilos activos: RegistrySync:activo, CEOListener:activo, ThreadMonitor:activo
[20:27:35] [DEBUG] [MONITOR] Hilos activos: RegistrySync:activo, CEOListener:activo, ThreadMonitor:activo
[20:27:48] [DEBUG] [HILO] Registry sync ejecutado
[20:27:50] [DEBUG] [MONITOR] Hilos activos: RegistrySync:activo, CEOListener:activo, ThreadMonitor:activo
[20:28:05] [DEBUG] [MONITOR] Hilos activos: RegistrySync:activo, CEOListener:activo, ThreadMonitor:activo
[20:28:18] [DEBUG] [HILO] Registry sync ejecutado
[20:28:20] [DEBUG] [MONITOR] Hilos activos: RegistrySync:activo, CEOListener:activo, ThreadMonitor:activo
[20:28:35] [DEBUG] [MONITOR] Hilos activos: RegistrySync:activo, CEOListener:activo, ThreadMonitor:activo
[20:28:48] [DEBUG] [HILO] Registry sync ejecutado
[20:28:50] [DEBUG] [MONITOR] Hilos activos: RegistrySync:activo, CEOListener:activo, ThreadMonitor:activo
[20:29:05] [DEBUG] [MONITOR] Hilos activos: RegistrySync:activo, CEOListener:activo, ThreadMonitor:activo
[20:29:18] [DEBUG] [HILO] Registry sync ejecutado
[20:29:20] [DEBUG] [MONITOR] Hilos activos: RegistrySync:activo, CEOListener:activo, ThreadMonitor:activo
[20:29:35] [DEBUG] [MONITOR] Hilos activos: RegistrySync:activo, CEOListener:activo, ThreadMonitor:activo
[20:29:48] [DEBUG] [HILO] Registry sync ejecutado
[20:29:50] [DEBUG] [MONITOR] Hilos activos: RegistrySync:activo, CEOListener:activo, ThreadMonitor:activo
[20:30:05] [DEBUG] [MONITOR] Hilos activos: RegistrySync:activo, CEOListener:activo, ThreadMonitor:activo
[20:30:18] [DEBUG] [HILO] Registry sync ejecutado
[20:30:20] [DEBUG] [MONITOR] Hilos activos: RegistrySync:activo, CEOListener:activo, ThreadMonitor:activo
[20:30:35] [DEBUG] [MONITOR] Hilos activos: RegistrySync:activo, CEOListener:activo, ThreadMonitor:activo
[20:30:48] [DEBUG] [HILO] Registry sync ejecutado
[20:30:50] [DEBUG] [MONITOR] Hilos activos: RegistrySync:activo, CEOListener:activo, ThreadMonitor:activo
[20:31:05] [DEBUG] [MONITOR] Hilos activos: RegistrySync:activo, CEOListener:activo, ThreadMonitor:activo
[20:31:18] [DEBUG] [HILO] Registry sync ejecutado
[20:31:20] [DEBUG] [MONITOR] Hilos activos: RegistrySync:activo, CEOListener:activo, ThreadMonitor:activo
[20:31:35] [DEBUG] [MONITOR] Hilos activos: RegistrySync:activo, CEOListener:activo, ThreadMonitor:activo
[20:31:48] [DEBUG] [HILO] Registry sync ejecutado
[20:31:50] [DEBUG] [MONITOR] Hilos activos: RegistrySync:activo, CEOListener:activo, ThreadMonitor:activo
[20:32:05] [DEBUG] [MONITOR] Hilos activos: RegistrySync:activo, CEOListener:activo, ThreadMonitor:activo
[20:32:18] [DEBUG] [HILO] Registry sync ejecutado
[20:32:20] [DEBUG] [MONITOR] Hilos activos: RegistrySync:activo, CEOListener:activo, ThreadMonitor:activo
[20:32:35] [DEBUG] [MONITOR] Hilos activos: RegistrySync:activo, CEOListener:activo, ThreadMonitor:activo
[20:32:48] [DEBUG] [HILO] Registry sync ejecutado
[20:32:50] [DEBUG] [MONITOR] Hilos activos: RegistrySync:activo, CEOListener:activo, ThreadMonitor:activo
[20:33:05] [DEBUG] [MONITOR] Hilos activos: RegistrySync:activo, CEOListener:activo, ThreadMonitor:activo
[20:33:18] [DEBUG] [HILO] Registry sync ejecutado
[20:33:20] [DEBUG] [MONITOR] Hilos activos: RegistrySync:activo, CEOListener:activo, ThreadMonitor:activo
[20:33:35] [DEBUG] [MONITOR] Hilos activos: RegistrySync:activo, CEOListener:activo, ThreadMonitor:activo
[20:33:48] [DEBUG] [HILO] Registry sync ejecutado
[20:33:50] [DEBUG] [MONITOR] Hilos activos: RegistrySync:activo, CEOListener:activo, ThreadMonitor:activo
[20:34:05] [DEBUG] [MONITOR] Hilos activos: RegistrySync:activo, CEOListener:activo, ThreadMonitor:activo
[20:34:18] [DEBUG] [HILO] Registry sync ejecutado
[20:34:20] [DEBUG] [MONITOR] Hilos activos: RegistrySync:activo, CEOListener:activo, ThreadMonitor:activo
[20:34:35] [DEBUG] [MONITOR] Hilos activos: RegistrySync:activo, CEOListener:activo, ThreadMonitor:activo
[20:34:48] [DEBUG] [HILO] Registry sync ejecutado
[20:34:50] [DEBUG] [MONITOR] Hilos activos: RegistrySync:activo, CEOListener:activo, ThreadMonitor:activo
[20:35:05] [DEBUG] [MONITOR] Hilos activos: RegistrySync:activo, CEOListener:activo, ThreadMonitor:activo
[20:35:08] [DEBUG] [INFO] parte5_daimon_base no disponible
[20:35:08] [INFO] 
========================================
 UBER DEMAND PREDICTOR PRO v4.3 - Demostracion
========================================
[20:35:09] [INFO] [OK] Cargados 60000 muestras historicas
[20:35:09] [INFO] [OK] Modelo cargado desde cache
[20:35:09] [INFO] [HILO] Conectado: RegistrySync
[20:35:09] [INFO] [HILO] Conectado: CEOListener
[20:35:09] [DEBUG] [HILO] Registry sync ejecutado
[20:35:09] [INFO] [HILO] Conectado: ThreadMonitor
[20:35:09] [INFO] [HILO] Monitor de threads iniciado
[20:35:09] [INFO] [HILO] Todos los hilos de fondo conectados
[20:35:09] [INFO] 
[INFO] Generando datos historicos sinteticos...
[20:35:09] [DEBUG] [MONITOR] Hilos activos: RegistrySync:activo, CEOListener:activo
[20:35:09] [INFO]    Generadas 2000 muestras
[20:35:09] [INFO] 
[INFO] Ingestando datos al sistema...
[20:35:13] [INFO] 
[INFO] Entrenando modelos de prediccion...
[20:35:13] [INFO] [INFO] Entrenando ensemble con 2000 muestras...
[20:35:13] [WARN] [WARN] Error sincronizando pesos: 'EnsembleDemandPredictor' object has no attribute 'registry'
[20:35:13] [INFO] [OK] Ensemble entrenado exitosamente (0 modelos)
[20:35:13] [INFO] 
========================================
 PREDICCIONES EN TIEMPO REAL
========================================
[20:35:13] [INFO] 
[SCENARIO] Escenario: Ahora (manana laboral)
[20:35:13] [INFO] 
Zona                         Score   Conf Recomendacion
[20:35:13] [INFO]    ----------------------------------------------------------------------
[20:35:13] [INFO]    Albrook Mall                  5.0    50% [AVERAGE] DEMANDA PROMEDIO - Zona viable
[20:35:13] [INFO]    Arraijan Centro               5.0    50% [AVERAGE] DEMANDA PROMEDIO - Zona viable
[20:35:13] [INFO]    La Chorrera                   5.0    50% [AVERAGE] DEMANDA PROMEDIO - Zona viable
[20:35:13] [INFO]    Costa del Este                5.0    50% [AVERAGE] DEMANDA PROMEDIO - Zona viable
[20:35:13] [INFO] 
[SCENARIO] Escenario: Hora pico tarde
[20:35:13] [INFO] 
Zona                         Score   Conf Recomendacion
[20:35:13] [INFO]    ----------------------------------------------------------------------
[20:35:13] [INFO]    Albrook Mall                  5.0    50% [AVERAGE] DEMANDA PROMEDIO - Zona viable
[20:35:13] [INFO]    Arraijan Centro               5.0    50% [AVERAGE] DEMANDA PROMEDIO - Zona viable
[20:35:13] [INFO]    La Chorrera                   5.0    50% [AVERAGE] DEMANDA PROMEDIO - Zona viable
[20:35:13] [INFO]    Costa del Este                5.0    50% [AVERAGE] DEMANDA PROMEDIO - Zona viable
[20:35:13] [INFO] 
========================================
 ESTADO DEL SISTEMA
========================================
[20:35:13] [INFO]    Muestras almacenadas: 62000
[20:35:13] [INFO]    Modelo entrenado: Si
[20:35:13] [INFO]    Hilos activos: {'RegistrySync': 'activo', 'CEOListener': 'activo', 'ThreadMonitor': 'activo'}
[20:35:14] [INFO] [OK] Persistidos 62000 muestras
[20:35:14] [INFO] 
========================================
 DECISION ENGINE DEMO
========================================
[20:35:14] [INFO] [OK] Reutilizando predictor existente
[20:35:14] [INFO] 
========================================
 SISTEMA EN EJECUCION - Hilos conectados
========================================
[20:35:14] [INFO] Presiona Ctrl+C para detener
[20:35:18] [DEBUG] [HILO] Registry sync ejecutado
[20:35:20] [DEBUG] [MONITOR] Hilos activos: RegistrySync:activo, CEOListener:activo, ThreadMonitor:activo
[20:35:24] [DEBUG] [MONITOR] Hilos activos: RegistrySync:activo, CEOListener:activo, ThreadMonitor:activo
[20:35:35] [DEBUG] [MONITOR] Hilos activos: RegistrySync:activo, CEOListener:activo, ThreadMonitor:activo
[20:35:39] [DEBUG] [HILO] Registry sync ejecutado
[20:35:39] [DEBUG] [MONITOR] Hilos activos: RegistrySync:activo, CEOListener:activo, ThreadMonitor:activo
[20:35:48] [DEBUG] [HILO] Registry sync ejecutado
[20:35:50] [DEBUG] [MONITOR] Hilos activos: RegistrySync:activo, CEOListener:activo, ThreadMonitor:activo
[20:35:54] [DEBUG] [MONITOR] Hilos activos: RegistrySync:activo, CEOListener:activo, ThreadMonitor:activo
[20:36:05] [DEBUG] [MONITOR] Hilos activos: RegistrySync:activo, CEOListener:activo, ThreadMonitor:activo
[20:36:09] [DEBUG] [HILO] Registry sync ejecutado
[20:36:09] [DEBUG] [MONITOR] Hilos activos: RegistrySync:activo, CEOListener:activo, ThreadMonitor:activo
[20:36:18] [DEBUG] [HILO] Registry sync ejecutado
[20:36:20] [DEBUG] [MONITOR] Hilos activos: RegistrySync:activo, CEOListener:activo, ThreadMonitor:activo
[20:36:24] [DEBUG] [MONITOR] Hilos activos: RegistrySync:activo, CEOListener:activo, ThreadMonitor:activo
[20:36:35] [DEBUG] [MONITOR] Hilos activos: RegistrySync:activo, CEOListener:activo, ThreadMonitor:activo
[20:36:39] [DEBUG] [HILO] Registry sync ejecutado
[20:36:39] [DEBUG] [MONITOR] Hilos activos: RegistrySync:activo, CEOListener:activo, ThreadMonitor:activo
[20:36:48] [DEBUG] [HILO] Registry sync ejecutado
[20:36:50] [DEBUG] [MONITOR] Hilos activos: RegistrySync:activo, CEOListener:activo, ThreadMonitor:activo
[20:36:54] [DEBUG] [MONITOR] Hilos activos: RegistrySync:activo, CEOListener:activo, ThreadMonitor:activo
[20:37:05] [DEBUG] [MONITOR] Hilos activos: RegistrySync:activo, CEOListener:activo, ThreadMonitor:activo
[20:37:09] [DEBUG] [HILO] Registry sync ejecutado
[20:37:09] [DEBUG] [MONITOR] Hilos activos: RegistrySync:activo, CEOListener:activo, ThreadMonitor:activo
[20:37:18] [DEBUG] [HILO] Registry sync ejecutado
[20:37:20] [DEBUG] [MONITOR] Hilos activos: RegistrySync:activo, CEOListener:activo, ThreadMonitor:activo
[20:37:24] [DEBUG] [MONITOR] Hilos activos: RegistrySync:activo, CEOListener:activo, ThreadMonitor:activo
[20:37:35] [DEBUG] [MONITOR] Hilos activos: RegistrySync:activo, CEOListener:activo, ThreadMonitor:activo
[20:37:39] [DEBUG] [HILO] Registry sync ejecutado
[20:37:39] [DEBUG] [MONITOR] Hilos activos: RegistrySync:activo, CEOListener:activo, ThreadMonitor:activo
[20:37:48] [DEBUG] [HILO] Registry sync ejecutado
[20:37:50] [DEBUG] [MONITOR] Hilos activos: RegistrySync:activo, CEOListener:activo, ThreadMonitor:activo
[20:37:54] [DEBUG] [MONITOR] Hilos activos: RegistrySync:activo, CEOListener:activo, ThreadMonitor:activo
[20:38:05] [DEBUG] [MONITOR] Hilos activos: RegistrySync:activo, CEOListener:activo, ThreadMonitor:activo
[20:38:09] [DEBUG] [HILO] Registry sync ejecutado
[20:38:09] [DEBUG] [MONITOR] Hilos activos: RegistrySync:activo, CEOListener:activo, ThreadMonitor:activo
[20:38:18] [DEBUG] [HILO] Registry sync ejecutado
[20:38:20] [DEBUG] [MONITOR] Hilos activos: RegistrySync:activo, CEOListener:activo, ThreadMonitor:activo
[20:38:24] [DEBUG] [MONITOR] Hilos activos: RegistrySync:activo, CEOListener:activo, ThreadMonitor:activo
[20:38:35] [DEBUG] [MONITOR] Hilos activos: RegistrySync:activo, CEOListener:activo, ThreadMonitor:activo
[20:38:39] [DEBUG] [HILO] Registry sync ejecutado
[20:38:39] [DEBUG] [MONITOR] Hilos activos: RegistrySync:activo, CEOListener:activo, ThreadMonitor:activo
[20:38:48] [DEBUG] [HILO] Registry sync ejecutado
[20:38:50] [DEBUG] [MONITOR] Hilos activos: RegistrySync:activo, CEOListener:activo, ThreadMonitor:activo
[20:38:54] [DEBUG] [MONITOR] Hilos activos: RegistrySync:activo, CEOListener:activo, ThreadMonitor:activo
[20:38:56] [INFO] [INFO] Cierre limpio solicitado
[20:38:56] [INFO] [INFO] Cerrando UberDemandPredictor...
[20:38:56] [DEBUG] [HILO] Esperando terminacion de: RegistrySync
[20:38:59] [DEBUG] [HILO] Esperando terminacion de: CEOListener
[20:39:05] [DEBUG] [MONITOR] Hilos activos: RegistrySync:activo, CEOListener:activo, ThreadMonitor:activo
[20:39:18] [DEBUG] [HILO] Registry sync ejecutado
[20:39:20] [DEBUG] [MONITOR] Hilos activos: RegistrySync:activo, CEOListener:activo, ThreadMonitor:activo
[20:39:35] [DEBUG] [MONITOR] Hilos activos: RegistrySync:activo, CEOListener:activo, ThreadMonitor:activo
[20:39:48] [DEBUG] [HILO] Registry sync ejecutado
[20:39:50] [DEBUG] [MONITOR] Hilos activos: RegistrySync:activo, CEOListener:activo, ThreadMonitor:activo
[20:40:05] [DEBUG] [MONITOR] Hilos activos: RegistrySync:activo, CEOListener:activo, ThreadMonitor:activo
[20:40:18] [DEBUG] [HILO] Registry sync ejecutado
[20:40:20] [DEBUG] [MONITOR] Hilos activos: RegistrySync:activo, CEOListener:activo, ThreadMonitor:activo
[20:40:35] [DEBUG] [MONITOR] Hilos activos: RegistrySync:activo, CEOListener:activo, ThreadMonitor:activo
[20:40:48] [DEBUG] [HILO] Registry sync ejecutado
[20:40:50] [DEBUG] [MONITOR] Hilos activos: RegistrySync:activo, CEOListener:activo, ThreadMonitor:activo
[20:41:05] [DEBUG] [MONITOR] Hilos activos: RegistrySync:activo, CEOListener:activo, ThreadMonitor:activo
[20:41:18] [DEBUG] [HILO] Registry sync ejecutado
[20:41:20] [DEBUG] [MONITOR] Hilos activos: RegistrySync:activo, CEOListener:activo, ThreadMonitor:activo
[20:41:35] [DEBUG] [MONITOR] Hilos activos: RegistrySync:activo, CEOListener:activo, ThreadMonitor:activo
[20:41:48] [DEBUG] [HILO] Registry sync ejecutado
[20:41:50] [DEBUG] [MONITOR] Hilos activos: RegistrySync:activo, CEOListener:activo, ThreadMonitor:activo
[20:42:05] [DEBUG] [MONITOR] Hilos activos: RegistrySync:activo, CEOListener:activo, ThreadMonitor:activo
[20:42:18] [DEBUG] [HILO] Registry sync ejecutado
[20:42:20] [DEBUG] [MONITOR] Hilos activos: RegistrySync:activo, CEOListener:activo, ThreadMonitor:activo
[20:42:35] [DEBUG] [MONITOR] Hilos activos: RegistrySync:activo, CEOListener:activo, ThreadMonitor:activo
[20:42:48] [DEBUG] [HILO] Registry sync ejecutado
[20:42:50] [DEBUG] [MONITOR] Hilos activos: RegistrySync:activo, CEOListener:activo, ThreadMonitor:activo
[20:43:05] [DEBUG] [MONITOR] Hilos activos: RegistrySync:activo, CEOListener:activo, ThreadMonitor:activo
[20:43:18] [DEBUG] [HILO] Registry sync ejecutado
[20:43:20] [DEBUG] [MONITOR] Hilos activos: RegistrySync:activo, CEOListener:activo, ThreadMonitor:activo
[20:43:35] [DEBUG] [MONITOR] Hilos activos: RegistrySync:activo, CEOListener:activo, ThreadMonitor:activo
[20:43:48] [DEBUG] [HILO] Registry sync ejecutado
[20:43:50] [DEBUG] [MONITOR] Hilos activos: RegistrySync:activo, CEOListener:activo, ThreadMonitor:activo
[20:44:05] [DEBUG] [MONITOR] Hilos activos: RegistrySync:activo, CEOListener:activo, ThreadMonitor:activo
[20:44:18] [DEBUG] [HILO] Registry sync ejecutado
[20:44:20] [DEBUG] [MONITOR] Hilos activos: RegistrySync:activo, CEOListener:activo, ThreadMonitor:activo
[20:44:35] [DEBUG] [MONITOR] Hilos activos: RegistrySync:activo, CEOListener:activo, ThreadMonitor:activo
[20:44:48] [DEBUG] [HILO] Registry sync ejecutado
[20:44:50] [DEBUG] [MONITOR] Hilos activos: RegistrySync:activo, CEOListener:activo, ThreadMonitor:activo
[20:45:05] [DEBUG] [MONITOR] Hilos activos: RegistrySync:activo, CEOListener:activo, ThreadMonitor:activo
[20:45:18] [DEBUG] [HILO] Registry sync ejecutado
[20:45:20] [DEBUG] [MONITOR] Hilos activos: RegistrySync:activo, CEOListener:activo, ThreadMonitor:activo
[20:45:35] [DEBUG] [MONITOR] Hilos activos: RegistrySync:activo, CEOListener:activo, ThreadMonitor:activo
[20:45:48] [DEBUG] [HILO] Registry sync ejecutado
[20:45:50] [DEBUG] [MONITOR] Hilos activos: RegistrySync:activo, CEOListener:activo, ThreadMonitor:activo
[20:46:05] [DEBUG] [MONITOR] Hilos activos: RegistrySync:activo, CEOListener:activo, ThreadMonitor:activo
[20:46:18] [DEBUG] [HILO] Registry sync ejecutado
[20:46:20] [DEBUG] [MONITOR] Hilos activos: RegistrySync:activo, CEOListener:activo, ThreadMonitor:activo
[20:46:35] [DEBUG] [MONITOR] Hilos activos: RegistrySync:activo, CEOListener:activo, ThreadMonitor:activo
[20:46:48] [DEBUG] [HILO] Registry sync ejecutado
[20:46:50] [DEBUG] [MONITOR] Hilos activos: RegistrySync:activo, CEOListener:activo, ThreadMonitor:activo
[20:47:05] [DEBUG] [MONITOR] Hilos activos: RegistrySync:activo, CEOListener:activo, ThreadMonitor:activo
[20:47:18] [DEBUG] [HILO] Registry sync ejecutado
[20:47:20] [DEBUG] [MONITOR] Hilos activos: RegistrySync:activo, CEOListener:activo, ThreadMonitor:activo
[20:47:35] [DEBUG] [MONITOR] Hilos activos: RegistrySync:activo, CEOListener:activo, ThreadMonitor:activo
[20:47:48] [DEBUG] [HILO] Registry sync ejecutado
[20:47:50] [DEBUG] [MONITOR] Hilos activos: RegistrySync:activo, CEOListener:activo, ThreadMonitor:activo
[20:48:05] [DEBUG] [MONITOR] Hilos activos: RegistrySync:activo, CEOListener:activo, ThreadMonitor:activo
[20:48:18] [DEBUG] [HILO] Registry sync ejecutado
[20:48:20] [DEBUG] [MONITOR] Hilos activos: RegistrySync:activo, CEOListener:activo, ThreadMonitor:activo
[20:48:35] [DEBUG] [MONITOR] Hilos activos: RegistrySync:activo, CEOListener:activo, ThreadMonitor:activo
[20:48:37] [DEBUG] [INFO] parte5_daimon_base no disponible
[20:48:37] [WARN] [WARN] Error cargando datos: Can't get attribute 'DemandSample' on <module '__main__' from '/data/data/com.termux/files/home/lucifer_prometeo/00_start_all.py'>
[20:48:37] [WARN] [WARN] Error cargando modelo: Can't get attribute 'EnsembleDemandPredictor' on <module '__main__' from '/data/data/com.termux/files/home/lucifer_prometeo/00_start_all.py'>
[20:48:37] [DEBUG] [HILO] Registry sync ejecutado
[20:48:37] [INFO] [HILO] Conectado: RegistrySync
[20:48:37] [INFO] [HILO] Conectado: CEOListener
[20:48:37] [DEBUG] [MONITOR] Hilos activos: RegistrySync:activo, CEOListener:activo
[20:48:37] [INFO] [HILO] Conectado: ThreadMonitor
[20:48:37] [INFO] [HILO] Monitor de threads iniciado
[20:48:37] [INFO] [HILO] Todos los hilos de fondo conectados
[20:48:38] [INFO] [INFO] Entrenando ensemble con 500 muestras...
[20:48:38] [INFO] [OK] Ensemble entrenado exitosamente (0 modelos)
[20:48:38] [INFO] [OK] Predictor inicializado y entrenado con 500 muestras
[20:48:48] [DEBUG] [HILO] Registry sync ejecutado
[20:48:50] [DEBUG] [MONITOR] Hilos activos: RegistrySync:activo, CEOListener:activo, ThreadMonitor:activo
[20:48:51] [DEBUG] [INFO] parte5_daimon_base no disponible
[20:48:52] [DEBUG] [MONITOR] Hilos activos: RegistrySync:activo, CEOListener:activo, ThreadMonitor:activo
[20:49:05] [DEBUG] [MONITOR] Hilos activos: RegistrySync:activo, CEOListener:activo, ThreadMonitor:activo
[20:49:07] [DEBUG] [HILO] Registry sync ejecutado
[20:49:07] [DEBUG] [MONITOR] Hilos activos: RegistrySync:activo, CEOListener:activo, ThreadMonitor:activo
[20:49:08] [WARN] Activando fallback sandbox: faltan UBER_CLIENT_ID, UBER_CLIENT_SECRET, UBER_ACCESS_TOKEN o UBER_SERVER_TOKEN
[20:49:08] [CONFIG] UberConfig: modo=SANDBOX_FALLBACK, fallback=True
[20:49:08] [ERROR] Orquestador no inicializado. Llame init_negotiation_system() primero.
[20:49:18] [DEBUG] [HILO] Registry sync ejecutado
[20:49:20] [DEBUG] [MONITOR] Hilos activos: RegistrySync:activo, CEOListener:activo, ThreadMonitor:activo
[20:49:22] [DEBUG] [MONITOR] Hilos activos: RegistrySync:activo, CEOListener:activo, ThreadMonitor:activo
[20:49:35] [DEBUG] [MONITOR] Hilos activos: RegistrySync:activo, CEOListener:activo, ThreadMonitor:activo
[20:49:37] [DEBUG] [HILO] Registry sync ejecutado
[20:49:37] [DEBUG] [MONITOR] Hilos activos: RegistrySync:activo, CEOListener:activo, ThreadMonitor:activo
[20:49:48] [DEBUG] [HILO] Registry sync ejecutado
[20:49:50] [DEBUG] [MONITOR] Hilos activos: RegistrySync:activo, CEOListener:activo, ThreadMonitor:activo
[20:49:52] [DEBUG] [MONITOR] Hilos activos: RegistrySync:activo, CEOListener:activo, ThreadMonitor:activo
[20:50:05] [DEBUG] [MONITOR] Hilos activos: RegistrySync:activo, CEOListener:activo, ThreadMonitor:activo
[20:50:07] [DEBUG] [HILO] Registry sync ejecutado
[20:50:07] [DEBUG] [MONITOR] Hilos activos: RegistrySync:activo, CEOListener:activo, ThreadMonitor:activo
[20:50:08] [ERROR] Orquestador no inicializado. Llame init_negotiation_system() primero.
[20:50:18] [DEBUG] [HILO] Registry sync ejecutado
[20:50:20] [DEBUG] [MONITOR] Hilos activos: RegistrySync:activo, CEOListener:activo, ThreadMonitor:activo
[20:50:22] [DEBUG] [MONITOR] Hilos activos: RegistrySync:activo, CEOListener:activo, ThreadMonitor:activo
[20:50:35] [DEBUG] [MONITOR] Hilos activos: RegistrySync:activo, CEOListener:activo, ThreadMonitor:activo
[20:50:37] [DEBUG] [HILO] Registry sync ejecutado
[20:50:37] [DEBUG] [MONITOR] Hilos activos: RegistrySync:activo, CEOListener:activo, ThreadMonitor:activo
[20:50:48] [DEBUG] [HILO] Registry sync ejecutado
[20:50:50] [DEBUG] [MONITOR] Hilos activos: RegistrySync:activo, CEOListener:activo, ThreadMonitor:activo
[20:50:52] [DEBUG] [MONITOR] Hilos activos: RegistrySync:activo, CEOListener:activo, ThreadMonitor:activo
[20:51:05] [DEBUG] [MONITOR] Hilos activos: RegistrySync:activo, CEOListener:activo, ThreadMonitor:activo
[20:51:07] [DEBUG] [HILO] Registry sync ejecutado
[20:51:07] [DEBUG] [MONITOR] Hilos activos: RegistrySync:activo, CEOListener:activo, ThreadMonitor:activo
[20:51:08] [ERROR] Orquestador no inicializado. Llame init_negotiation_system() primero.
[20:51:18] [DEBUG] [HILO] Registry sync ejecutado
[20:51:20] [DEBUG] [MONITOR] Hilos activos: RegistrySync:activo, CEOListener:activo, ThreadMonitor:activo
[20:51:22] [DEBUG] [MONITOR] Hilos activos: RegistrySync:activo, CEOListener:activo, ThreadMonitor:activo
[20:51:35] [DEBUG] [MONITOR] Hilos activos: RegistrySync:activo, CEOListener:activo, ThreadMonitor:activo
[20:51:37] [DEBUG] [HILO] Registry sync ejecutado
[20:51:37] [DEBUG] [MONITOR] Hilos activos: RegistrySync:activo, CEOListener:activo, ThreadMonitor:activo
[20:51:48] [DEBUG] [HILO] Registry sync ejecutado
[20:51:50] [DEBUG] [MONITOR] Hilos activos: RegistrySync:activo, CEOListener:activo, ThreadMonitor:activo
[20:51:52] [DEBUG] [MONITOR] Hilos activos: RegistrySync:activo, CEOListener:activo, ThreadMonitor:activo
[20:52:05] [DEBUG] [MONITOR] Hilos activos: RegistrySync:activo, CEOListener:activo, ThreadMonitor:activo
[20:52:07] [DEBUG] [HILO] Registry sync ejecutado
[20:52:07] [DEBUG] [MONITOR] Hilos activos: RegistrySync:activo, CEOListener:activo, ThreadMonitor:activo
[20:52:08] [ERROR] Orquestador no inicializado. Llame init_negotiation_system() primero.
[20:52:18] [DEBUG] [HILO] Registry sync ejecutado
[20:52:20] [DEBUG] [MONITOR] Hilos activos: RegistrySync:activo, CEOListener:activo, ThreadMonitor:activo
[20:52:22] [DEBUG] [MONITOR] Hilos activos: RegistrySync:activo, CEOListener:activo, ThreadMonitor:activo
[20:52:35] [DEBUG] [MONITOR] Hilos activos: RegistrySync:activo, CEOListener:activo, ThreadMonitor:activo
[20:52:37] [DEBUG] [HILO] Registry sync ejecutado
[20:52:37] [DEBUG] [MONITOR] Hilos activos: RegistrySync:activo, CEOListener:activo, ThreadMonitor:activo
[20:52:48] [DEBUG] [HILO] Registry sync ejecutado
[20:52:50] [DEBUG] [MONITOR] Hilos activos: RegistrySync:activo, CEOListener:activo, ThreadMonitor:activo
[20:52:52] [DEBUG] [MONITOR] Hilos activos: RegistrySync:activo, CEOListener:activo, ThreadMonitor:activo
[20:53:05] [DEBUG] [MONITOR] Hilos activos: RegistrySync:activo, CEOListener:activo, ThreadMonitor:activo
[20:53:07] [DEBUG] [HILO] Registry sync ejecutado
[20:53:07] [DEBUG] [MONITOR] Hilos activos: RegistrySync:activo, CEOListener:activo, ThreadMonitor:activo
[20:53:08] [ERROR] Orquestador no inicializado. Llame init_negotiation_system() primero.
[20:53:18] [DEBUG] [HILO] Registry sync ejecutado
[20:53:20] [DEBUG] [MONITOR] Hilos activos: RegistrySync:activo, CEOListener:activo, ThreadMonitor:activo
[20:53:22] [DEBUG] [MONITOR] Hilos activos: RegistrySync:activo, CEOListener:activo, ThreadMonitor:activo
[20:53:35] [DEBUG] [MONITOR] Hilos activos: RegistrySync:activo, CEOListener:activo, ThreadMonitor:activo
[20:53:37] [DEBUG] [HILO] Registry sync ejecutado
[20:53:37] [DEBUG] [MONITOR] Hilos activos: RegistrySync:activo, CEOListener:activo, ThreadMonitor:activo
[20:53:48] [DEBUG] [HILO] Registry sync ejecutado
[20:53:50] [DEBUG] [MONITOR] Hilos activos: RegistrySync:activo, CEOListener:activo, ThreadMonitor:activo
[20:53:52] [DEBUG] [MONITOR] Hilos activos: RegistrySync:activo, CEOListener:activo, ThreadMonitor:activo
[20:54:05] [DEBUG] [MONITOR] Hilos activos: RegistrySync:activo, CEOListener:activo, ThreadMonitor:activo
[20:54:07] [DEBUG] [HILO] Registry sync ejecutado
[20:54:07] [DEBUG] [MONITOR] Hilos activos: RegistrySync:activo, CEOListener:activo, ThreadMonitor:activo
[20:54:08] [ERROR] Orquestador no inicializado. Llame init_negotiation_system() primero.
[20:54:18] [DEBUG] [HILO] Registry sync ejecutado
[20:54:20] [DEBUG] [MONITOR] Hilos activos: RegistrySync:activo, CEOListener:activo, ThreadMonitor:activo
[20:54:22] [DEBUG] [MONITOR] Hilos activos: RegistrySync:activo, CEOListener:activo, ThreadMonitor:activo
[20:54:35] [DEBUG] [MONITOR] Hilos activos: RegistrySync:activo, CEOListener:activo, ThreadMonitor:activo
[20:54:37] [DEBUG] [HILO] Registry sync ejecutado
[20:54:37] [DEBUG] [MONITOR] Hilos activos: RegistrySync:activo, CEOListener:activo, ThreadMonitor:activo
[20:54:48] [DEBUG] [HILO] Registry sync ejecutado
[20:54:50] [DEBUG] [MONITOR] Hilos activos: RegistrySync:activo, CEOListener:activo, ThreadMonitor:activo
[20:54:52] [DEBUG] [MONITOR] Hilos activos: RegistrySync:activo, CEOListener:activo, ThreadMonitor:activo
[20:55:05] [DEBUG] [MONITOR] Hilos activos: RegistrySync:activo, CEOListener:activo, ThreadMonitor:activo
[20:55:07] [DEBUG] [HILO] Registry sync ejecutado
[20:55:07] [DEBUG] [MONITOR] Hilos activos: RegistrySync:activo, CEOListener:activo, ThreadMonitor:activo
[20:55:08] [ERROR] Orquestador no inicializado. Llame init_negotiation_system() primero.
[20:55:18] [DEBUG] [HILO] Registry sync ejecutado
[20:55:20] [DEBUG] [MONITOR] Hilos activos: RegistrySync:activo, CEOListener:activo, ThreadMonitor:activo
[20:55:22] [DEBUG] [MONITOR] Hilos activos: RegistrySync:activo, CEOListener:activo, ThreadMonitor:activo
[20:55:35] [DEBUG] [MONITOR] Hilos activos: RegistrySync:activo, CEOListener:activo, ThreadMonitor:activo
[20:55:37] [DEBUG] [HILO] Registry sync ejecutado
[20:55:37] [DEBUG] [MONITOR] Hilos activos: RegistrySync:activo, CEOListener:activo, ThreadMonitor:activo
[20:55:48] [DEBUG] [HILO] Registry sync ejecutado
[20:55:50] [DEBUG] [MONITOR] Hilos activos: RegistrySync:activo, CEOListener:activo, ThreadMonitor:activo
[20:55:52] [DEBUG] [MONITOR] Hilos activos: RegistrySync:activo, CEOListener:activo, ThreadMonitor:activo
[20:56:05] [DEBUG] [MONITOR] Hilos activos: RegistrySync:activo, CEOListener:activo, ThreadMonitor:activo
[20:56:07] [DEBUG] [HILO] Registry sync ejecutado
[20:56:07] [DEBUG] [MONITOR] Hilos activos: RegistrySync:activo, CEOListener:activo, ThreadMonitor:activo
[20:56:08] [ERROR] Orquestador no inicializado. Llame init_negotiation_system() primero.
[20:56:18] [DEBUG] [HILO] Registry sync ejecutado
[20:56:20] [DEBUG] [MONITOR] Hilos activos: RegistrySync:activo, CEOListener:activo, ThreadMonitor:activo
[20:56:22] [DEBUG] [MONITOR] Hilos activos: RegistrySync:activo, CEOListener:activo, ThreadMonitor:activo
[20:56:35] [DEBUG] [MONITOR] Hilos activos: RegistrySync:activo, CEOListener:activo, ThreadMonitor:activo
[20:56:37] [DEBUG] [HILO] Registry sync ejecutado
[20:56:37] [DEBUG] [MONITOR] Hilos activos: RegistrySync:activo, CEOListener:activo, ThreadMonitor:activo
[20:56:48] [DEBUG] [HILO] Registry sync ejecutado
[20:56:50] [DEBUG] [MONITOR] Hilos activos: RegistrySync:activo, CEOListener:activo, ThreadMonitor:activo
[20:56:52] [DEBUG] [MONITOR] Hilos activos: RegistrySync:activo, CEOListener:activo, ThreadMonitor:activo
[20:57:05] [DEBUG] [MONITOR] Hilos activos: RegistrySync:activo, CEOListener:activo, ThreadMonitor:activo
[20:57:07] [DEBUG] [HILO] Registry sync ejecutado
[20:57:07] [DEBUG] [MONITOR] Hilos activos: RegistrySync:activo, CEOListener:activo, ThreadMonitor:activo
[20:57:09] [ERROR] Orquestador no inicializado. Llame init_negotiation_system() primero.
[20:57:18] [DEBUG] [HILO] Registry sync ejecutado
[20:57:20] [DEBUG] [MONITOR] Hilos activos: RegistrySync:activo, CEOListener:activo, ThreadMonitor:activo
[20:57:22] [DEBUG] [MONITOR] Hilos activos: RegistrySync:activo, CEOListener:activo, ThreadMonitor:activo
[20:57:35] [DEBUG] [MONITOR] Hilos activos: RegistrySync:activo, CEOListener:activo, ThreadMonitor:activo
[20:57:48] [DEBUG] [HILO] Registry sync ejecutado
[20:57:50] [DEBUG] [MONITOR] Hilos activos: RegistrySync:activo, CEOListener:activo, ThreadMonitor:activo
[20:58:05] [DEBUG] [MONITOR] Hilos activos: RegistrySync:activo, CEOListener:activo, ThreadMonitor:activo
[20:58:18] [DEBUG] [HILO] Registry sync ejecutado
[20:58:20] [DEBUG] [MONITOR] Hilos activos: RegistrySync:activo, CEOListener:activo, ThreadMonitor:activo
[20:58:25] [DEBUG] [INFO] parte5_daimon_base no disponible
[20:58:25] [WARN] [WARN] Error cargando datos: Can't get attribute 'DemandSample' on <module '__main__' from '/data/data/com.termux/files/home/lucifer_prometeo/00_start_all.py'>
[20:58:25] [WARN] [WARN] Error cargando modelo: Can't get attribute 'EnsembleDemandPredictor' on <module '__main__' from '/data/data/com.termux/files/home/lucifer_prometeo/00_start_all.py'>
[20:58:25] [INFO] [HILO] Conectado: RegistrySync
[20:58:25] [DEBUG] [HILO] Registry sync ejecutado
[20:58:25] [INFO] [HILO] Conectado: CEOListener
[20:58:25] [DEBUG] [MONITOR] Hilos activos: RegistrySync:activo, CEOListener:activo
[20:58:25] [INFO] [HILO] Conectado: ThreadMonitor
[20:58:25] [INFO] [HILO] Monitor de threads iniciado
[20:58:25] [INFO] [HILO] Todos los hilos de fondo conectados
[20:58:25] [INFO] [INFO] Entrenando ensemble con 500 muestras...
[20:58:25] [INFO] [OK] Ensemble entrenado exitosamente (0 modelos)
[20:58:25] [INFO] [OK] Predictor inicializado y entrenado con 500 muestras
[20:58:35] [DEBUG] [MONITOR] Hilos activos: RegistrySync:activo, CEOListener:activo, ThreadMonitor:activo
[20:58:38] [DEBUG] [INFO] parte5_daimon_base no disponible
[20:58:40] [DEBUG] [MONITOR] Hilos activos: RegistrySync:activo, CEOListener:activo, ThreadMonitor:activo
[20:58:48] [DEBUG] [HILO] Registry sync ejecutado
[20:58:50] [DEBUG] [MONITOR] Hilos activos: RegistrySync:activo, CEOListener:activo, ThreadMonitor:activo
[20:58:54] [WARN] Activando fallback sandbox: faltan UBER_CLIENT_ID, UBER_CLIENT_SECRET, UBER_ACCESS_TOKEN o UBER_SERVER_TOKEN
[20:58:54] [CONFIG] UberConfig: modo=SANDBOX_FALLBACK, fallback=True
[20:58:54] [ERROR] Orquestador no inicializado. Llame init_negotiation_system() primero.
[20:58:55] [DEBUG] [HILO] Registry sync ejecutado
[20:58:55] [DEBUG] [MONITOR] Hilos activos: RegistrySync:activo, CEOListener:activo, ThreadMonitor:activo
[20:59:05] [DEBUG] [MONITOR] Hilos activos: RegistrySync:activo, CEOListener:activo, ThreadMonitor:activo
[20:59:10] [DEBUG] [MONITOR] Hilos activos: RegistrySync:activo, CEOListener:activo, ThreadMonitor:activo
[20:59:18] [DEBUG] [HILO] Registry sync ejecutado
[20:59:20] [DEBUG] [MONITOR] Hilos activos: RegistrySync:activo, CEOListener:activo, ThreadMonitor:activo
[20:59:25] [DEBUG] [HILO] Registry sync ejecutado
[20:59:25] [DEBUG] [MONITOR] Hilos activos: RegistrySync:activo, CEOListener:activo, ThreadMonitor:activo
[20:59:35] [DEBUG] [MONITOR] Hilos activos: RegistrySync:activo, CEOListener:activo, ThreadMonitor:activo
[20:59:40] [DEBUG] [MONITOR] Hilos activos: RegistrySync:activo, CEOListener:activo, ThreadMonitor:activo
[20:59:48] [DEBUG] [HILO] Registry sync ejecutado
[20:59:50] [DEBUG] [MONITOR] Hilos activos: RegistrySync:activo, CEOListener:activo, ThreadMonitor:activo
[20:59:55] [ERROR] Orquestador no inicializado. Llame init_negotiation_system() primero.
[20:59:55] [DEBUG] [HILO] Registry sync ejecutado
[20:59:55] [DEBUG] [MONITOR] Hilos activos: RegistrySync:activo, CEOListener:activo, ThreadMonitor:activo
[21:00:05] [DEBUG] [MONITOR] Hilos activos: RegistrySync:activo, CEOListener:activo, ThreadMonitor:activo
[21:00:10] [DEBUG] [MONITOR] Hilos activos: RegistrySync:activo, CEOListener:activo, ThreadMonitor:activo
[21:00:18] [DEBUG] [HILO] Registry sync ejecutado
[21:00:20] [DEBUG] [MONITOR] Hilos activos: RegistrySync:activo, CEOListener:activo, ThreadMonitor:activo
[21:00:25] [DEBUG] [HILO] Registry sync ejecutado
[21:00:25] [DEBUG] [MONITOR] Hilos activos: RegistrySync:activo, CEOListener:activo, ThreadMonitor:activo
[21:00:35] [DEBUG] [MONITOR] Hilos activos: RegistrySync:activo, CEOListener:activo, ThreadMonitor:activo
[21:00:40] [DEBUG] [MONITOR] Hilos activos: RegistrySync:activo, CEOListener:activo, ThreadMonitor:activo
[21:00:48] [DEBUG] [HILO] Registry sync ejecutado
[21:00:50] [DEBUG] [MONITOR] Hilos activos: RegistrySync:activo, CEOListener:activo, ThreadMonitor:activo
[21:00:55] [ERROR] Orquestador no inicializado. Llame init_negotiation_system() primero.
[21:00:55] [DEBUG] [HILO] Registry sync ejecutado
[21:00:55] [DEBUG] [MONITOR] Hilos activos: RegistrySync:activo, CEOListener:activo, ThreadMonitor:activo
[21:01:05] [DEBUG] [MONITOR] Hilos activos: RegistrySync:activo, CEOListener:activo, ThreadMonitor:activo
[21:01:10] [DEBUG] [MONITOR] Hilos activos: RegistrySync:activo, CEOListener:activo, ThreadMonitor:activo
[21:01:18] [DEBUG] [HILO] Registry sync ejecutado
[21:01:20] [DEBUG] [MONITOR] Hilos activos: RegistrySync:activo, CEOListener:activo, ThreadMonitor:activo
[21:01:25] [DEBUG] [HILO] Registry sync ejecutado
[21:01:25] [DEBUG] [MONITOR] Hilos activos: RegistrySync:activo, CEOListener:activo, ThreadMonitor:activo
[21:01:35] [DEBUG] [MONITOR] Hilos activos: RegistrySync:activo, CEOListener:activo, ThreadMonitor:activo
[21:01:40] [DEBUG] [MONITOR] Hilos activos: RegistrySync:activo, CEOListener:activo, ThreadMonitor:activo
[21:01:48] [DEBUG] [HILO] Registry sync ejecutado
[21:01:50] [DEBUG] [MONITOR] Hilos activos: RegistrySync:activo, CEOListener:activo, ThreadMonitor:activo
[21:01:55] [ERROR] Orquestador no inicializado. Llame init_negotiation_system() primero.
[21:01:55] [DEBUG] [HILO] Registry sync ejecutado
[21:01:55] [DEBUG] [MONITOR] Hilos activos: RegistrySync:activo, CEOListener:activo, ThreadMonitor:activo
[21:02:05] [DEBUG] [MONITOR] Hilos activos: RegistrySync:activo, CEOListener:activo, ThreadMonitor:activo
[21:02:10] [DEBUG] [MONITOR] Hilos activos: RegistrySync:activo, CEOListener:activo, ThreadMonitor:activo
[21:02:18] [DEBUG] [HILO] Registry sync ejecutado
[21:02:20] [DEBUG] [MONITOR] Hilos activos: RegistrySync:activo, CEOListener:activo, ThreadMonitor:activo
[21:02:25] [DEBUG] [HILO] Registry sync ejecutado
[21:02:25] [DEBUG] [MONITOR] Hilos activos: RegistrySync:activo, CEOListener:activo, ThreadMonitor:activo
[21:02:35] [DEBUG] [MONITOR] Hilos activos: RegistrySync:activo, CEOListener:activo, ThreadMonitor:activo
[21:02:40] [DEBUG] [MONITOR] Hilos activos: RegistrySync:activo, CEOListener:activo, ThreadMonitor:activo
[21:02:48] [DEBUG] [HILO] Registry sync ejecutado
[21:02:50] [DEBUG] [MONITOR] Hilos activos: RegistrySync:activo, CEOListener:activo, ThreadMonitor:activo
[21:02:55] [DEBUG] [HILO] Registry sync ejecutado
[21:02:55] [DEBUG] [MONITOR] Hilos activos: RegistrySync:activo, CEOListener:activo, ThreadMonitor:activo
[21:02:55] [ERROR] Orquestador no inicializado. Llame init_negotiation_system() primero.
[21:03:05] [DEBUG] [MONITOR] Hilos activos: RegistrySync:activo, CEOListener:activo, ThreadMonitor:activo
[21:03:10] [DEBUG] [MONITOR] Hilos activos: RegistrySync:activo, CEOListener:activo, ThreadMonitor:activo
[21:03:18] [DEBUG] [HILO] Registry sync ejecutado
[21:03:20] [DEBUG] [MONITOR] Hilos activos: RegistrySync:activo, CEOListener:activo, ThreadMonitor:activo
[21:03:25] [DEBUG] [HILO] Registry sync ejecutado
[21:03:25] [DEBUG] [MONITOR] Hilos activos: RegistrySync:activo, CEOListener:activo, ThreadMonitor:activo
[21:03:35] [DEBUG] [MONITOR] Hilos activos: RegistrySync:activo, CEOListener:activo, ThreadMonitor:activo
[21:03:40] [DEBUG] [MONITOR] Hilos activos: RegistrySync:activo, CEOListener:activo, ThreadMonitor:activo
[21:03:48] [DEBUG] [HILO] Registry sync ejecutado
[21:03:50] [DEBUG] [MONITOR] Hilos activos: RegistrySync:activo, CEOListener:activo, ThreadMonitor:activo
[21:03:55] [DEBUG] [HILO] Registry sync ejecutado
[21:03:55] [DEBUG] [MONITOR] Hilos activos: RegistrySync:activo, CEOListener:activo, ThreadMonitor:activo
[21:03:55] [ERROR] Orquestador no inicializado. Llame init_negotiation_system() primero.
[21:04:05] [DEBUG] [MONITOR] Hilos activos: RegistrySync:activo, CEOListener:activo, ThreadMonitor:activo
[21:04:10] [DEBUG] [MONITOR] Hilos activos: RegistrySync:activo, CEOListener:activo, ThreadMonitor:activo
[21:04:18] [DEBUG] [HILO] Registry sync ejecutado
[21:04:20] [DEBUG] [MONITOR] Hilos activos: RegistrySync:activo, CEOListener:activo, ThreadMonitor:activo
[21:04:25] [DEBUG] [HILO] Registry sync ejecutado
[21:04:25] [DEBUG] [MONITOR] Hilos activos: RegistrySync:activo, CEOListener:activo, ThreadMonitor:activo
[21:04:35] [DEBUG] [MONITOR] Hilos activos: RegistrySync:activo, CEOListener:activo, ThreadMonitor:activo
[21:04:40] [DEBUG] [MONITOR] Hilos activos: RegistrySync:activo, CEOListener:activo, ThreadMonitor:activo
[21:04:48] [DEBUG] [HILO] Registry sync ejecutado
[21:04:50] [DEBUG] [MONITOR] Hilos activos: RegistrySync:activo, CEOListener:activo, ThreadMonitor:activo
[21:04:55] [DEBUG] [HILO] Registry sync ejecutado
[21:04:55] [DEBUG] [MONITOR] Hilos activos: RegistrySync:activo, CEOListener:activo, ThreadMonitor:activo
[21:04:55] [ERROR] Orquestador no inicializado. Llame init_negotiation_system() primero.
[21:05:05] [DEBUG] [MONITOR] Hilos activos: RegistrySync:activo, CEOListener:activo, ThreadMonitor:activo
[21:05:10] [DEBUG] [MONITOR] Hilos activos: RegistrySync:activo, CEOListener:activo, ThreadMonitor:activo
[21:05:18] [DEBUG] [HILO] Registry sync ejecutado
[21:05:20] [DEBUG] [MONITOR] Hilos activos: RegistrySync:activo, CEOListener:activo, ThreadMonitor:activo
[21:05:25] [DEBUG] [HILO] Registry sync ejecutado
[21:05:25] [DEBUG] [MONITOR] Hilos activos: RegistrySync:activo, CEOListener:activo, ThreadMonitor:activo
[21:05:35] [DEBUG] [MONITOR] Hilos activos: RegistrySync:activo, CEOListener:activo, ThreadMonitor:activo
[21:05:40] [DEBUG] [MONITOR] Hilos activos: RegistrySync:activo, CEOListener:activo, ThreadMonitor:activo
[21:05:48] [DEBUG] [HILO] Registry sync ejecutado
[21:05:50] [DEBUG] [MONITOR] Hilos activos: RegistrySync:activo, CEOListener:activo, ThreadMonitor:activo
[21:05:55] [DEBUG] [HILO] Registry sync ejecutado
[21:05:55] [DEBUG] [MONITOR] Hilos activos: RegistrySync:activo, CEOListener:activo, ThreadMonitor:activo
[21:05:55] [ERROR] Orquestador no inicializado. Llame init_negotiation_system() primero.
[21:06:05] [DEBUG] [MONITOR] Hilos activos: RegistrySync:activo, CEOListener:activo, ThreadMonitor:activo
[21:06:10] [DEBUG] [MONITOR] Hilos activos: RegistrySync:activo, CEOListener:activo, ThreadMonitor:activo
[21:06:18] [DEBUG] [HILO] Registry sync ejecutado
[21:06:20] [DEBUG] [MONITOR] Hilos activos: RegistrySync:activo, CEOListener:activo, ThreadMonitor:activo
[21:06:25] [DEBUG] [HILO] Registry sync ejecutado
[21:06:25] [DEBUG] [MONITOR] Hilos activos: RegistrySync:activo, CEOListener:activo, ThreadMonitor:activo
[21:06:35] [DEBUG] [MONITOR] Hilos activos: RegistrySync:activo, CEOListener:activo, ThreadMonitor:activo
[21:06:40] [DEBUG] [MONITOR] Hilos activos: RegistrySync:activo, CEOListener:activo, ThreadMonitor:activo
[21:06:48] [DEBUG] [HILO] Registry sync ejecutado
[21:06:50] [DEBUG] [MONITOR] Hilos activos: RegistrySync:activo, CEOListener:activo, ThreadMonitor:activo
[21:06:55] [DEBUG] [HILO] Registry sync ejecutado
[21:06:55] [DEBUG] [MONITOR] Hilos activos: RegistrySync:activo, CEOListener:activo, ThreadMonitor:activo
[21:06:56] [ERROR] Orquestador no inicializado. Llame init_negotiation_system() primero.
[21:07:05] [DEBUG] [MONITOR] Hilos activos: RegistrySync:activo, CEOListener:activo, ThreadMonitor:activo
[21:07:10] [DEBUG] [MONITOR] Hilos activos: RegistrySync:activo, CEOListener:activo, ThreadMonitor:activo
[21:07:18] [DEBUG] [HILO] Registry sync ejecutado
[21:07:20] [DEBUG] [MONITOR] Hilos activos: RegistrySync:activo, CEOListener:activo, ThreadMonitor:activo
[21:07:35] [DEBUG] [MONITOR] Hilos activos: RegistrySync:activo, CEOListener:activo, ThreadMonitor:activo
[21:07:48] [DEBUG] [HILO] Registry sync ejecutado
[21:07:50] [DEBUG] [MONITOR] Hilos activos: RegistrySync:activo, CEOListener:activo, ThreadMonitor:activo
[21:08:05] [DEBUG] [MONITOR] Hilos activos: RegistrySync:activo, CEOListener:activo, ThreadMonitor:activo
[21:08:18] [DEBUG] [HILO] Registry sync ejecutado
[21:08:20] [DEBUG] [MONITOR] Hilos activos: RegistrySync:activo, CEOListener:activo, ThreadMonitor:activo
[21:08:35] [DEBUG] [MONITOR] Hilos activos: RegistrySync:activo, CEOListener:activo, ThreadMonitor:activo
[21:08:48] [DEBUG] [HILO] Registry sync ejecutado
[21:08:50] [DEBUG] [MONITOR] Hilos activos: RegistrySync:activo, CEOListener:activo, ThreadMonitor:activo
[21:09:05] [DEBUG] [MONITOR] Hilos activos: RegistrySync:activo, CEOListener:activo, ThreadMonitor:activo
[21:09:18] [DEBUG] [HILO] Registry sync ejecutado
[21:09:20] [DEBUG] [MONITOR] Hilos activos: RegistrySync:activo, CEOListener:activo, ThreadMonitor:activo
[21:09:35] [DEBUG] [MONITOR] Hilos activos: RegistrySync:activo, CEOListener:activo, ThreadMonitor:activo
[21:09:48] [DEBUG] [HILO] Registry sync ejecutado
[21:09:50] [DEBUG] [MONITOR] Hilos activos: RegistrySync:activo, CEOListener:activo, ThreadMonitor:activo
[21:10:05] [DEBUG] [MONITOR] Hilos activos: RegistrySync:activo, CEOListener:activo, ThreadMonitor:activo
[21:10:18] [DEBUG] [HILO] Registry sync ejecutado
[21:10:20] [DEBUG] [MONITOR] Hilos activos: RegistrySync:activo, CEOListener:activo, ThreadMonitor:activo
[21:10:35] [DEBUG] [MONITOR] Hilos activos: RegistrySync:activo, CEOListener:activo, ThreadMonitor:activo
[21:10:48] [DEBUG] [HILO] Registry sync ejecutado
[21:10:50] [DEBUG] [MONITOR] Hilos activos: RegistrySync:activo, CEOListener:activo, ThreadMonitor:activo
[21:11:05] [DEBUG] [MONITOR] Hilos activos: RegistrySync:activo, CEOListener:activo, ThreadMonitor:activo
[21:11:18] [DEBUG] [HILO] Registry sync ejecutado
[21:11:20] [DEBUG] [MONITOR] Hilos activos: RegistrySync:activo, CEOListener:activo, ThreadMonitor:activo
[21:11:35] [DEBUG] [MONITOR] Hilos activos: RegistrySync:activo, CEOListener:activo, ThreadMonitor:activo
[21:11:48] [DEBUG] [HILO] Registry sync ejecutado
[21:11:50] [DEBUG] [MONITOR] Hilos activos: RegistrySync:activo, CEOListener:activo, ThreadMonitor:activo
[21:12:05] [DEBUG] [MONITOR] Hilos activos: RegistrySync:activo, CEOListener:activo, ThreadMonitor:activo
[21:12:18] [DEBUG] [HILO] Registry sync ejecutado
[21:12:20] [DEBUG] [MONITOR] Hilos activos: RegistrySync:activo, CEOListener:activo, ThreadMonitor:activo
[21:12:35] [DEBUG] [MONITOR] Hilos activos: RegistrySync:activo, CEOListener:activo, ThreadMonitor:activo
[21:12:48] [DEBUG] [HILO] Registry sync ejecutado
[21:12:50] [DEBUG] [MONITOR] Hilos activos: RegistrySync:activo, CEOListener:activo, ThreadMonitor:activo
[21:13:05] [DEBUG] [MONITOR] Hilos activos: RegistrySync:activo, CEOListener:activo, ThreadMonitor:activo
[21:13:18] [DEBUG] [HILO] Registry sync ejecutado
[21:13:20] [DEBUG] [MONITOR] Hilos activos: RegistrySync:activo, CEOListener:activo, ThreadMonitor:activo
[21:13:35] [DEBUG] [MONITOR] Hilos activos: RegistrySync:activo, CEOListener:activo, ThreadMonitor:activo
[21:13:48] [DEBUG] [HILO] Registry sync ejecutado
[21:13:50] [DEBUG] [MONITOR] Hilos activos: RegistrySync:activo, CEOListener:activo, ThreadMonitor:activo
[21:14:05] [DEBUG] [MONITOR] Hilos activos: RegistrySync:activo, CEOListener:activo, ThreadMonitor:activo
[21:14:07] [DEBUG] [INFO] parte5_daimon_base no disponible
[21:14:07] [WARN] [WARN] Error cargando datos: Can't get attribute 'DemandSample' on <module '__main__' from '/data/data/com.termux/files/home/lucifer_prometeo/00_start_all.py'>
[21:14:07] [WARN] [WARN] Error cargando modelo: Can't get attribute 'EnsembleDemandPredictor' on <module '__main__' from '/data/data/com.termux/files/home/lucifer_prometeo/00_start_all.py'>
[21:14:07] [DEBUG] [HILO] Registry sync ejecutado
[21:14:07] [INFO] [HILO] Conectado: RegistrySync
[21:14:07] [INFO] [HILO] Conectado: CEOListener
[21:14:07] [DEBUG] [MONITOR] Hilos activos: RegistrySync:activo, CEOListener:activo
[21:14:07] [INFO] [HILO] Conectado: ThreadMonitor
[21:14:07] [INFO] [HILO] Monitor de threads iniciado
[21:14:07] [INFO] [HILO] Todos los hilos de fondo conectados
[21:14:07] [INFO] [INFO] Entrenando ensemble con 500 muestras...
[21:14:07] [INFO] [OK] Ensemble entrenado exitosamente (0 modelos)
[21:14:07] [INFO] [OK] Predictor inicializado y entrenado con 500 muestras
[21:14:18] [DEBUG] [HILO] Registry sync ejecutado
[21:14:19] [DEBUG] [INFO] parte5_daimon_base no disponible
[21:14:20] [DEBUG] [MONITOR] Hilos activos: RegistrySync:activo, CEOListener:activo, ThreadMonitor:activo
[21:14:22] [DEBUG] [MONITOR] Hilos activos: RegistrySync:activo, CEOListener:activo, ThreadMonitor:activo
[21:14:35] [WARN] Activando fallback sandbox: faltan UBER_CLIENT_ID, UBER_CLIENT_SECRET, UBER_ACCESS_TOKEN o UBER_SERVER_TOKEN
[21:14:35] [CONFIG] UberConfig: modo=SANDBOX_FALLBACK, fallback=True
[21:14:35] [ERROR] Orquestador no inicializado. Llame init_negotiation_system() primero.
[21:14:35] [DEBUG] [MONITOR] Hilos activos: RegistrySync:activo, CEOListener:activo, ThreadMonitor:activo
[21:14:37] [DEBUG] [HILO] Registry sync ejecutado
[21:14:37] [DEBUG] [MONITOR] Hilos activos: RegistrySync:activo, CEOListener:activo, ThreadMonitor:activo
[21:14:48] [DEBUG] [HILO] Registry sync ejecutado
[21:14:50] [DEBUG] [MONITOR] Hilos activos: RegistrySync:activo, CEOListener:activo, ThreadMonitor:activo
[21:14:52] [DEBUG] [MONITOR] Hilos activos: RegistrySync:activo, CEOListener:activo, ThreadMonitor:activo
[21:15:05] [DEBUG] [MONITOR] Hilos activos: RegistrySync:activo, CEOListener:activo, ThreadMonitor:activo
[21:15:07] [DEBUG] [HILO] Registry sync ejecutado
[21:15:07] [DEBUG] [MONITOR] Hilos activos: RegistrySync:activo, CEOListener:activo, ThreadMonitor:activo
[21:15:18] [DEBUG] [HILO] Registry sync ejecutado
[21:15:20] [DEBUG] [MONITOR] Hilos activos: RegistrySync:activo, CEOListener:activo, ThreadMonitor:activo
[21:15:22] [DEBUG] [MONITOR] Hilos activos: RegistrySync:activo, CEOListener:activo, ThreadMonitor:activo
[21:15:35] [ERROR] Orquestador no inicializado. Llame init_negotiation_system() primero.
[21:15:35] [DEBUG] [MONITOR] Hilos activos: RegistrySync:activo, CEOListener:activo, ThreadMonitor:activo
[21:15:37] [DEBUG] [HILO] Registry sync ejecutado
[21:15:37] [DEBUG] [MONITOR] Hilos activos: RegistrySync:activo, CEOListener:activo, ThreadMonitor:activo
[21:15:48] [DEBUG] [HILO] Registry sync ejecutado
[21:15:50] [DEBUG] [MONITOR] Hilos activos: RegistrySync:activo, CEOListener:activo, ThreadMonitor:activo
[21:15:52] [DEBUG] [MONITOR] Hilos activos: RegistrySync:activo, CEOListener:activo, ThreadMonitor:activo
[21:16:05] [DEBUG] [MONITOR] Hilos activos: RegistrySync:activo, CEOListener:activo, ThreadMonitor:activo
[21:16:07] [DEBUG] [HILO] Registry sync ejecutado
[21:16:07] [DEBUG] [MONITOR] Hilos activos: RegistrySync:activo, CEOListener:activo, ThreadMonitor:activo
[21:16:18] [DEBUG] [HILO] Registry sync ejecutado
[21:16:20] [DEBUG] [MONITOR] Hilos activos: RegistrySync:activo, CEOListener:activo, ThreadMonitor:activo
[21:16:22] [DEBUG] [MONITOR] Hilos activos: RegistrySync:activo, CEOListener:activo, ThreadMonitor:activo
[21:16:35] [ERROR] Orquestador no inicializado. Llame init_negotiation_system() primero.
[21:16:35] [DEBUG] [MONITOR] Hilos activos: RegistrySync:activo, CEOListener:activo, ThreadMonitor:activo
[21:16:37] [DEBUG] [HILO] Registry sync ejecutado
[21:16:37] [DEBUG] [MONITOR] Hilos activos: RegistrySync:activo, CEOListener:activo, ThreadMonitor:activo
[21:16:48] [DEBUG] [HILO] Registry sync ejecutado
[21:16:50] [DEBUG] [MONITOR] Hilos activos: RegistrySync:activo, CEOListener:activo, ThreadMonitor:activo
[21:17:05] [DEBUG] [MONITOR] Hilos activos: RegistrySync:activo, CEOListener:activo, ThreadMonitor:activo
[21:17:18] [DEBUG] [HILO] Registry sync ejecutado
[21:17:20] [DEBUG] [MONITOR] Hilos activos: RegistrySync:activo, CEOListener:activo, ThreadMonitor:activo
[21:17:35] [DEBUG] [MONITOR] Hilos activos: RegistrySync:activo, CEOListener:activo, ThreadMonitor:activo
[21:17:48] [DEBUG] [HILO] Registry sync ejecutado
[21:17:50] [DEBUG] [MONITOR] Hilos activos: RegistrySync:activo, CEOListener:activo, ThreadMonitor:activo
[21:18:05] [DEBUG] [MONITOR] Hilos activos: RegistrySync:activo, CEOListener:activo, ThreadMonitor:activo
[21:18:18] [DEBUG] [HILO] Registry sync ejecutado
[21:18:20] [DEBUG] [MONITOR] Hilos activos: RegistrySync:activo, CEOListener:activo, ThreadMonitor:activo
[21:18:35] [DEBUG] [MONITOR] Hilos activos: RegistrySync:activo, CEOListener:activo, ThreadMonitor:activo
[21:18:48] [DEBUG] [HILO] Registry sync ejecutado
[21:18:50] [DEBUG] [MONITOR] Hilos activos: RegistrySync:activo, CEOListener:activo, ThreadMonitor:activo
[21:19:05] [DEBUG] [MONITOR] Hilos activos: RegistrySync:activo, CEOListener:activo, ThreadMonitor:activo
[21:19:18] [DEBUG] [HILO] Registry sync ejecutado
[21:19:20] [DEBUG] [MONITOR] Hilos activos: RegistrySync:activo, CEOListener:activo, ThreadMonitor:activo
[21:19:35] [DEBUG] [MONITOR] Hilos activos: RegistrySync:activo, CEOListener:activo, ThreadMonitor:activo
[21:19:48] [DEBUG] [HILO] Registry sync ejecutado
[21:19:50] [DEBUG] [MONITOR] Hilos activos: RegistrySync:activo, CEOListener:activo, ThreadMonitor:activo
[21:20:05] [DEBUG] [MONITOR] Hilos activos: RegistrySync:activo, CEOListener:activo, ThreadMonitor:activo
[21:20:18] [DEBUG] [HILO] Registry sync ejecutado
[21:20:20] [DEBUG] [MONITOR] Hilos activos: RegistrySync:activo, CEOListener:activo, ThreadMonitor:activo
[21:20:35] [DEBUG] [MONITOR] Hilos activos: RegistrySync:activo, CEOListener:activo, ThreadMonitor:activo
[21:20:48] [DEBUG] [HILO] Registry sync ejecutado
[21:20:50] [DEBUG] [MONITOR] Hilos activos: RegistrySync:activo, CEOListener:activo, ThreadMonitor:activo
[21:21:05] [DEBUG] [MONITOR] Hilos activos: RegistrySync:activo, CEOListener:activo, ThreadMonitor:activo
[21:21:18] [DEBUG] [HILO] Registry sync ejecutado
[21:21:21] [DEBUG] [MONITOR] Hilos activos: RegistrySync:activo, CEOListener:activo, ThreadMonitor:activo
[21:21:36] [DEBUG] [MONITOR] Hilos activos: RegistrySync:activo, CEOListener:activo, ThreadMonitor:activo
[21:21:48] [DEBUG] [HILO] Registry sync ejecutado
[21:21:51] [DEBUG] [MONITOR] Hilos activos: RegistrySync:activo, CEOListener:activo, ThreadMonitor:activo
[21:22:06] [DEBUG] [MONITOR] Hilos activos: RegistrySync:activo, CEOListener:activo, ThreadMonitor:activo
[21:22:18] [DEBUG] [HILO] Registry sync ejecutado
[21:22:21] [DEBUG] [MONITOR] Hilos activos: RegistrySync:activo, CEOListener:activo, ThreadMonitor:activo
[21:22:36] [DEBUG] [MONITOR] Hilos activos: RegistrySync:activo, CEOListener:activo, ThreadMonitor:activo
[21:22:48] [DEBUG] [HILO] Registry sync ejecutado
[21:22:51] [DEBUG] [MONITOR] Hilos activos: RegistrySync:activo, CEOListener:activo, ThreadMonitor:activo
[21:23:06] [DEBUG] [MONITOR] Hilos activos: RegistrySync:activo, CEOListener:activo, ThreadMonitor:activo
[21:23:18] [DEBUG] [HILO] Registry sync ejecutado
[21:23:21] [DEBUG] [MONITOR] Hilos activos: RegistrySync:activo, CEOListener:activo, ThreadMonitor:activo
[21:23:36] [DEBUG] [MONITOR] Hilos activos: RegistrySync:activo, CEOListener:activo, ThreadMonitor:activo
[21:23:48] [DEBUG] [HILO] Registry sync ejecutado
[21:23:51] [DEBUG] [MONITOR] Hilos activos: RegistrySync:activo, CEOListener:activo, ThreadMonitor:activo
[21:24:06] [DEBUG] [MONITOR] Hilos activos: RegistrySync:activo, CEOListener:activo, ThreadMonitor:activo
[21:24:18] [DEBUG] [HILO] Registry sync ejecutado
[21:24:21] [DEBUG] [MONITOR] Hilos activos: RegistrySync:activo, CEOListener:activo, ThreadMonitor:activo
[21:24:36] [DEBUG] [MONITOR] Hilos activos: RegistrySync:activo, CEOListener:activo, ThreadMonitor:activo
[21:24:48] [DEBUG] [HILO] Registry sync ejecutado
[21:24:51] [DEBUG] [MONITOR] Hilos activos: RegistrySync:activo, CEOListener:activo, ThreadMonitor:activo
[21:25:06] [DEBUG] [MONITOR] Hilos activos: RegistrySync:activo, CEOListener:activo, ThreadMonitor:activo
[21:25:18] [DEBUG] [HILO] Registry sync ejecutado
[21:25:21] [DEBUG] [MONITOR] Hilos activos: RegistrySync:activo, CEOListener:activo, ThreadMonitor:activo
[21:25:36] [DEBUG] [MONITOR] Hilos activos: RegistrySync:activo, CEOListener:activo, ThreadMonitor:activo
[21:25:48] [DEBUG] [HILO] Registry sync ejecutado
[21:25:51] [DEBUG] [MONITOR] Hilos activos: RegistrySync:activo, CEOListener:activo, ThreadMonitor:activo
[21:26:06] [DEBUG] [MONITOR] Hilos activos: RegistrySync:activo, CEOListener:activo, ThreadMonitor:activo
[21:26:18] [DEBUG] [HILO] Registry sync ejecutado
[21:26:21] [DEBUG] [MONITOR] Hilos activos: RegistrySync:activo, CEOListener:activo, ThreadMonitor:activo
[21:26:36] [DEBUG] [MONITOR] Hilos activos: RegistrySync:activo, CEOListener:activo, ThreadMonitor:activo
[21:26:48] [DEBUG] [HILO] Registry sync ejecutado
[21:26:51] [DEBUG] [MONITOR] Hilos activos: RegistrySync:activo, CEOListener:activo, ThreadMonitor:activo
[21:27:06] [DEBUG] [MONITOR] Hilos activos: RegistrySync:activo, CEOListener:activo, ThreadMonitor:activo
[21:27:18] [DEBUG] [HILO] Registry sync ejecutado
[21:27:21] [DEBUG] [MONITOR] Hilos activos: RegistrySync:activo, CEOListener:activo, ThreadMonitor:activo
[21:27:36] [DEBUG] [MONITOR] Hilos activos: RegistrySync:activo, CEOListener:activo, ThreadMonitor:activo
[21:27:48] [DEBUG] [HILO] Registry sync ejecutado
[21:27:51] [DEBUG] [MONITOR] Hilos activos: RegistrySync:activo, CEOListener:activo, ThreadMonitor:activo
[21:28:06] [DEBUG] [MONITOR] Hilos activos: RegistrySync:activo, CEOListener:activo, ThreadMonitor:activo
[21:28:18] [DEBUG] [HILO] Registry sync ejecutado
[21:28:21] [DEBUG] [MONITOR] Hilos activos: RegistrySync:activo, CEOListener:activo, ThreadMonitor:activo
[21:28:28] [INFO] 
========================================
GOV INICIANDO SISTEMA NEGOCIACION - SYMBIOSIS-TERMUX
========================================
[21:28:28] [GOV] ReputationGovernor inicializado
[21:28:28] [OK] Orquestador global creado y registrado
[21:28:28] [INFO] Agente registrado: BUYER_001 (LightweightAgent)
[21:28:28] [INFO] Agente registrado: SELLER_001 (LightweightAgent)
[21:28:28] [INFO] Agente registrado: STRATEGIC_BUYER (StrategicAgent)
[21:28:28] [INFO] Agente registrado: STRATEGIC_SELLER (StrategicAgent)
[21:28:28] [INFO] Negociacion iniciada: 51d912d0 | BUYER_001 <-> SELLER_001
[21:28:36] [DEBUG] [MONITOR] Hilos activos: RegistrySync:activo, CEOListener:activo, ThreadMonitor:activo
[21:28:48] [DEBUG] [HILO] Registry sync ejecutado
[21:28:51] [DEBUG] [MONITOR] Hilos activos: RegistrySync:activo, CEOListener:activo, ThreadMonitor:activo
[21:28:58] [WARN] TIMEOUT FORZADO - CERRANDO SESION
[21:28:58] [INFO] Negociacion iniciada: fd352ba3 | STRATEGIC_BUYER <-> STRATEGIC_SELLER
[21:28:59] [INFO] Negociacion fallida: EXPIRED
[21:29:06] [DEBUG] [MONITOR] Hilos activos: RegistrySync:activo, CEOListener:activo, ThreadMonitor:activo
[21:29:18] [DEBUG] [HILO] Registry sync ejecutado
[21:29:21] [DEBUG] [MONITOR] Hilos activos: RegistrySync:activo, CEOListener:activo, ThreadMonitor:activo
[21:29:28] [WARN] TIMEOUT FORZADO - CERRANDO SESION
[21:29:29] [INFO] 
========================================
R PERFILES DE REPUTACION + GOBERNANZA
========================================
[21:29:29] [INFO] BUYER_001: Score=0.50 | Nivel=UNTRUSTED | FraudThresh=0.60 | Badges=newcomer
[21:29:29] [INFO] SELLER_001: Score=0.50 | Nivel=UNTRUSTED | FraudThresh=0.60 | Badges=newcomer
[21:29:29] [INFO] STRATEGIC_BUYER: Score=0.50 | Nivel=UNTRUSTED | FraudThresh=0.60 | Badges=newcomer
[21:29:29] [INFO] STRATEGIC_SELLER: Score=0.50 | Nivel=UNTRUSTED | FraudThresh=0.60 | Badges=newcomer
[21:29:29] [INFO] Config global: enable_advanced=True | decay=exponential
[21:29:29] [INFO] 
========================================
R RESULTADO FINAL
========================================
[21:29:29] [INFO] Negociaciones totales: 2
[21:29:29] [INFO] Exitosas: 0
[21:29:36] [DEBUG] [MONITOR] Hilos activos: RegistrySync:activo, CEOListener:activo, ThreadMonitor:activo
[21:29:48] [DEBUG] [HILO] Registry sync ejecutado
[21:29:51] [DEBUG] [MONITOR] Hilos activos: RegistrySync:activo, CEOListener:activo, ThreadMonitor:activo
[21:30:06] [DEBUG] [MONITOR] Hilos activos: RegistrySync:activo, CEOListener:activo, ThreadMonitor:activo
[21:30:18] [DEBUG] [HILO] Registry sync ejecutado
[21:30:21] [DEBUG] [MONITOR] Hilos activos: RegistrySync:activo, CEOListener:activo, ThreadMonitor:activo
[21:30:36] [DEBUG] [MONITOR] Hilos activos: RegistrySync:activo, CEOListener:activo, ThreadMonitor:activo
[21:30:48] [DEBUG] [HILO] Registry sync ejecutado
[21:30:51] [DEBUG] [MONITOR] Hilos activos: RegistrySync:activo, CEOListener:activo, ThreadMonitor:activo
[21:31:06] [DEBUG] [MONITOR] Hilos activos: RegistrySync:activo, CEOListener:activo, ThreadMonitor:activo
[21:31:18] [DEBUG] [HILO] Registry sync ejecutado
[21:31:21] [DEBUG] [MONITOR] Hilos activos: RegistrySync:activo, CEOListener:activo, ThreadMonitor:activo
[21:31:36] [DEBUG] [MONITOR] Hilos activos: RegistrySync:activo, CEOListener:activo, ThreadMonitor:activo
[21:31:48] [DEBUG] [HILO] Registry sync ejecutado
[21:31:51] [DEBUG] [MONITOR] Hilos activos: RegistrySync:activo, CEOListener:activo, ThreadMonitor:activo
[21:32:06] [DEBUG] [MONITOR] Hilos activos: RegistrySync:activo, CEOListener:activo, ThreadMonitor:activo
[21:32:18] [DEBUG] [HILO] Registry sync ejecutado
[21:32:21] [DEBUG] [MONITOR] Hilos activos: RegistrySync:activo, CEOListener:activo, ThreadMonitor:activo
[21:32:36] [DEBUG] [MONITOR] Hilos activos: RegistrySync:activo, CEOListener:activo, ThreadMonitor:activo
[21:32:48] [DEBUG] [HILO] Registry sync ejecutado
[21:32:51] [DEBUG] [MONITOR] Hilos activos: RegistrySync:activo, CEOListener:activo, ThreadMonitor:activo
[21:33:06] [DEBUG] [MONITOR] Hilos activos: RegistrySync:activo, CEOListener:activo, ThreadMonitor:activo
[21:33:18] [DEBUG] [HILO] Registry sync ejecutado
[21:33:21] [DEBUG] [MONITOR] Hilos activos: RegistrySync:activo, CEOListener:activo, ThreadMonitor:activo
[21:33:36] [DEBUG] [MONITOR] Hilos activos: RegistrySync:activo, CEOListener:activo, ThreadMonitor:activo
[21:33:48] [DEBUG] [HILO] Registry sync ejecutado
[21:33:51] [DEBUG] [MONITOR] Hilos activos: RegistrySync:activo, CEOListener:activo, ThreadMonitor:activo
[21:34:06] [DEBUG] [MONITOR] Hilos activos: RegistrySync:activo, CEOListener:activo, ThreadMonitor:activo
[21:34:18] [DEBUG] [HILO] Registry sync ejecutado
[21:34:21] [DEBUG] [MONITOR] Hilos activos: RegistrySync:activo, CEOListener:activo, ThreadMonitor:activo
[21:34:36] [DEBUG] [MONITOR] Hilos activos: RegistrySync:activo, CEOListener:activo, ThreadMonitor:activo
[21:34:48] [DEBUG] [HILO] Registry sync ejecutado
[21:34:51] [DEBUG] [MONITOR] Hilos activos: RegistrySync:activo, CEOListener:activo, ThreadMonitor:activo
[21:35:06] [DEBUG] [MONITOR] Hilos activos: RegistrySync:activo, CEOListener:activo, ThreadMonitor:activo
[21:35:18] [DEBUG] [HILO] Registry sync ejecutado
[21:35:21] [DEBUG] [MONITOR] Hilos activos: RegistrySync:activo, CEOListener:activo, ThreadMonitor:activo
[21:35:36] [DEBUG] [MONITOR] Hilos activos: RegistrySync:activo, CEOListener:activo, ThreadMonitor:activo
[21:35:48] [DEBUG] [HILO] Registry sync ejecutado
[21:35:51] [DEBUG] [MONITOR] Hilos activos: RegistrySync:activo, CEOListener:activo, ThreadMonitor:activo
[21:36:06] [DEBUG] [MONITOR] Hilos activos: RegistrySync:activo, CEOListener:activo, ThreadMonitor:activo
[21:36:18] [DEBUG] [HILO] Registry sync ejecutado
[21:36:21] [DEBUG] [MONITOR] Hilos activos: RegistrySync:activo, CEOListener:activo, ThreadMonitor:activo
[21:36:36] [DEBUG] [MONITOR] Hilos activos: RegistrySync:activo, CEOListener:activo, ThreadMonitor:activo
[21:36:48] [DEBUG] [HILO] Registry sync ejecutado
[21:36:51] [DEBUG] [MONITOR] Hilos activos: RegistrySync:activo, CEOListener:activo, ThreadMonitor:activo
[21:37:06] [DEBUG] [MONITOR] Hilos activos: RegistrySync:activo, CEOListener:activo, ThreadMonitor:activo
[21:37:18] [DEBUG] [HILO] Registry sync ejecutado
[21:37:21] [DEBUG] [MONITOR] Hilos activos: RegistrySync:activo, CEOListener:activo, ThreadMonitor:activo
[21:37:36] [DEBUG] [MONITOR] Hilos activos: RegistrySync:activo, CEOListener:activo, ThreadMonitor:activo
[21:37:48] [DEBUG] [HILO] Registry sync ejecutado
[21:37:51] [DEBUG] [MONITOR] Hilos activos: RegistrySync:activo, CEOListener:activo, ThreadMonitor:activo
[21:38:06] [DEBUG] [MONITOR] Hilos activos: RegistrySync:activo, CEOListener:activo, ThreadMonitor:activo
[21:38:18] [DEBUG] [HILO] Registry sync ejecutado
[21:38:21] [DEBUG] [MONITOR] Hilos activos: RegistrySync:activo, CEOListener:activo, ThreadMonitor:activo
[21:38:36] [DEBUG] [MONITOR] Hilos activos: RegistrySync:activo, CEOListener:activo, ThreadMonitor:activo
[21:38:48] [DEBUG] [HILO] Registry sync ejecutado
[21:38:51] [DEBUG] [MONITOR] Hilos activos: RegistrySync:activo, CEOListener:activo, ThreadMonitor:activo
[21:39:06] [DEBUG] [MONITOR] Hilos activos: RegistrySync:activo, CEOListener:activo, ThreadMonitor:activo
[21:39:18] [DEBUG] [HILO] Registry sync ejecutado
[21:39:21] [DEBUG] [MONITOR] Hilos activos: RegistrySync:activo, CEOListener:activo, ThreadMonitor:activo
[21:39:36] [DEBUG] [MONITOR] Hilos activos: RegistrySync:activo, CEOListener:activo, ThreadMonitor:activo
[21:39:48] [DEBUG] [HILO] Registry sync ejecutado
[21:39:51] [DEBUG] [MONITOR] Hilos activos: RegistrySync:activo, CEOListener:activo, ThreadMonitor:activo
[21:40:06] [DEBUG] [MONITOR] Hilos activos: RegistrySync:activo, CEOListener:activo, ThreadMonitor:activo
[21:40:18] [DEBUG] [HILO] Registry sync ejecutado
[21:40:21] [DEBUG] [MONITOR] Hilos activos: RegistrySync:activo, CEOListener:activo, ThreadMonitor:activo
[21:40:36] [DEBUG] [MONITOR] Hilos activos: RegistrySync:activo, CEOListener:activo, ThreadMonitor:activo
[21:40:48] [DEBUG] [HILO] Registry sync ejecutado
[21:40:51] [DEBUG] [MONITOR] Hilos activos: RegistrySync:activo, CEOListener:activo, ThreadMonitor:activo
[21:40:57] [WARN] Activando fallback sandbox: faltan UBER_CLIENT_ID, UBER_CLIENT_SECRET, UBER_ACCESS_TOKEN o UBER_SERVER_TOKEN
[21:40:57] [CONFIG] UberConfig: modo=SANDBOX_FALLBACK, fallback=True
[21:41:06] [DEBUG] [MONITOR] Hilos activos: RegistrySync:activo, CEOListener:activo, ThreadMonitor:activo
[21:41:18] [DEBUG] [HILO] Registry sync ejecutado
[21:41:21] [DEBUG] [MONITOR] Hilos activos: RegistrySync:activo, CEOListener:activo, ThreadMonitor:activo
[21:41:36] [DEBUG] [MONITOR] Hilos activos: RegistrySync:activo, CEOListener:activo, ThreadMonitor:activo
[21:41:48] [DEBUG] [HILO] Registry sync ejecutado
[21:41:51] [DEBUG] [MONITOR] Hilos activos: RegistrySync:activo, CEOListener:activo, ThreadMonitor:activo
[21:42:06] [DEBUG] [MONITOR] Hilos activos: RegistrySync:activo, CEOListener:activo, ThreadMonitor:activo
[21:42:18] [DEBUG] [HILO] Registry sync ejecutado
[21:42:21] [DEBUG] [MONITOR] Hilos activos: RegistrySync:activo, CEOListener:activo, ThreadMonitor:activo
[21:42:36] [DEBUG] [MONITOR] Hilos activos: RegistrySync:activo, CEOListener:activo, ThreadMonitor:activo
[21:42:48] [DEBUG] [HILO] Registry sync ejecutado
[21:42:51] [DEBUG] [MONITOR] Hilos activos: RegistrySync:activo, CEOListener:activo, ThreadMonitor:activo
[21:43:06] [DEBUG] [MONITOR] Hilos activos: RegistrySync:activo, CEOListener:activo, ThreadMonitor:activo
[21:43:18] [DEBUG] [HILO] Registry sync ejecutado
[21:43:21] [DEBUG] [MONITOR] Hilos activos: RegistrySync:activo, CEOListener:activo, ThreadMonitor:activo
[21:43:36] [DEBUG] [MONITOR] Hilos activos: RegistrySync:activo, CEOListener:activo, ThreadMonitor:activo
[21:43:48] [DEBUG] [HILO] Registry sync ejecutado
[21:43:51] [DEBUG] [MONITOR] Hilos activos: RegistrySync:activo, CEOListener:activo, ThreadMonitor:activo
[21:44:06] [DEBUG] [MONITOR] Hilos activos: RegistrySync:activo, CEOListener:activo, ThreadMonitor:activo
[21:44:18] [DEBUG] [HILO] Registry sync ejecutado
[21:44:21] [DEBUG] [MONITOR] Hilos activos: RegistrySync:activo, CEOListener:activo, ThreadMonitor:activo
[21:44:21] [DEBUG] [INFO] parte5_daimon_base no disponible
[21:44:21] [INFO] 
========================================
 UBER DEMAND PREDICTOR PRO v4.3 - Demostracion
========================================
[21:44:22] [INFO] [OK] Cargados 62000 muestras historicas
[21:44:22] [INFO] [OK] Modelo cargado desde cache
[21:44:22] [DEBUG] [HILO] Registry sync ejecutado
[21:44:22] [INFO] [HILO] Conectado: RegistrySync
[21:44:22] [INFO] [HILO] Conectado: CEOListener
[21:44:22] [DEBUG] [MONITOR] Hilos activos: RegistrySync:activo, CEOListener:activo
[21:44:22] [INFO] [HILO] Conectado: ThreadMonitor
[21:44:22] [INFO] [HILO] Monitor de threads iniciado
[21:44:22] [INFO] [HILO] Todos los hilos de fondo conectados
[21:44:22] [INFO] 
[INFO] Generando datos historicos sinteticos...
[21:44:22] [INFO]    Generadas 2000 muestras
[21:44:22] [INFO] 
[INFO] Ingestando datos al sistema...
[21:44:26] [INFO] 
[INFO] Entrenando modelos de prediccion...
[21:44:26] [INFO] [INFO] Entrenando ensemble con 2000 muestras...
[21:44:26] [WARN] [WARN] Error sincronizando pesos: 'EnsembleDemandPredictor' object has no attribute 'registry'
[21:44:26] [INFO] [OK] Ensemble entrenado exitosamente (0 modelos)
[21:44:26] [INFO] 
========================================
 PREDICCIONES EN TIEMPO REAL
========================================
[21:44:26] [INFO] 
[SCENARIO] Escenario: Ahora (manana laboral)
[21:44:26] [INFO] 
Zona                         Score   Conf Recomendacion
[21:44:26] [INFO]    ----------------------------------------------------------------------
[21:44:26] [INFO]    Albrook Mall                  5.0    50% [AVERAGE] DEMANDA PROMEDIO - Zona viable
[21:44:26] [INFO]    Arraijan Centro               5.0    50% [AVERAGE] DEMANDA PROMEDIO - Zona viable
[21:44:26] [INFO]    La Chorrera                   5.0    50% [AVERAGE] DEMANDA PROMEDIO - Zona viable
[21:44:26] [INFO]    Costa del Este                5.0    50% [AVERAGE] DEMANDA PROMEDIO - Zona viable
[21:44:26] [INFO] 
[SCENARIO] Escenario: Hora pico tarde
[21:44:26] [INFO] 
Zona                         Score   Conf Recomendacion
[21:44:26] [INFO]    ----------------------------------------------------------------------
[21:44:26] [INFO]    Albrook Mall                  5.0    50% [AVERAGE] DEMANDA PROMEDIO - Zona viable
[21:44:26] [INFO]    Arraijan Centro               5.0    50% [AVERAGE] DEMANDA PROMEDIO - Zona viable
[21:44:26] [INFO]    La Chorrera                   5.0    50% [AVERAGE] DEMANDA PROMEDIO - Zona viable
[21:44:26] [INFO]    Costa del Este                5.0    50% [AVERAGE] DEMANDA PROMEDIO - Zona viable
[21:44:26] [INFO] 
========================================
 ESTADO DEL SISTEMA
========================================
[21:44:26] [INFO]    Muestras almacenadas: 64000
[21:44:26] [INFO]    Modelo entrenado: Si
[21:44:26] [INFO]    Hilos activos: {'RegistrySync': 'activo', 'CEOListener': 'activo', 'ThreadMonitor': 'activo'}
[21:44:27] [INFO] [OK] Persistidos 64000 muestras
[21:44:27] [INFO] 
========================================
 DECISION ENGINE DEMO
========================================
[21:44:27] [INFO] [OK] Reutilizando predictor existente
[21:44:27] [INFO] 
========================================
 SISTEMA EN EJECUCION - Hilos conectados
========================================
[21:44:27] [INFO] Presiona Ctrl+C para detener
[21:44:35] [INFO] [INFO] Cierre limpio solicitado
[21:44:35] [INFO] [INFO] Cerrando UberDemandPredictor...
[21:44:35] [DEBUG] [HILO] Esperando terminacion de: RegistrySync
[21:44:36] [DEBUG] [MONITOR] Hilos activos: RegistrySync:activo, CEOListener:activo, ThreadMonitor:activo
[21:44:48] [DEBUG] [HILO] Registry sync ejecutado
[21:44:51] [DEBUG] [MONITOR] Hilos activos: RegistrySync:activo, CEOListener:activo, ThreadMonitor:activo
[21:45:06] [DEBUG] [MONITOR] Hilos activos: RegistrySync:activo, CEOListener:activo, ThreadMonitor:activo
[21:45:18] [DEBUG] [HILO] Registry sync ejecutado
[21:45:21] [DEBUG] [MONITOR] Hilos activos: RegistrySync:activo, CEOListener:activo, ThreadMonitor:activo
[21:45:36] [DEBUG] [MONITOR] Hilos activos: RegistrySync:activo, CEOListener:activo, ThreadMonitor:activo
[21:45:48] [DEBUG] [HILO] Registry sync ejecutado
[21:45:51] [DEBUG] [MONITOR] Hilos activos: RegistrySync:activo, CEOListener:activo, ThreadMonitor:activo
[21:46:06] [DEBUG] [MONITOR] Hilos activos: RegistrySync:activo, CEOListener:activo, ThreadMonitor:activo
[21:46:18] [DEBUG] [HILO] Registry sync ejecutado
[21:46:21] [DEBUG] [MONITOR] Hilos activos: RegistrySync:activo, CEOListener:activo, ThreadMonitor:activo
[21:46:36] [DEBUG] [MONITOR] Hilos activos: RegistrySync:activo, CEOListener:activo, ThreadMonitor:activo
[21:46:48] [DEBUG] [HILO] Registry sync ejecutado
[21:46:51] [DEBUG] [MONITOR] Hilos activos: RegistrySync:activo, CEOListener:activo, ThreadMonitor:activo
[21:47:06] [DEBUG] [MONITOR] Hilos activos: RegistrySync:activo, CEOListener:activo, ThreadMonitor:activo
[21:47:18] [DEBUG] [HILO] Registry sync ejecutado
[21:47:21] [DEBUG] [MONITOR] Hilos activos: RegistrySync:activo, CEOListener:activo, ThreadMonitor:activo
[21:47:36] [DEBUG] [MONITOR] Hilos activos: RegistrySync:activo, CEOListener:activo, ThreadMonitor:activo
[21:47:48] [DEBUG] [HILO] Registry sync ejecutado
[21:47:51] [DEBUG] [MONITOR] Hilos activos: RegistrySync:activo, CEOListener:activo, ThreadMonitor:activo
[21:48:06] [DEBUG] [MONITOR] Hilos activos: RegistrySync:activo, CEOListener:activo, ThreadMonitor:activo
[21:48:18] [DEBUG] [HILO] Registry sync ejecutado
[21:48:21] [DEBUG] [MONITOR] Hilos activos: RegistrySync:activo, CEOListener:activo, ThreadMonitor:activo
[21:48:36] [DEBUG] [MONITOR] Hilos activos: RegistrySync:activo, CEOListener:activo, ThreadMonitor:activo
[21:48:49] [DEBUG] [HILO] Registry sync ejecutado
[21:48:51] [DEBUG] [MONITOR] Hilos activos: RegistrySync:activo, CEOListener:activo, ThreadMonitor:activo
[21:49:06] [DEBUG] [MONITOR] Hilos activos: RegistrySync:activo, CEOListener:activo, ThreadMonitor:activo
[21:49:19] [DEBUG] [HILO] Registry sync ejecutado
[21:49:21] [DEBUG] [MONITOR] Hilos activos: RegistrySync:activo, CEOListener:activo, ThreadMonitor:activo
[21:49:36] [DEBUG] [MONITOR] Hilos activos: RegistrySync:activo, CEOListener:activo, ThreadMonitor:activo
[21:49:49] [DEBUG] [HILO] Registry sync ejecutado
[21:49:51] [DEBUG] [MONITOR] Hilos activos: RegistrySync:activo, CEOListener:activo, ThreadMonitor:activo
[21:50:06] [DEBUG] [MONITOR] Hilos activos: RegistrySync:activo, CEOListener:activo, ThreadMonitor:activo
[21:50:19] [DEBUG] [HILO] Registry sync ejecutado
[21:50:21] [DEBUG] [MONITOR] Hilos activos: RegistrySync:activo, CEOListener:activo, ThreadMonitor:activo
[21:50:36] [DEBUG] [MONITOR] Hilos activos: RegistrySync:activo, CEOListener:activo, ThreadMonitor:activo
[21:50:49] [DEBUG] [HILO] Registry sync ejecutado
[21:50:51] [DEBUG] [MONITOR] Hilos activos: RegistrySync:activo, CEOListener:activo, ThreadMonitor:activo
[21:51:06] [DEBUG] [MONITOR] Hilos activos: RegistrySync:activo, CEOListener:activo, ThreadMonitor:activo
[21:51:19] [DEBUG] [HILO] Registry sync ejecutado
[21:51:21] [DEBUG] [MONITOR] Hilos activos: RegistrySync:activo, CEOListener:activo, ThreadMonitor:activo
[21:51:32] [DEBUG] [INFO] parte5_daimon_base no disponible
[21:51:36] [DEBUG] [MONITOR] Hilos activos: RegistrySync:activo, CEOListener:activo, ThreadMonitor:activo
[21:51:49] [DEBUG] [HILO] Registry sync ejecutado
[21:51:51] [DEBUG] [MONITOR] Hilos activos: RegistrySync:activo, CEOListener:activo, ThreadMonitor:activo
[21:52:06] [DEBUG] [MONITOR] Hilos activos: RegistrySync:activo, CEOListener:activo, ThreadMonitor:activo
[21:52:10] [DEBUG] [INFO] parte5_daimon_base no disponible
[21:52:10] [WARN] [WARN] Error cargando datos: Can't get attribute 'DemandSample' on <module '__main__' from '/data/data/com.termux/files/home/lucifer_prometeo/00_start_all.py'>
[21:52:10] [WARN] [WARN] Error cargando modelo: Can't get attribute 'EnsembleDemandPredictor' on <module '__main__' from '/data/data/com.termux/files/home/lucifer_prometeo/00_start_all.py'>
[21:52:10] [INFO] [HILO] Conectado: RegistrySync
[21:52:10] [DEBUG] [HILO] Registry sync ejecutado
[21:52:10] [INFO] [HILO] Conectado: CEOListener
[21:52:10] [INFO] [HILO] Conectado: ThreadMonitor
[21:52:10] [INFO] [HILO] Monitor de threads iniciado
[21:52:10] [INFO] [HILO] Todos los hilos de fondo conectados
[21:52:10] [DEBUG] [MONITOR] Hilos activos: RegistrySync:activo, CEOListener:activo
[21:52:10] [INFO] [INFO] Entrenando ensemble con 500 muestras...
[21:52:10] [INFO] [OK] Ensemble entrenado exitosamente (0 modelos)
[21:52:10] [INFO] [OK] Predictor inicializado y entrenado con 500 muestras
[21:52:19] [DEBUG] [HILO] Registry sync ejecutado
[21:52:21] [DEBUG] [MONITOR] Hilos activos: RegistrySync:activo, CEOListener:activo, ThreadMonitor:activo
[21:52:23] [DEBUG] [INFO] parte5_daimon_base no disponible
[21:52:25] [DEBUG] [MONITOR] Hilos activos: RegistrySync:activo, CEOListener:activo, ThreadMonitor:activo
[21:52:36] [DEBUG] [MONITOR] Hilos activos: RegistrySync:activo, CEOListener:activo, ThreadMonitor:activo
[21:52:39] [WARN] Activando fallback sandbox: faltan UBER_CLIENT_ID, UBER_CLIENT_SECRET, UBER_ACCESS_TOKEN o UBER_SERVER_TOKEN
[21:52:39] [CONFIG] UberConfig: modo=SANDBOX_FALLBACK, fallback=True
[21:52:39] [ERROR] Orquestador no inicializado. Llame init_negotiation_system() primero.
[21:52:40] [DEBUG] [HILO] Registry sync ejecutado
[21:52:40] [DEBUG] [MONITOR] Hilos activos: RegistrySync:activo, CEOListener:activo, ThreadMonitor:activo
[21:52:49] [DEBUG] [HILO] Registry sync ejecutado
[21:52:51] [DEBUG] [MONITOR] Hilos activos: RegistrySync:activo, CEOListener:activo, ThreadMonitor:activo
[21:52:55] [DEBUG] [MONITOR] Hilos activos: RegistrySync:activo, CEOListener:activo, ThreadMonitor:activo
[21:53:06] [DEBUG] [MONITOR] Hilos activos: RegistrySync:activo, CEOListener:activo, ThreadMonitor:activo
[21:53:10] [DEBUG] [HILO] Registry sync ejecutado
[21:53:10] [DEBUG] [MONITOR] Hilos activos: RegistrySync:activo, CEOListener:activo, ThreadMonitor:activo
[21:53:19] [DEBUG] [HILO] Registry sync ejecutado
[21:53:21] [DEBUG] [MONITOR] Hilos activos: RegistrySync:activo, CEOListener:activo, ThreadMonitor:activo
[21:53:25] [DEBUG] [MONITOR] Hilos activos: RegistrySync:activo, CEOListener:activo, ThreadMonitor:activo
[21:53:36] [DEBUG] [MONITOR] Hilos activos: RegistrySync:activo, CEOListener:activo, ThreadMonitor:activo
[21:53:39] [ERROR] Orquestador no inicializado. Llame init_negotiation_system() primero.
[21:53:40] [DEBUG] [HILO] Registry sync ejecutado
[21:53:40] [DEBUG] [MONITOR] Hilos activos: RegistrySync:activo, CEOListener:activo, ThreadMonitor:activo
[21:53:49] [DEBUG] [HILO] Registry sync ejecutado
[21:53:51] [DEBUG] [MONITOR] Hilos activos: RegistrySync:activo, CEOListener:activo, ThreadMonitor:activo
[21:53:55] [DEBUG] [MONITOR] Hilos activos: RegistrySync:activo, CEOListener:activo, ThreadMonitor:activo
[21:54:06] [DEBUG] [MONITOR] Hilos activos: RegistrySync:activo, CEOListener:activo, ThreadMonitor:activo
[21:54:10] [DEBUG] [HILO] Registry sync ejecutado
[21:54:10] [DEBUG] [MONITOR] Hilos activos: RegistrySync:activo, CEOListener:activo, ThreadMonitor:activo
[21:54:19] [DEBUG] [HILO] Registry sync ejecutado
[21:54:21] [DEBUG] [MONITOR] Hilos activos: RegistrySync:activo, CEOListener:activo, ThreadMonitor:activo
[21:54:25] [DEBUG] [MONITOR] Hilos activos: RegistrySync:activo, CEOListener:activo, ThreadMonitor:activo
[21:54:36] [DEBUG] [MONITOR] Hilos activos: RegistrySync:activo, CEOListener:activo, ThreadMonitor:activo
[21:54:39] [ERROR] Orquestador no inicializado. Llame init_negotiation_system() primero.
[21:54:40] [DEBUG] [HILO] Registry sync ejecutado
[21:54:40] [DEBUG] [MONITOR] Hilos activos: RegistrySync:activo, CEOListener:activo, ThreadMonitor:activo
[21:54:49] [DEBUG] [HILO] Registry sync ejecutado
[21:54:51] [DEBUG] [MONITOR] Hilos activos: RegistrySync:activo, CEOListener:activo, ThreadMonitor:activo
[21:54:55] [DEBUG] [MONITOR] Hilos activos: RegistrySync:activo, CEOListener:activo, ThreadMonitor:activo
[21:55:06] [DEBUG] [MONITOR] Hilos activos: RegistrySync:activo, CEOListener:activo, ThreadMonitor:activo
[21:55:10] [DEBUG] [HILO] Registry sync ejecutado
[21:55:10] [DEBUG] [MONITOR] Hilos activos: RegistrySync:activo, CEOListener:activo, ThreadMonitor:activo
[21:55:19] [DEBUG] [HILO] Registry sync ejecutado
[21:55:21] [DEBUG] [MONITOR] Hilos activos: RegistrySync:activo, CEOListener:activo, ThreadMonitor:activo
[21:55:25] [DEBUG] [MONITOR] Hilos activos: RegistrySync:activo, CEOListener:activo, ThreadMonitor:activo
[21:55:36] [DEBUG] [MONITOR] Hilos activos: RegistrySync:activo, CEOListener:activo, ThreadMonitor:activo
[21:55:40] [ERROR] Orquestador no inicializado. Llame init_negotiation_system() primero.
[21:55:40] [DEBUG] [HILO] Registry sync ejecutado
[21:55:40] [DEBUG] [MONITOR] Hilos activos: RegistrySync:activo, CEOListener:activo, ThreadMonitor:activo
[21:55:49] [DEBUG] [HILO] Registry sync ejecutado
[21:55:51] [DEBUG] [MONITOR] Hilos activos: RegistrySync:activo, CEOListener:activo, ThreadMonitor:activo
[21:55:55] [DEBUG] [MONITOR] Hilos activos: RegistrySync:activo, CEOListener:activo, ThreadMonitor:activo
[21:56:06] [DEBUG] [MONITOR] Hilos activos: RegistrySync:activo, CEOListener:activo, ThreadMonitor:activo
[21:56:10] [DEBUG] [HILO] Registry sync ejecutado
[21:56:10] [DEBUG] [MONITOR] Hilos activos: RegistrySync:activo, CEOListener:activo, ThreadMonitor:activo
[21:56:19] [DEBUG] [HILO] Registry sync ejecutado
[21:56:21] [DEBUG] [MONITOR] Hilos activos: RegistrySync:activo, CEOListener:activo, ThreadMonitor:activo
[21:56:25] [DEBUG] [MONITOR] Hilos activos: RegistrySync:activo, CEOListener:activo, ThreadMonitor:activo
[21:56:36] [DEBUG] [MONITOR] Hilos activos: RegistrySync:activo, CEOListener:activo, ThreadMonitor:activo
[21:56:40] [ERROR] Orquestador no inicializado. Llame init_negotiation_system() primero.
[21:56:40] [DEBUG] [HILO] Registry sync ejecutado
[21:56:40] [DEBUG] [MONITOR] Hilos activos: RegistrySync:activo, CEOListener:activo, ThreadMonitor:activo
[21:56:49] [DEBUG] [HILO] Registry sync ejecutado
[21:56:51] [DEBUG] [MONITOR] Hilos activos: RegistrySync:activo, CEOListener:activo, ThreadMonitor:activo
[21:57:06] [DEBUG] [MONITOR] Hilos activos: RegistrySync:activo, CEOListener:activo, ThreadMonitor:activo
[21:57:19] [DEBUG] [HILO] Registry sync ejecutado
[21:57:21] [DEBUG] [MONITOR] Hilos activos: RegistrySync:activo, CEOListener:activo, ThreadMonitor:activo
[21:57:36] [DEBUG] [MONITOR] Hilos activos: RegistrySync:activo, CEOListener:activo, ThreadMonitor:activo
[21:57:47] [DEBUG] [INFO] parte5_daimon_base no disponible
[21:57:47] [WARN] [WARN] Error cargando datos: Can't get attribute 'DemandSample' on <module '__main__' from '/data/data/com.termux/files/home/lucifer_prometeo/00_start_all.py'>
[21:57:47] [WARN] [WARN] Error cargando modelo: Can't get attribute 'EnsembleDemandPredictor' on <module '__main__' from '/data/data/com.termux/files/home/lucifer_prometeo/00_start_all.py'>
[21:57:47] [INFO] [HILO] Conectado: RegistrySync
[21:57:47] [DEBUG] [HILO] Registry sync ejecutado
[21:57:47] [INFO] [HILO] Conectado: CEOListener
[21:57:47] [INFO] [HILO] Conectado: ThreadMonitor
[21:57:47] [INFO] [HILO] Monitor de threads iniciado
[21:57:47] [INFO] [HILO] Todos los hilos de fondo conectados
[21:57:47] [DEBUG] [MONITOR] Hilos activos: RegistrySync:activo, CEOListener:activo
[21:57:49] [DEBUG] [HILO] Registry sync ejecutado
[21:57:49] [INFO] [INFO] Entrenando ensemble con 500 muestras...
[21:57:49] [INFO] [OK] Ensemble entrenado exitosamente (0 modelos)
[21:57:49] [INFO] [OK] Predictor inicializado y entrenado con 500 muestras
[21:57:51] [DEBUG] [MONITOR] Hilos activos: RegistrySync:activo, CEOListener:activo, ThreadMonitor:activo
[21:58:02] [DEBUG] [MONITOR] Hilos activos: RegistrySync:activo, CEOListener:activo, ThreadMonitor:activo
[21:58:04] [DEBUG] [INFO] parte5_daimon_base no disponible
[21:58:06] [DEBUG] [MONITOR] Hilos activos: RegistrySync:activo, CEOListener:activo, ThreadMonitor:activo
[21:58:17] [DEBUG] [HILO] Registry sync ejecutado
[21:58:17] [DEBUG] [MONITOR] Hilos activos: RegistrySync:activo, CEOListener:activo, ThreadMonitor:activo
[21:58:19] [DEBUG] [HILO] Registry sync ejecutado
[21:58:20] [WARN] Activando fallback sandbox: faltan UBER_CLIENT_ID, UBER_CLIENT_SECRET, UBER_ACCESS_TOKEN o UBER_SERVER_TOKEN
[21:58:20] [CONFIG] UberConfig: modo=SANDBOX_FALLBACK, fallback=True
[21:58:20] [ERROR] Orquestador no inicializado. Llame init_negotiation_system() primero.
[21:58:21] [DEBUG] [MONITOR] Hilos activos: RegistrySync:activo, CEOListener:activo, ThreadMonitor:activo
[21:58:32] [DEBUG] [MONITOR] Hilos activos: RegistrySync:activo, CEOListener:activo, ThreadMonitor:activo
[21:58:36] [DEBUG] [MONITOR] Hilos activos: RegistrySync:activo, CEOListener:activo, ThreadMonitor:activo
[21:58:49] [DEBUG] [HILO] Registry sync ejecutado
[21:58:51] [DEBUG] [MONITOR] Hilos activos: RegistrySync:activo, CEOListener:activo, ThreadMonitor:activo
[21:59:06] [DEBUG] [MONITOR] Hilos activos: RegistrySync:activo, CEOListener:activo, ThreadMonitor:activo
[21:59:19] [DEBUG] [HILO] Registry sync ejecutado
[21:59:21] [DEBUG] [MONITOR] Hilos activos: RegistrySync:activo, CEOListener:activo, ThreadMonitor:activo
[21:59:36] [DEBUG] [MONITOR] Hilos activos: RegistrySync:activo, CEOListener:activo, ThreadMonitor:activo
[21:59:49] [DEBUG] [HILO] Registry sync ejecutado
[21:59:51] [DEBUG] [MONITOR] Hilos activos: RegistrySync:activo, CEOListener:activo, ThreadMonitor:activo
[22:00:06] [DEBUG] [MONITOR] Hilos activos: RegistrySync:activo, CEOListener:activo, ThreadMonitor:activo
[22:00:19] [DEBUG] [HILO] Registry sync ejecutado
[22:00:21] [DEBUG] [MONITOR] Hilos activos: RegistrySync:activo, CEOListener:activo, ThreadMonitor:activo
[22:00:36] [DEBUG] [MONITOR] Hilos activos: RegistrySync:activo, CEOListener:activo, ThreadMonitor:activo
[22:00:49] [DEBUG] [HILO] Registry sync ejecutado
[22:00:51] [DEBUG] [MONITOR] Hilos activos: RegistrySync:activo, CEOListener:activo, ThreadMonitor:activo
[22:00:52] [DEBUG] [INFO] parte5_daimon_base no disponible
[22:00:52] [WARN] [WARN] Error cargando datos: Can't get attribute 'DemandSample' on <module '__main__' from '/data/data/com.termux/files/home/lucifer_prometeo/00_start_all.py'>
[22:00:52] [WARN] [WARN] Error cargando modelo: Can't get attribute 'EnsembleDemandPredictor' on <module '__main__' from '/data/data/com.termux/files/home/lucifer_prometeo/00_start_all.py'>
[22:00:52] [INFO] [HILO] Conectado: RegistrySync
[22:00:52] [DEBUG] [HILO] Registry sync ejecutado
[22:00:52] [INFO] [HILO] Conectado: CEOListener
[22:00:52] [DEBUG] [MONITOR] Hilos activos: RegistrySync:activo, CEOListener:activo
[22:00:52] [INFO] [HILO] Conectado: ThreadMonitor
[22:00:52] [INFO] [HILO] Monitor de threads iniciado
[22:00:52] [INFO] [HILO] Todos los hilos de fondo conectados
[22:00:52] [INFO] [INFO] Entrenando ensemble con 500 muestras...
[22:00:52] [INFO] [OK] Ensemble entrenado exitosamente (0 modelos)
[22:00:52] [INFO] [OK] Predictor inicializado y entrenado con 500 muestras
[22:01:04] [DEBUG] [INFO] parte5_daimon_base no disponible
[22:01:06] [DEBUG] [MONITOR] Hilos activos: RegistrySync:activo, CEOListener:activo, ThreadMonitor:activo
[22:01:07] [DEBUG] [MONITOR] Hilos activos: RegistrySync:activo, CEOListener:activo, ThreadMonitor:activo
[22:01:19] [DEBUG] [HILO] Registry sync ejecutado
[22:01:21] [DEBUG] [MONITOR] Hilos activos: RegistrySync:activo, CEOListener:activo, ThreadMonitor:activo
[22:01:22] [DEBUG] [HILO] Registry sync ejecutado
[22:01:22] [DEBUG] [MONITOR] Hilos activos: RegistrySync:activo, CEOListener:activo, ThreadMonitor:activo
[22:01:36] [DEBUG] [MONITOR] Hilos activos: RegistrySync:activo, CEOListener:activo, ThreadMonitor:activo
[22:01:37] [DEBUG] [MONITOR] Hilos activos: RegistrySync:activo, CEOListener:activo, ThreadMonitor:activo
[22:01:49] [DEBUG] [HILO] Registry sync ejecutado
[22:01:51] [DEBUG] [MONITOR] Hilos activos: RegistrySync:activo, CEOListener:activo, ThreadMonitor:activo
[22:01:52] [DEBUG] [HILO] Registry sync ejecutado
[22:01:52] [DEBUG] [MONITOR] Hilos activos: RegistrySync:activo, CEOListener:activo, ThreadMonitor:activo
[22:02:06] [DEBUG] [MONITOR] Hilos activos: RegistrySync:activo, CEOListener:activo, ThreadMonitor:activo
[22:02:07] [DEBUG] [MONITOR] Hilos activos: RegistrySync:activo, CEOListener:activo, ThreadMonitor:activo
[22:02:19] [DEBUG] [HILO] Registry sync ejecutado
[22:02:21] [DEBUG] [MONITOR] Hilos activos: RegistrySync:activo, CEOListener:activo, ThreadMonitor:activo
[22:02:22] [DEBUG] [HILO] Registry sync ejecutado
[22:02:22] [DEBUG] [MONITOR] Hilos activos: RegistrySync:activo, CEOListener:activo, ThreadMonitor:activo
[22:02:36] [DEBUG] [MONITOR] Hilos activos: RegistrySync:activo, CEOListener:activo, ThreadMonitor:activo
[22:02:37] [DEBUG] [MONITOR] Hilos activos: RegistrySync:activo, CEOListener:activo, ThreadMonitor:activo
[22:02:49] [DEBUG] [HILO] Registry sync ejecutado
[22:02:51] [DEBUG] [MONITOR] Hilos activos: RegistrySync:activo, CEOListener:activo, ThreadMonitor:activo
[22:02:52] [DEBUG] [HILO] Registry sync ejecutado
[22:02:52] [DEBUG] [MONITOR] Hilos activos: RegistrySync:activo, CEOListener:activo, ThreadMonitor:activo
[22:03:06] [DEBUG] [MONITOR] Hilos activos: RegistrySync:activo, CEOListener:activo, ThreadMonitor:activo
[22:03:07] [DEBUG] [MONITOR] Hilos activos: RegistrySync:activo, CEOListener:activo, ThreadMonitor:activo
[22:03:19] [DEBUG] [HILO] Registry sync ejecutado
[22:03:21] [DEBUG] [MONITOR] Hilos activos: RegistrySync:activo, CEOListener:activo, ThreadMonitor:activo
[22:03:22] [DEBUG] [HILO] Registry sync ejecutado
[22:03:22] [DEBUG] [MONITOR] Hilos activos: RegistrySync:activo, CEOListener:activo, ThreadMonitor:activo
[22:03:36] [DEBUG] [MONITOR] Hilos activos: RegistrySync:activo, CEOListener:activo, ThreadMonitor:activo
[22:03:37] [DEBUG] [MONITOR] Hilos activos: RegistrySync:activo, CEOListener:activo, ThreadMonitor:activo
[22:03:49] [DEBUG] [HILO] Registry sync ejecutado
[22:03:51] [DEBUG] [MONITOR] Hilos activos: RegistrySync:activo, CEOListener:activo, ThreadMonitor:activo
[22:03:52] [DEBUG] [HILO] Registry sync ejecutado
[22:03:52] [DEBUG] [MONITOR] Hilos activos: RegistrySync:activo, CEOListener:activo, ThreadMonitor:activo
[22:04:06] [DEBUG] [MONITOR] Hilos activos: RegistrySync:activo, CEOListener:activo, ThreadMonitor:activo
[22:04:07] [DEBUG] [MONITOR] Hilos activos: RegistrySync:activo, CEOListener:activo, ThreadMonitor:activo
[22:04:19] [DEBUG] [HILO] Registry sync ejecutado
[22:04:21] [DEBUG] [MONITOR] Hilos activos: RegistrySync:activo, CEOListener:activo, ThreadMonitor:activo
[22:04:22] [DEBUG] [HILO] Registry sync ejecutado
[22:04:22] [DEBUG] [MONITOR] Hilos activos: RegistrySync:activo, CEOListener:activo, ThreadMonitor:activo
[22:04:36] [DEBUG] [MONITOR] Hilos activos: RegistrySync:activo, CEOListener:activo, ThreadMonitor:activo
[22:04:37] [DEBUG] [MONITOR] Hilos activos: RegistrySync:activo, CEOListener:activo, ThreadMonitor:activo
[22:04:49] [DEBUG] [HILO] Registry sync ejecutado
[22:04:51] [DEBUG] [MONITOR] Hilos activos: RegistrySync:activo, CEOListener:activo, ThreadMonitor:activo
[22:04:52] [DEBUG] [HILO] Registry sync ejecutado
[22:04:52] [DEBUG] [MONITOR] Hilos activos: RegistrySync:activo, CEOListener:activo, ThreadMonitor:activo
[22:05:06] [DEBUG] [MONITOR] Hilos activos: RegistrySync:activo, CEOListener:activo, ThreadMonitor:activo
[22:05:07] [DEBUG] [MONITOR] Hilos activos: RegistrySync:activo, CEOListener:activo, ThreadMonitor:activo
[22:05:19] [DEBUG] [HILO] Registry sync ejecutado
[22:05:21] [DEBUG] [MONITOR] Hilos activos: RegistrySync:activo, CEOListener:activo, ThreadMonitor:activo
[22:05:22] [DEBUG] [HILO] Registry sync ejecutado
[22:05:22] [DEBUG] [MONITOR] Hilos activos: RegistrySync:activo, CEOListener:activo, ThreadMonitor:activo
[22:05:36] [DEBUG] [MONITOR] Hilos activos: RegistrySync:activo, CEOListener:activo, ThreadMonitor:activo
[22:05:37] [DEBUG] [MONITOR] Hilos activos: RegistrySync:activo, CEOListener:activo, ThreadMonitor:activo
[22:05:49] [DEBUG] [HILO] Registry sync ejecutado
[22:05:51] [DEBUG] [MONITOR] Hilos activos: RegistrySync:activo, CEOListener:activo, ThreadMonitor:activo
[22:05:52] [DEBUG] [HILO] Registry sync ejecutado
[22:05:52] [DEBUG] [MONITOR] Hilos activos: RegistrySync:activo, CEOListener:activo, ThreadMonitor:activo
[22:06:06] [DEBUG] [MONITOR] Hilos activos: RegistrySync:activo, CEOListener:activo, ThreadMonitor:activo
[22:06:07] [DEBUG] [MONITOR] Hilos activos: RegistrySync:activo, CEOListener:activo, ThreadMonitor:activo
[22:06:19] [DEBUG] [HILO] Registry sync ejecutado
[22:06:21] [DEBUG] [MONITOR] Hilos activos: RegistrySync:activo, CEOListener:activo, ThreadMonitor:activo
[22:06:22] [DEBUG] [HILO] Registry sync ejecutado
[22:06:22] [DEBUG] [MONITOR] Hilos activos: RegistrySync:activo, CEOListener:activo, ThreadMonitor:activo
[22:06:36] [DEBUG] [MONITOR] Hilos activos: RegistrySync:activo, CEOListener:activo, ThreadMonitor:activo
[22:06:37] [DEBUG] [MONITOR] Hilos activos: RegistrySync:activo, CEOListener:activo, ThreadMonitor:activo
[22:06:49] [DEBUG] [HILO] Registry sync ejecutado
[22:06:51] [DEBUG] [MONITOR] Hilos activos: RegistrySync:activo, CEOListener:activo, ThreadMonitor:activo
[22:06:52] [DEBUG] [HILO] Registry sync ejecutado
[22:06:52] [DEBUG] [MONITOR] Hilos activos: RegistrySync:activo, CEOListener:activo, ThreadMonitor:activo
[22:07:06] [DEBUG] [MONITOR] Hilos activos: RegistrySync:activo, CEOListener:activo, ThreadMonitor:activo
[22:07:07] [DEBUG] [MONITOR] Hilos activos: RegistrySync:activo, CEOListener:activo, ThreadMonitor:activo
[22:07:19] [DEBUG] [HILO] Registry sync ejecutado
[22:07:21] [DEBUG] [MONITOR] Hilos activos: RegistrySync:activo, CEOListener:activo, ThreadMonitor:activo
[22:07:36] [DEBUG] [MONITOR] Hilos activos: RegistrySync:activo, CEOListener:activo, ThreadMonitor:activo
[22:07:49] [DEBUG] [HILO] Registry sync ejecutado
[22:07:51] [DEBUG] [MONITOR] Hilos activos: RegistrySync:activo, CEOListener:activo, ThreadMonitor:activo
[22:08:06] [DEBUG] [MONITOR] Hilos activos: RegistrySync:activo, CEOListener:activo, ThreadMonitor:activo
[22:08:12] [DEBUG] [INFO] parte5_daimon_base no disponible
[22:08:12] [WARN] [WARN] Error cargando datos: Can't get attribute 'DemandSample' on <module '__main__' from '/data/data/com.termux/files/home/lucifer_prometeo/00_start_all.py'>
[22:08:12] [WARN] [WARN] Error cargando modelo: Can't get attribute 'EnsembleDemandPredictor' on <module '__main__' from '/data/data/com.termux/files/home/lucifer_prometeo/00_start_all.py'>
[22:08:12] [DEBUG] [HILO] Registry sync ejecutado
[22:08:12] [INFO] [HILO] Conectado: RegistrySync
[22:08:12] [INFO] [HILO] Conectado: CEOListener
[22:08:12] [DEBUG] [MONITOR] Hilos activos: RegistrySync:activo, CEOListener:activo
[22:08:12] [INFO] [HILO] Conectado: ThreadMonitor
[22:08:12] [INFO] [HILO] Monitor de threads iniciado
[22:08:12] [INFO] [HILO] Todos los hilos de fondo conectados
[22:08:12] [INFO] [INFO] Entrenando ensemble con 500 muestras...
[22:08:12] [INFO] [OK] Ensemble entrenado exitosamente (0 modelos)
[22:08:12] [INFO] [OK] Predictor inicializado y entrenado con 500 muestras
[22:08:19] [DEBUG] [HILO] Registry sync ejecutado
[22:08:21] [DEBUG] [MONITOR] Hilos activos: RegistrySync:activo, CEOListener:activo, ThreadMonitor:activo
[22:08:24] [DEBUG] [INFO] parte5_daimon_base no disponible
[22:08:27] [DEBUG] [MONITOR] Hilos activos: RegistrySync:activo, CEOListener:activo, ThreadMonitor:activo
[22:08:36] [DEBUG] [MONITOR] Hilos activos: RegistrySync:activo, CEOListener:activo, ThreadMonitor:activo
[22:08:42] [DEBUG] [HILO] Registry sync ejecutado
[22:08:42] [DEBUG] [MONITOR] Hilos activos: RegistrySync:activo, CEOListener:activo, ThreadMonitor:activo
[22:08:49] [DEBUG] [HILO] Registry sync ejecutado
[22:08:51] [DEBUG] [MONITOR] Hilos activos: RegistrySync:activo, CEOListener:activo, ThreadMonitor:activo
[22:08:57] [DEBUG] [MONITOR] Hilos activos: RegistrySync:activo, CEOListener:activo, ThreadMonitor:activo
[22:09:06] [DEBUG] [MONITOR] Hilos activos: RegistrySync:activo, CEOListener:activo, ThreadMonitor:activo
[22:09:12] [DEBUG] [HILO] Registry sync ejecutado
[22:09:12] [DEBUG] [MONITOR] Hilos activos: RegistrySync:activo, CEOListener:activo, ThreadMonitor:activo
[22:09:19] [DEBUG] [HILO] Registry sync ejecutado
[22:09:21] [DEBUG] [MONITOR] Hilos activos: RegistrySync:activo, CEOListener:activo, ThreadMonitor:activo
[22:09:27] [DEBUG] [MONITOR] Hilos activos: RegistrySync:activo, CEOListener:activo, ThreadMonitor:activo
[22:09:36] [DEBUG] [MONITOR] Hilos activos: RegistrySync:activo, CEOListener:activo, ThreadMonitor:activo
[22:09:42] [DEBUG] [HILO] Registry sync ejecutado
[22:09:42] [DEBUG] [MONITOR] Hilos activos: RegistrySync:activo, CEOListener:activo, ThreadMonitor:activo
[22:09:49] [DEBUG] [HILO] Registry sync ejecutado
[22:09:51] [DEBUG] [MONITOR] Hilos activos: RegistrySync:activo, CEOListener:activo, ThreadMonitor:activo
[22:09:57] [DEBUG] [MONITOR] Hilos activos: RegistrySync:activo, CEOListener:activo, ThreadMonitor:activo
[22:10:06] [DEBUG] [MONITOR] Hilos activos: RegistrySync:activo, CEOListener:activo, ThreadMonitor:activo
[22:10:12] [DEBUG] [HILO] Registry sync ejecutado
[22:10:12] [DEBUG] [MONITOR] Hilos activos: RegistrySync:activo, CEOListener:activo, ThreadMonitor:activo
[22:10:19] [DEBUG] [HILO] Registry sync ejecutado
[22:10:21] [DEBUG] [MONITOR] Hilos activos: RegistrySync:activo, CEOListener:activo, ThreadMonitor:activo
[22:10:27] [DEBUG] [MONITOR] Hilos activos: RegistrySync:activo, CEOListener:activo, ThreadMonitor:activo
[22:10:36] [DEBUG] [MONITOR] Hilos activos: RegistrySync:activo, CEOListener:activo, ThreadMonitor:activo
[22:10:42] [DEBUG] [HILO] Registry sync ejecutado
[22:10:42] [DEBUG] [MONITOR] Hilos activos: RegistrySync:activo, CEOListener:activo, ThreadMonitor:activo
[22:10:49] [DEBUG] [HILO] Registry sync ejecutado
[22:10:51] [DEBUG] [MONITOR] Hilos activos: RegistrySync:activo, CEOListener:activo, ThreadMonitor:activo
[22:10:57] [DEBUG] [MONITOR] Hilos activos: RegistrySync:activo, CEOListener:activo, ThreadMonitor:activo
[22:11:06] [DEBUG] [MONITOR] Hilos activos: RegistrySync:activo, CEOListener:activo, ThreadMonitor:activo
[22:11:12] [DEBUG] [HILO] Registry sync ejecutado
[22:11:12] [DEBUG] [MONITOR] Hilos activos: RegistrySync:activo, CEOListener:activo, ThreadMonitor:activo
[22:11:19] [DEBUG] [HILO] Registry sync ejecutado
[22:11:21] [DEBUG] [MONITOR] Hilos activos: RegistrySync:activo, CEOListener:activo, ThreadMonitor:activo
[22:11:27] [DEBUG] [MONITOR] Hilos activos: RegistrySync:activo, CEOListener:activo, ThreadMonitor:activo
[22:11:36] [DEBUG] [MONITOR] Hilos activos: RegistrySync:activo, CEOListener:activo, ThreadMonitor:activo
[22:11:42] [DEBUG] [HILO] Registry sync ejecutado
[22:11:42] [DEBUG] [MONITOR] Hilos activos: RegistrySync:activo, CEOListener:activo, ThreadMonitor:activo
[22:11:49] [DEBUG] [HILO] Registry sync ejecutado
[22:11:51] [DEBUG] [MONITOR] Hilos activos: RegistrySync:activo, CEOListener:activo, ThreadMonitor:activo
[22:11:57] [DEBUG] [MONITOR] Hilos activos: RegistrySync:activo, CEOListener:activo, ThreadMonitor:activo
[22:12:06] [DEBUG] [MONITOR] Hilos activos: RegistrySync:activo, CEOListener:activo, ThreadMonitor:activo
[22:12:12] [DEBUG] [HILO] Registry sync ejecutado
[22:12:12] [DEBUG] [MONITOR] Hilos activos: RegistrySync:activo, CEOListener:activo, ThreadMonitor:activo
[22:12:19] [DEBUG] [HILO] Registry sync ejecutado
[22:12:21] [DEBUG] [MONITOR] Hilos activos: RegistrySync:activo, CEOListener:activo, ThreadMonitor:activo
[22:12:27] [DEBUG] [MONITOR] Hilos activos: RegistrySync:activo, CEOListener:activo, ThreadMonitor:activo
[22:12:36] [DEBUG] [MONITOR] Hilos activos: RegistrySync:activo, CEOListener:activo, ThreadMonitor:activo
[22:12:42] [DEBUG] [HILO] Registry sync ejecutado
[22:12:42] [DEBUG] [MONITOR] Hilos activos: RegistrySync:activo, CEOListener:activo, ThreadMonitor:activo
[22:12:49] [DEBUG] [HILO] Registry sync ejecutado
[22:12:51] [DEBUG] [MONITOR] Hilos activos: RegistrySync:activo, CEOListener:activo, ThreadMonitor:activo
[22:12:57] [DEBUG] [MONITOR] Hilos activos: RegistrySync:activo, CEOListener:activo, ThreadMonitor:activo
[22:13:06] [DEBUG] [MONITOR] Hilos activos: RegistrySync:activo, CEOListener:activo, ThreadMonitor:activo
[22:13:12] [DEBUG] [HILO] Registry sync ejecutado
[22:13:12] [DEBUG] [MONITOR] Hilos activos: RegistrySync:activo, CEOListener:activo, ThreadMonitor:activo
[22:13:19] [DEBUG] [HILO] Registry sync ejecutado
[22:13:21] [DEBUG] [MONITOR] Hilos activos: RegistrySync:activo, CEOListener:activo, ThreadMonitor:activo
[22:13:27] [DEBUG] [MONITOR] Hilos activos: RegistrySync:activo, CEOListener:activo, ThreadMonitor:activo
[22:13:36] [DEBUG] [MONITOR] Hilos activos: RegistrySync:activo, CEOListener:activo, ThreadMonitor:activo
[22:13:42] [DEBUG] [HILO] Registry sync ejecutado
[22:13:42] [DEBUG] [MONITOR] Hilos activos: RegistrySync:activo, CEOListener:activo, ThreadMonitor:activo
[22:13:49] [DEBUG] [HILO] Registry sync ejecutado
[22:13:51] [DEBUG] [MONITOR] Hilos activos: RegistrySync:activo, CEOListener:activo, ThreadMonitor:activo
[22:13:57] [DEBUG] [MONITOR] Hilos activos: RegistrySync:activo, CEOListener:activo, ThreadMonitor:activo
[22:14:06] [DEBUG] [MONITOR] Hilos activos: RegistrySync:activo, CEOListener:activo, ThreadMonitor:activo
[22:14:12] [DEBUG] [HILO] Registry sync ejecutado
[22:14:12] [DEBUG] [MONITOR] Hilos activos: RegistrySync:activo, CEOListener:activo, ThreadMonitor:activo
[22:14:19] [DEBUG] [HILO] Registry sync ejecutado
[22:14:21] [DEBUG] [MONITOR] Hilos activos: RegistrySync:activo, CEOListener:activo, ThreadMonitor:activo
[22:14:27] [DEBUG] [MONITOR] Hilos activos: RegistrySync:activo, CEOListener:activo, ThreadMonitor:activo
[22:14:36] [DEBUG] [MONITOR] Hilos activos: RegistrySync:activo, CEOListener:activo, ThreadMonitor:activo
[22:14:42] [DEBUG] [HILO] Registry sync ejecutado
[22:14:42] [DEBUG] [MONITOR] Hilos activos: RegistrySync:activo, CEOListener:activo, ThreadMonitor:activo
[22:14:49] [DEBUG] [HILO] Registry sync ejecutado
[22:14:51] [DEBUG] [MONITOR] Hilos activos: RegistrySync:activo, CEOListener:activo, ThreadMonitor:activo
[22:14:57] [DEBUG] [MONITOR] Hilos activos: RegistrySync:activo, CEOListener:activo, ThreadMonitor:activo
[22:15:06] [DEBUG] [MONITOR] Hilos activos: RegistrySync:activo, CEOListener:activo, ThreadMonitor:activo
[22:15:12] [DEBUG] [HILO] Registry sync ejecutado
[22:15:12] [DEBUG] [MONITOR] Hilos activos: RegistrySync:activo, CEOListener:activo, ThreadMonitor:activo
[22:15:19] [DEBUG] [HILO] Registry sync ejecutado
[22:15:21] [DEBUG] [MONITOR] Hilos activos: RegistrySync:activo, CEOListener:activo, ThreadMonitor:activo
[22:15:27] [DEBUG] [MONITOR] Hilos activos: RegistrySync:activo, CEOListener:activo, ThreadMonitor:activo
[22:15:36] [DEBUG] [MONITOR] Hilos activos: RegistrySync:activo, CEOListener:activo, ThreadMonitor:activo
[22:15:42] [DEBUG] [HILO] Registry sync ejecutado
[22:15:42] [DEBUG] [MONITOR] Hilos activos: RegistrySync:activo, CEOListener:activo, ThreadMonitor:activo
[22:15:49] [DEBUG] [HILO] Registry sync ejecutado
[22:15:51] [DEBUG] [MONITOR] Hilos activos: RegistrySync:activo, CEOListener:activo, ThreadMonitor:activo
[22:15:57] [DEBUG] [MONITOR] Hilos activos: RegistrySync:activo, CEOListener:activo, ThreadMonitor:activo
[22:16:06] [DEBUG] [MONITOR] Hilos activos: RegistrySync:activo, CEOListener:activo, ThreadMonitor:activo
[22:16:12] [DEBUG] [HILO] Registry sync ejecutado
[22:16:12] [DEBUG] [MONITOR] Hilos activos: RegistrySync:activo, CEOListener:activo, ThreadMonitor:activo
[22:16:19] [DEBUG] [HILO] Registry sync ejecutado
[22:16:21] [DEBUG] [MONITOR] Hilos activos: RegistrySync:activo, CEOListener:activo, ThreadMonitor:activo
[22:16:27] [DEBUG] [MONITOR] Hilos activos: RegistrySync:activo, CEOListener:activo, ThreadMonitor:activo
[22:16:36] [DEBUG] [MONITOR] Hilos activos: RegistrySync:activo, CEOListener:activo, ThreadMonitor:activo
[22:16:42] [DEBUG] [HILO] Registry sync ejecutado
[22:16:42] [DEBUG] [MONITOR] Hilos activos: RegistrySync:activo, CEOListener:activo, ThreadMonitor:activo
[22:16:49] [DEBUG] [HILO] Registry sync ejecutado
[22:16:51] [DEBUG] [MONITOR] Hilos activos: RegistrySync:activo, CEOListener:activo, ThreadMonitor:activo
[22:17:06] [DEBUG] [MONITOR] Hilos activos: RegistrySync:activo, CEOListener:activo, ThreadMonitor:activo
[22:17:19] [DEBUG] [HILO] Registry sync ejecutado
[22:17:21] [DEBUG] [MONITOR] Hilos activos: RegistrySync:activo, CEOListener:activo, ThreadMonitor:activo
[22:17:36] [DEBUG] [MONITOR] Hilos activos: RegistrySync:activo, CEOListener:activo, ThreadMonitor:activo
[22:17:49] [DEBUG] [HILO] Registry sync ejecutado
[22:17:51] [DEBUG] [MONITOR] Hilos activos: RegistrySync:activo, CEOListener:activo, ThreadMonitor:activo
[22:18:01] [DEBUG] [INFO] parte5_daimon_base no disponible
[22:18:01] [WARN] [WARN] Error cargando datos: Can't get attribute 'DemandSample' on <module '__main__' from '/data/data/com.termux/files/home/lucifer_prometeo/00_start_all.py'>
[22:18:01] [WARN] [WARN] Error cargando modelo: Can't get attribute 'EnsembleDemandPredictor' on <module '__main__' from '/data/data/com.termux/files/home/lucifer_prometeo/00_start_all.py'>
[22:18:01] [INFO] [HILO] Conectado: RegistrySync
[22:18:01] [DEBUG] [HILO] Registry sync ejecutado
[22:18:01] [INFO] [HILO] Conectado: CEOListener
[22:18:01] [DEBUG] [MONITOR] Hilos activos: RegistrySync:activo, CEOListener:activo
[22:18:01] [INFO] [HILO] Conectado: ThreadMonitor
[22:18:01] [INFO] [HILO] Monitor de threads iniciado
[22:18:01] [INFO] [HILO] Todos los hilos de fondo conectados
[22:18:02] [INFO] [INFO] Entrenando ensemble con 500 muestras...
[22:18:02] [INFO] [OK] Ensemble entrenado exitosamente (0 modelos)
[22:18:02] [INFO] [OK] Predictor inicializado y entrenado con 500 muestras
[22:18:06] [DEBUG] [MONITOR] Hilos activos: RegistrySync:activo, CEOListener:activo, ThreadMonitor:activo
[22:18:14] [DEBUG] [INFO] parte5_daimon_base no disponible
[22:18:16] [DEBUG] [MONITOR] Hilos activos: RegistrySync:activo, CEOListener:activo, ThreadMonitor:activo
[22:18:19] [DEBUG] [HILO] Registry sync ejecutado
[22:18:21] [DEBUG] [MONITOR] Hilos activos: RegistrySync:activo, CEOListener:activo, ThreadMonitor:activo
[22:18:30] [WARN] Activando fallback sandbox: faltan UBER_CLIENT_ID, UBER_CLIENT_SECRET, UBER_ACCESS_TOKEN o UBER_SERVER_TOKEN
[22:18:30] [CONFIG] UberConfig: modo=SANDBOX_FALLBACK, fallback=True
[22:18:30] [ERROR] Orquestador no inicializado. Llame init_negotiation_system() primero.
[22:18:31] [DEBUG] [HILO] Registry sync ejecutado
[22:18:31] [DEBUG] [MONITOR] Hilos activos: RegistrySync:activo, CEOListener:activo, ThreadMonitor:activo
[22:18:36] [DEBUG] [MONITOR] Hilos activos: RegistrySync:activo, CEOListener:activo, ThreadMonitor:activo
[22:18:46] [DEBUG] [MONITOR] Hilos activos: RegistrySync:activo, CEOListener:activo, ThreadMonitor:activo
[22:18:49] [DEBUG] [HILO] Registry sync ejecutado
[22:18:51] [DEBUG] [MONITOR] Hilos activos: RegistrySync:activo, CEOListener:activo, ThreadMonitor:activo
[22:19:01] [DEBUG] [HILO] Registry sync ejecutado
[22:19:01] [DEBUG] [MONITOR] Hilos activos: RegistrySync:activo, CEOListener:activo, ThreadMonitor:activo
[22:19:06] [DEBUG] [MONITOR] Hilos activos: RegistrySync:activo, CEOListener:activo, ThreadMonitor:activo
[22:19:16] [DEBUG] [MONITOR] Hilos activos: RegistrySync:activo, CEOListener:activo, ThreadMonitor:activo
[22:19:19] [DEBUG] [HILO] Registry sync ejecutado
[22:19:21] [DEBUG] [MONITOR] Hilos activos: RegistrySync:activo, CEOListener:activo, ThreadMonitor:activo
[22:19:30] [ERROR] Orquestador no inicializado. Llame init_negotiation_system() primero.
[22:19:31] [DEBUG] [HILO] Registry sync ejecutado
[22:19:31] [DEBUG] [MONITOR] Hilos activos: RegistrySync:activo, CEOListener:activo, ThreadMonitor:activo
[22:19:36] [DEBUG] [MONITOR] Hilos activos: RegistrySync:activo, CEOListener:activo, ThreadMonitor:activo
[22:19:46] [DEBUG] [MONITOR] Hilos activos: RegistrySync:activo, CEOListener:activo, ThreadMonitor:activo
[22:19:49] [DEBUG] [HILO] Registry sync ejecutado
[22:19:51] [DEBUG] [MONITOR] Hilos activos: RegistrySync:activo, CEOListener:activo, ThreadMonitor:activo
[22:20:01] [DEBUG] [HILO] Registry sync ejecutado
[22:20:01] [DEBUG] [MONITOR] Hilos activos: RegistrySync:activo, CEOListener:activo, ThreadMonitor:activo
[22:20:06] [DEBUG] [MONITOR] Hilos activos: RegistrySync:activo, CEOListener:activo, ThreadMonitor:activo
[22:20:16] [DEBUG] [MONITOR] Hilos activos: RegistrySync:activo, CEOListener:activo, ThreadMonitor:activo
[22:20:19] [DEBUG] [HILO] Registry sync ejecutado
[22:20:21] [DEBUG] [MONITOR] Hilos activos: RegistrySync:activo, CEOListener:activo, ThreadMonitor:activo
[22:20:30] [ERROR] Orquestador no inicializado. Llame init_negotiation_system() primero.
[22:20:31] [DEBUG] [HILO] Registry sync ejecutado
[22:20:31] [DEBUG] [MONITOR] Hilos activos: RegistrySync:activo, CEOListener:activo, ThreadMonitor:activo
[22:20:36] [DEBUG] [MONITOR] Hilos activos: RegistrySync:activo, CEOListener:activo, ThreadMonitor:activo
[22:20:46] [DEBUG] [MONITOR] Hilos activos: RegistrySync:activo, CEOListener:activo, ThreadMonitor:activo
[22:20:49] [DEBUG] [HILO] Registry sync ejecutado
[22:20:51] [DEBUG] [MONITOR] Hilos activos: RegistrySync:activo, CEOListener:activo, ThreadMonitor:activo
[22:21:01] [DEBUG] [HILO] Registry sync ejecutado
[22:21:01] [DEBUG] [MONITOR] Hilos activos: RegistrySync:activo, CEOListener:activo, ThreadMonitor:activo
[22:21:06] [DEBUG] [MONITOR] Hilos activos: RegistrySync:activo, CEOListener:activo, ThreadMonitor:activo
[22:21:16] [DEBUG] [MONITOR] Hilos activos: RegistrySync:activo, CEOListener:activo, ThreadMonitor:activo
[22:21:19] [DEBUG] [HILO] Registry sync ejecutado
[22:21:21] [DEBUG] [MONITOR] Hilos activos: RegistrySync:activo, CEOListener:activo, ThreadMonitor:activo
[22:21:30] [ERROR] Orquestador no inicializado. Llame init_negotiation_system() primero.
[22:21:31] [DEBUG] [MONITOR] Hilos activos: RegistrySync:activo, CEOListener:activo, ThreadMonitor:activo
[22:21:31] [DEBUG] [HILO] Registry sync ejecutado
[22:21:36] [DEBUG] [MONITOR] Hilos activos: RegistrySync:activo, CEOListener:activo, ThreadMonitor:activo
[22:21:47] [DEBUG] [MONITOR] Hilos activos: RegistrySync:activo, CEOListener:activo, ThreadMonitor:activo
[22:21:49] [DEBUG] [HILO] Registry sync ejecutado
[22:21:51] [DEBUG] [MONITOR] Hilos activos: RegistrySync:activo, CEOListener:activo, ThreadMonitor:activo
[22:22:02] [DEBUG] [HILO] Registry sync ejecutado
[22:22:02] [DEBUG] [MONITOR] Hilos activos: RegistrySync:activo, CEOListener:activo, ThreadMonitor:activo
[22:22:06] [DEBUG] [MONITOR] Hilos activos: RegistrySync:activo, CEOListener:activo, ThreadMonitor:activo
[22:22:17] [DEBUG] [MONITOR] Hilos activos: RegistrySync:activo, CEOListener:activo, ThreadMonitor:activo
[22:22:19] [DEBUG] [HILO] Registry sync ejecutado
[22:22:21] [DEBUG] [MONITOR] Hilos activos: RegistrySync:activo, CEOListener:activo, ThreadMonitor:activo
[22:22:30] [ERROR] Orquestador no inicializado. Llame init_negotiation_system() primero.
[22:22:32] [DEBUG] [HILO] Registry sync ejecutado
[22:22:32] [DEBUG] [MONITOR] Hilos activos: RegistrySync:activo, CEOListener:activo, ThreadMonitor:activo
[22:22:36] [DEBUG] [MONITOR] Hilos activos: RegistrySync:activo, CEOListener:activo, ThreadMonitor:activo
[22:22:47] [DEBUG] [MONITOR] Hilos activos: RegistrySync:activo, CEOListener:activo, ThreadMonitor:activo
[22:22:49] [DEBUG] [HILO] Registry sync ejecutado
[22:22:51] [DEBUG] [MONITOR] Hilos activos: RegistrySync:activo, CEOListener:activo, ThreadMonitor:activo
[22:23:02] [DEBUG] [HILO] Registry sync ejecutado
[22:23:02] [DEBUG] [MONITOR] Hilos activos: RegistrySync:activo, CEOListener:activo, ThreadMonitor:activo
[22:23:06] [DEBUG] [MONITOR] Hilos activos: RegistrySync:activo, CEOListener:activo, ThreadMonitor:activo
[22:23:17] [DEBUG] [MONITOR] Hilos activos: RegistrySync:activo, CEOListener:activo, ThreadMonitor:activo
[22:23:19] [DEBUG] [HILO] Registry sync ejecutado
[22:23:21] [DEBUG] [MONITOR] Hilos activos: RegistrySync:activo, CEOListener:activo, ThreadMonitor:activo
[22:23:31] [ERROR] Orquestador no inicializado. Llame init_negotiation_system() primero.
[22:23:32] [DEBUG] [HILO] Registry sync ejecutado
[22:23:32] [DEBUG] [MONITOR] Hilos activos: RegistrySync:activo, CEOListener:activo, ThreadMonitor:activo
[22:23:36] [DEBUG] [MONITOR] Hilos activos: RegistrySync:activo, CEOListener:activo, ThreadMonitor:activo
[22:23:47] [DEBUG] [MONITOR] Hilos activos: RegistrySync:activo, CEOListener:activo, ThreadMonitor:activo
[22:23:49] [DEBUG] [HILO] Registry sync ejecutado
[22:23:51] [DEBUG] [MONITOR] Hilos activos: RegistrySync:activo, CEOListener:activo, ThreadMonitor:activo
[22:24:06] [DEBUG] [MONITOR] Hilos activos: RegistrySync:activo, CEOListener:activo, ThreadMonitor:activo
[22:24:19] [DEBUG] [HILO] Registry sync ejecutado
[22:24:21] [DEBUG] [MONITOR] Hilos activos: RegistrySync:activo, CEOListener:activo, ThreadMonitor:activo
[22:24:36] [DEBUG] [MONITOR] Hilos activos: RegistrySync:activo, CEOListener:activo, ThreadMonitor:activo
[22:24:49] [DEBUG] [HILO] Registry sync ejecutado
[22:24:51] [DEBUG] [MONITOR] Hilos activos: RegistrySync:activo, CEOListener:activo, ThreadMonitor:activo
[22:25:06] [DEBUG] [MONITOR] Hilos activos: RegistrySync:activo, CEOListener:activo, ThreadMonitor:activo
[22:25:19] [DEBUG] [HILO] Registry sync ejecutado
[22:25:19] [DEBUG] [INFO] parte5_daimon_base no disponible
[22:25:19] [WARN] [WARN] Error cargando datos: Can't get attribute 'DemandSample' on <module '__main__' from '/data/data/com.termux/files/home/lucifer_prometeo/00_start_all.py'>
[22:25:19] [WARN] [WARN] Error cargando modelo: Can't get attribute 'EnsembleDemandPredictor' on <module '__main__' from '/data/data/com.termux/files/home/lucifer_prometeo/00_start_all.py'>
[22:25:19] [INFO] [HILO] Conectado: RegistrySync
[22:25:19] [INFO] [HILO] Conectado: CEOListener
[22:25:19] [DEBUG] [HILO] Registry sync ejecutado
[22:25:19] [INFO] [HILO] Conectado: ThreadMonitor
[22:25:19] [INFO] [HILO] Monitor de threads iniciado
[22:25:19] [INFO] [HILO] Todos los hilos de fondo conectados
[22:25:19] [DEBUG] [MONITOR] Hilos activos: RegistrySync:activo, CEOListener:activo
[22:25:19] [INFO] [INFO] Entrenando ensemble con 500 muestras...
[22:25:19] [INFO] [OK] Ensemble entrenado exitosamente (0 modelos)
[22:25:19] [INFO] [OK] Predictor inicializado y entrenado con 500 muestras
[22:25:21] [DEBUG] [MONITOR] Hilos activos: RegistrySync:activo, CEOListener:activo, ThreadMonitor:activo
[22:25:31] [DEBUG] [INFO] parte5_daimon_base no disponible
[22:25:34] [DEBUG] [MONITOR] Hilos activos: RegistrySync:activo, CEOListener:activo, ThreadMonitor:activo
[22:25:36] [DEBUG] [MONITOR] Hilos activos: RegistrySync:activo, CEOListener:activo, ThreadMonitor:activo
[22:25:47] [WARN] Activando fallback sandbox: faltan UBER_CLIENT_ID, UBER_CLIENT_SECRET, UBER_ACCESS_TOKEN o UBER_SERVER_TOKEN
[22:25:47] [CONFIG] UberConfig: modo=SANDBOX_FALLBACK, fallback=True
[22:25:47] [ERROR] Orquestador no inicializado. Llame init_negotiation_system() primero.
[22:25:49] [DEBUG] [HILO] Registry sync ejecutado
[22:25:49] [DEBUG] [HILO] Registry sync ejecutado
[22:25:49] [DEBUG] [MONITOR] Hilos activos: RegistrySync:activo, CEOListener:activo, ThreadMonitor:activo
[22:25:51] [DEBUG] [MONITOR] Hilos activos: RegistrySync:activo, CEOListener:activo, ThreadMonitor:activo
[22:26:04] [DEBUG] [MONITOR] Hilos activos: RegistrySync:activo, CEOListener:activo, ThreadMonitor:activo
[22:26:06] [DEBUG] [MONITOR] Hilos activos: RegistrySync:activo, CEOListener:activo, ThreadMonitor:activo
[22:26:19] [DEBUG] [HILO] Registry sync ejecutado
[22:26:19] [DEBUG] [HILO] Registry sync ejecutado
[22:26:19] [DEBUG] [MONITOR] Hilos activos: RegistrySync:activo, CEOListener:activo, ThreadMonitor:activo
[22:26:21] [DEBUG] [MONITOR] Hilos activos: RegistrySync:activo, CEOListener:activo, ThreadMonitor:activo
[22:26:34] [DEBUG] [MONITOR] Hilos activos: RegistrySync:activo, CEOListener:activo, ThreadMonitor:activo
[22:26:36] [DEBUG] [MONITOR] Hilos activos: RegistrySync:activo, CEOListener:activo, ThreadMonitor:activo
[22:26:47] [ERROR] Orquestador no inicializado. Llame init_negotiation_system() primero.
[22:26:49] [DEBUG] [HILO] Registry sync ejecutado
[22:26:49] [DEBUG] [HILO] Registry sync ejecutado
[22:26:49] [DEBUG] [MONITOR] Hilos activos: RegistrySync:activo, CEOListener:activo, ThreadMonitor:activo
[22:26:51] [DEBUG] [MONITOR] Hilos activos: RegistrySync:activo, CEOListener:activo, ThreadMonitor:activo
[22:27:04] [DEBUG] [MONITOR] Hilos activos: RegistrySync:activo, CEOListener:activo, ThreadMonitor:activo
[22:27:06] [DEBUG] [MONITOR] Hilos activos: RegistrySync:activo, CEOListener:activo, ThreadMonitor:activo
[22:27:19] [DEBUG] [HILO] Registry sync ejecutado
[22:27:19] [DEBUG] [HILO] Registry sync ejecutado
[22:27:19] [DEBUG] [MONITOR] Hilos activos: RegistrySync:activo, CEOListener:activo, ThreadMonitor:activo
[22:27:21] [DEBUG] [MONITOR] Hilos activos: RegistrySync:activo, CEOListener:activo, ThreadMonitor:activo
[22:27:34] [DEBUG] [MONITOR] Hilos activos: RegistrySync:activo, CEOListener:activo, ThreadMonitor:activo
[22:27:36] [DEBUG] [MONITOR] Hilos activos: RegistrySync:activo, CEOListener:activo, ThreadMonitor:activo
[22:27:48] [ERROR] Orquestador no inicializado. Llame init_negotiation_system() primero.
[22:27:49] [DEBUG] [HILO] Registry sync ejecutado
[22:27:49] [DEBUG] [HILO] Registry sync ejecutado
[22:27:49] [DEBUG] [MONITOR] Hilos activos: RegistrySync:activo, CEOListener:activo, ThreadMonitor:activo
[22:27:51] [DEBUG] [MONITOR] Hilos activos: RegistrySync:activo, CEOListener:activo, ThreadMonitor:activo
[22:28:04] [DEBUG] [MONITOR] Hilos activos: RegistrySync:activo, CEOListener:activo, ThreadMonitor:activo
[22:28:06] [DEBUG] [MONITOR] Hilos activos: RegistrySync:activo, CEOListener:activo, ThreadMonitor:activo
[22:28:19] [DEBUG] [HILO] Registry sync ejecutado
[22:28:19] [DEBUG] [HILO] Registry sync ejecutado
[22:28:19] [DEBUG] [MONITOR] Hilos activos: RegistrySync:activo, CEOListener:activo, ThreadMonitor:activo
[22:28:21] [DEBUG] [MONITOR] Hilos activos: RegistrySync:activo, CEOListener:activo, ThreadMonitor:activo
[22:28:34] [DEBUG] [MONITOR] Hilos activos: RegistrySync:activo, CEOListener:activo, ThreadMonitor:activo
[22:28:36] [DEBUG] [MONITOR] Hilos activos: RegistrySync:activo, CEOListener:activo, ThreadMonitor:activo
[22:28:48] [ERROR] Orquestador no inicializado. Llame init_negotiation_system() primero.
[22:28:49] [DEBUG] [HILO] Registry sync ejecutado
[22:28:49] [DEBUG] [HILO] Registry sync ejecutado
[22:28:49] [DEBUG] [MONITOR] Hilos activos: RegistrySync:activo, CEOListener:activo, ThreadMonitor:activo
[22:28:51] [DEBUG] [MONITOR] Hilos activos: RegistrySync:activo, CEOListener:activo, ThreadMonitor:activo
[22:29:04] [DEBUG] [MONITOR] Hilos activos: RegistrySync:activo, CEOListener:activo, ThreadMonitor:activo
[22:29:06] [DEBUG] [MONITOR] Hilos activos: RegistrySync:activo, CEOListener:activo, ThreadMonitor:activo
[22:29:19] [DEBUG] [HILO] Registry sync ejecutado
[22:29:19] [DEBUG] [HILO] Registry sync ejecutado
[22:29:19] [DEBUG] [MONITOR] Hilos activos: RegistrySync:activo, CEOListener:activo, ThreadMonitor:activo
[22:29:21] [DEBUG] [MONITOR] Hilos activos: RegistrySync:activo, CEOListener:activo, ThreadMonitor:activo
[22:29:34] [DEBUG] [MONITOR] Hilos activos: RegistrySync:activo, CEOListener:activo, ThreadMonitor:activo
[22:29:36] [DEBUG] [MONITOR] Hilos activos: RegistrySync:activo, CEOListener:activo, ThreadMonitor:activo
[22:29:48] [ERROR] Orquestador no inicializado. Llame init_negotiation_system() primero.
[22:29:49] [DEBUG] [HILO] Registry sync ejecutado
[22:29:49] [DEBUG] [HILO] Registry sync ejecutado
[22:29:49] [DEBUG] [MONITOR] Hilos activos: RegistrySync:activo, CEOListener:activo, ThreadMonitor:activo
[22:29:51] [DEBUG] [MONITOR] Hilos activos: RegistrySync:activo, CEOListener:activo, ThreadMonitor:activo
[22:30:04] [DEBUG] [MONITOR] Hilos activos: RegistrySync:activo, CEOListener:activo, ThreadMonitor:activo
[22:30:06] [DEBUG] [MONITOR] Hilos activos: RegistrySync:activo, CEOListener:activo, ThreadMonitor:activo
[22:30:19] [DEBUG] [HILO] Registry sync ejecutado
[22:30:19] [DEBUG] [HILO] Registry sync ejecutado
[22:30:19] [DEBUG] [MONITOR] Hilos activos: RegistrySync:activo, CEOListener:activo, ThreadMonitor:activo
[22:30:21] [DEBUG] [MONITOR] Hilos activos: RegistrySync:activo, CEOListener:activo, ThreadMonitor:activo
[22:30:34] [DEBUG] [MONITOR] Hilos activos: RegistrySync:activo, CEOListener:activo, ThreadMonitor:activo
[22:30:36] [DEBUG] [MONITOR] Hilos activos: RegistrySync:activo, CEOListener:activo, ThreadMonitor:activo
[22:30:48] [ERROR] Orquestador no inicializado. Llame init_negotiation_system() primero.
[22:30:49] [DEBUG] [HILO] Registry sync ejecutado
[22:30:49] [DEBUG] [HILO] Registry sync ejecutado
[22:30:49] [DEBUG] [MONITOR] Hilos activos: RegistrySync:activo, CEOListener:activo, ThreadMonitor:activo
[22:30:51] [DEBUG] [MONITOR] Hilos activos: RegistrySync:activo, CEOListener:activo, ThreadMonitor:activo
[22:31:04] [DEBUG] [MONITOR] Hilos activos: RegistrySync:activo, CEOListener:activo, ThreadMonitor:activo
[22:31:06] [DEBUG] [MONITOR] Hilos activos: RegistrySync:activo, CEOListener:activo, ThreadMonitor:activo
[22:31:19] [DEBUG] [HILO] Registry sync ejecutado
[22:31:19] [DEBUG] [HILO] Registry sync ejecutado
[22:31:19] [DEBUG] [MONITOR] Hilos activos: RegistrySync:activo, CEOListener:activo, ThreadMonitor:activo
[22:31:21] [DEBUG] [MONITOR] Hilos activos: RegistrySync:activo, CEOListener:activo, ThreadMonitor:activo
[22:31:34] [DEBUG] [MONITOR] Hilos activos: RegistrySync:activo, CEOListener:activo, ThreadMonitor:activo
[22:31:36] [DEBUG] [MONITOR] Hilos activos: RegistrySync:activo, CEOListener:activo, ThreadMonitor:activo
[22:31:48] [ERROR] Orquestador no inicializado. Llame init_negotiation_system() primero.
[22:31:49] [DEBUG] [HILO] Registry sync ejecutado
[22:31:49] [DEBUG] [HILO] Registry sync ejecutado
[22:31:49] [DEBUG] [MONITOR] Hilos activos: RegistrySync:activo, CEOListener:activo, ThreadMonitor:activo
[22:31:51] [DEBUG] [MONITOR] Hilos activos: RegistrySync:activo, CEOListener:activo, ThreadMonitor:activo
[22:32:04] [DEBUG] [MONITOR] Hilos activos: RegistrySync:activo, CEOListener:activo, ThreadMonitor:activo
[22:32:06] [DEBUG] [MONITOR] Hilos activos: RegistrySync:activo, CEOListener:activo, ThreadMonitor:activo
[22:32:19] [DEBUG] [HILO] Registry sync ejecutado
[22:32:19] [DEBUG] [HILO] Registry sync ejecutado
[22:32:19] [DEBUG] [MONITOR] Hilos activos: RegistrySync:activo, CEOListener:activo, ThreadMonitor:activo
[22:32:21] [DEBUG] [MONITOR] Hilos activos: RegistrySync:activo, CEOListener:activo, ThreadMonitor:activo
[22:32:36] [DEBUG] [MONITOR] Hilos activos: RegistrySync:activo, CEOListener:activo, ThreadMonitor:activo
[22:32:49] [DEBUG] [HILO] Registry sync ejecutado
[22:32:51] [DEBUG] [MONITOR] Hilos activos: RegistrySync:activo, CEOListener:activo, ThreadMonitor:activo
[22:33:06] [DEBUG] [MONITOR] Hilos activos: RegistrySync:activo, CEOListener:activo, ThreadMonitor:activo
[22:33:19] [DEBUG] [HILO] Registry sync ejecutado
[22:33:21] [DEBUG] [MONITOR] Hilos activos: RegistrySync:activo, CEOListener:activo, ThreadMonitor:activo
[22:33:36] [DEBUG] [MONITOR] Hilos activos: RegistrySync:activo, CEOListener:activo, ThreadMonitor:activo
[22:33:49] [DEBUG] [HILO] Registry sync ejecutado
[22:33:51] [DEBUG] [MONITOR] Hilos activos: RegistrySync:activo, CEOListener:activo, ThreadMonitor:activo
[22:34:06] [DEBUG] [MONITOR] Hilos activos: RegistrySync:activo, CEOListener:activo, ThreadMonitor:activo
[22:34:19] [DEBUG] [HILO] Registry sync ejecutado
[22:34:21] [DEBUG] [MONITOR] Hilos activos: RegistrySync:activo, CEOListener:activo, ThreadMonitor:activo
[22:34:36] [DEBUG] [MONITOR] Hilos activos: RegistrySync:activo, CEOListener:activo, ThreadMonitor:activo
[22:34:49] [DEBUG] [HILO] Registry sync ejecutado
[22:34:51] [DEBUG] [MONITOR] Hilos activos: RegistrySync:activo, CEOListener:activo, ThreadMonitor:activo
[22:35:06] [DEBUG] [MONITOR] Hilos activos: RegistrySync:activo, CEOListener:activo, ThreadMonitor:activo
[22:35:19] [DEBUG] [HILO] Registry sync ejecutado
[22:35:21] [DEBUG] [MONITOR] Hilos activos: RegistrySync:activo, CEOListener:activo, ThreadMonitor:activo
[22:35:36] [DEBUG] [MONITOR] Hilos activos: RegistrySync:activo, CEOListener:activo, ThreadMonitor:activo
[22:35:49] [DEBUG] [HILO] Registry sync ejecutado
[22:35:51] [DEBUG] [MONITOR] Hilos activos: RegistrySync:activo, CEOListener:activo, ThreadMonitor:activo
[22:36:06] [DEBUG] [MONITOR] Hilos activos: RegistrySync:activo, CEOListener:activo, ThreadMonitor:activo
[22:36:19] [DEBUG] [HILO] Registry sync ejecutado
[22:36:21] [DEBUG] [MONITOR] Hilos activos: RegistrySync:activo, CEOListener:activo, ThreadMonitor:activo
[22:36:36] [DEBUG] [MONITOR] Hilos activos: RegistrySync:activo, CEOListener:activo, ThreadMonitor:activo
[22:36:49] [DEBUG] [HILO] Registry sync ejecutado
[22:36:51] [DEBUG] [MONITOR] Hilos activos: RegistrySync:activo, CEOListener:activo, ThreadMonitor:activo
[22:37:06] [DEBUG] [MONITOR] Hilos activos: RegistrySync:activo, CEOListener:activo, ThreadMonitor:activo
[22:37:19] [DEBUG] [HILO] Registry sync ejecutado
[22:37:21] [DEBUG] [MONITOR] Hilos activos: RegistrySync:activo, CEOListener:activo, ThreadMonitor:activo
[22:37:36] [DEBUG] [MONITOR] Hilos activos: RegistrySync:activo, CEOListener:activo, ThreadMonitor:activo
[22:37:49] [DEBUG] [HILO] Registry sync ejecutado
[22:37:51] [DEBUG] [MONITOR] Hilos activos: RegistrySync:activo, CEOListener:activo, ThreadMonitor:activo
[22:38:06] [DEBUG] [MONITOR] Hilos activos: RegistrySync:activo, CEOListener:activo, ThreadMonitor:activo
[22:38:19] [DEBUG] [HILO] Registry sync ejecutado
[22:38:21] [DEBUG] [MONITOR] Hilos activos: RegistrySync:activo, CEOListener:activo, ThreadMonitor:activo
[22:38:36] [DEBUG] [MONITOR] Hilos activos: RegistrySync:activo, CEOListener:activo, ThreadMonitor:activo
[22:38:49] [DEBUG] [HILO] Registry sync ejecutado
[22:38:51] [DEBUG] [MONITOR] Hilos activos: RegistrySync:activo, CEOListener:activo, ThreadMonitor:activo
[22:39:06] [DEBUG] [MONITOR] Hilos activos: RegistrySync:activo, CEOListener:activo, ThreadMonitor:activo
[22:39:19] [DEBUG] [HILO] Registry sync ejecutado
[22:39:21] [DEBUG] [MONITOR] Hilos activos: RegistrySync:activo, CEOListener:activo, ThreadMonitor:activo
[22:39:36] [DEBUG] [MONITOR] Hilos activos: RegistrySync:activo, CEOListener:activo, ThreadMonitor:activo
[22:39:49] [DEBUG] [HILO] Registry sync ejecutado
[22:39:51] [DEBUG] [MONITOR] Hilos activos: RegistrySync:activo, CEOListener:activo, ThreadMonitor:activo
[22:40:06] [DEBUG] [MONITOR] Hilos activos: RegistrySync:activo, CEOListener:activo, ThreadMonitor:activo
[22:40:19] [DEBUG] [HILO] Registry sync ejecutado
[22:40:21] [DEBUG] [MONITOR] Hilos activos: RegistrySync:activo, CEOListener:activo, ThreadMonitor:activo
[22:40:36] [DEBUG] [MONITOR] Hilos activos: RegistrySync:activo, CEOListener:activo, ThreadMonitor:activo
[22:40:49] [DEBUG] [HILO] Registry sync ejecutado
[22:40:51] [DEBUG] [MONITOR] Hilos activos: RegistrySync:activo, CEOListener:activo, ThreadMonitor:activo
[22:41:06] [DEBUG] [MONITOR] Hilos activos: RegistrySync:activo, CEOListener:activo, ThreadMonitor:activo
[22:41:19] [DEBUG] [HILO] Registry sync ejecutado
[22:41:21] [DEBUG] [MONITOR] Hilos activos: RegistrySync:activo, CEOListener:activo, ThreadMonitor:activo
[22:41:36] [DEBUG] [MONITOR] Hilos activos: RegistrySync:activo, CEOListener:activo, ThreadMonitor:activo
[22:41:49] [DEBUG] [HILO] Registry sync ejecutado
[22:41:51] [DEBUG] [MONITOR] Hilos activos: RegistrySync:activo, CEOListener:activo, ThreadMonitor:activo
[22:42:06] [DEBUG] [MONITOR] Hilos activos: RegistrySync:activo, CEOListener:activo, ThreadMonitor:activo
[22:42:19] [DEBUG] [HILO] Registry sync ejecutado
[22:42:21] [DEBUG] [MONITOR] Hilos activos: RegistrySync:activo, CEOListener:activo, ThreadMonitor:activo
[22:42:36] [DEBUG] [MONITOR] Hilos activos: RegistrySync:activo, CEOListener:activo, ThreadMonitor:activo
[22:42:49] [DEBUG] [HILO] Registry sync ejecutado
[22:42:51] [DEBUG] [MONITOR] Hilos activos: RegistrySync:activo, CEOListener:activo, ThreadMonitor:activo
[22:43:06] [DEBUG] [MONITOR] Hilos activos: RegistrySync:activo, CEOListener:activo, ThreadMonitor:activo
[22:43:19] [DEBUG] [HILO] Registry sync ejecutado
[22:43:21] [DEBUG] [MONITOR] Hilos activos: RegistrySync:activo, CEOListener:activo, ThreadMonitor:activo
[22:43:36] [DEBUG] [MONITOR] Hilos activos: RegistrySync:activo, CEOListener:activo, ThreadMonitor:activo
[22:43:49] [DEBUG] [HILO] Registry sync ejecutado
[22:43:51] [DEBUG] [MONITOR] Hilos activos: RegistrySync:activo, CEOListener:activo, ThreadMonitor:activo
[22:44:06] [DEBUG] [MONITOR] Hilos activos: RegistrySync:activo, CEOListener:activo, ThreadMonitor:activo
[22:44:19] [DEBUG] [HILO] Registry sync ejecutado
[22:44:21] [DEBUG] [MONITOR] Hilos activos: RegistrySync:activo, CEOListener:activo, ThreadMonitor:activo
[22:44:36] [DEBUG] [MONITOR] Hilos activos: RegistrySync:activo, CEOListener:activo, ThreadMonitor:activo
[22:44:49] [DEBUG] [HILO] Registry sync ejecutado
[22:44:51] [DEBUG] [MONITOR] Hilos activos: RegistrySync:activo, CEOListener:activo, ThreadMonitor:activo
[22:45:06] [DEBUG] [MONITOR] Hilos activos: RegistrySync:activo, CEOListener:activo, ThreadMonitor:activo
[22:45:19] [DEBUG] [HILO] Registry sync ejecutado
[22:45:21] [DEBUG] [MONITOR] Hilos activos: RegistrySync:activo, CEOListener:activo, ThreadMonitor:activo
[22:45:36] [DEBUG] [MONITOR] Hilos activos: RegistrySync:activo, CEOListener:activo, ThreadMonitor:activo
[22:45:49] [DEBUG] [HILO] Registry sync ejecutado
[22:45:51] [DEBUG] [MONITOR] Hilos activos: RegistrySync:activo, CEOListener:activo, ThreadMonitor:activo
[22:46:06] [DEBUG] [MONITOR] Hilos activos: RegistrySync:activo, CEOListener:activo, ThreadMonitor:activo
[22:46:19] [DEBUG] [HILO] Registry sync ejecutado
[22:46:21] [DEBUG] [MONITOR] Hilos activos: RegistrySync:activo, CEOListener:activo, ThreadMonitor:activo
[22:46:36] [DEBUG] [MONITOR] Hilos activos: RegistrySync:activo, CEOListener:activo, ThreadMonitor:activo
[22:46:49] [DEBUG] [HILO] Registry sync ejecutado
[22:46:51] [DEBUG] [MONITOR] Hilos activos: RegistrySync:activo, CEOListener:activo, ThreadMonitor:activo
[22:47:06] [DEBUG] [MONITOR] Hilos activos: RegistrySync:activo, CEOListener:activo, ThreadMonitor:activo
[22:47:19] [DEBUG] [HILO] Registry sync ejecutado
[22:47:21] [DEBUG] [MONITOR] Hilos activos: RegistrySync:activo, CEOListener:activo, ThreadMonitor:activo
[22:47:36] [DEBUG] [MONITOR] Hilos activos: RegistrySync:activo, CEOListener:activo, ThreadMonitor:activo
[22:47:49] [DEBUG] [HILO] Registry sync ejecutado
[22:47:51] [DEBUG] [MONITOR] Hilos activos: RegistrySync:activo, CEOListener:activo, ThreadMonitor:activo
[22:48:06] [DEBUG] [MONITOR] Hilos activos: RegistrySync:activo, CEOListener:activo, ThreadMonitor:activo
[22:48:19] [DEBUG] [HILO] Registry sync ejecutado
[22:48:21] [DEBUG] [MONITOR] Hilos activos: RegistrySync:activo, CEOListener:activo, ThreadMonitor:activo
[22:48:36] [DEBUG] [MONITOR] Hilos activos: RegistrySync:activo, CEOListener:activo, ThreadMonitor:activo
[22:48:49] [DEBUG] [HILO] Registry sync ejecutado
[22:48:51] [DEBUG] [MONITOR] Hilos activos: RegistrySync:activo, CEOListener:activo, ThreadMonitor:activo
[22:49:06] [DEBUG] [MONITOR] Hilos activos: RegistrySync:activo, CEOListener:activo, ThreadMonitor:activo
[22:49:19] [DEBUG] [HILO] Registry sync ejecutado
[22:49:21] [DEBUG] [MONITOR] Hilos activos: RegistrySync:activo, CEOListener:activo, ThreadMonitor:activo
[22:49:36] [DEBUG] [MONITOR] Hilos activos: RegistrySync:activo, CEOListener:activo, ThreadMonitor:activo
[22:49:49] [DEBUG] [HILO] Registry sync ejecutado
[22:49:51] [DEBUG] [MONITOR] Hilos activos: RegistrySync:activo, CEOListener:activo, ThreadMonitor:activo
[22:50:06] [DEBUG] [MONITOR] Hilos activos: RegistrySync:activo, CEOListener:activo, ThreadMonitor:activo
[22:50:19] [DEBUG] [HILO] Registry sync ejecutado
[22:50:21] [DEBUG] [MONITOR] Hilos activos: RegistrySync:activo, CEOListener:activo, ThreadMonitor:activo
[22:50:36] [DEBUG] [MONITOR] Hilos activos: RegistrySync:activo, CEOListener:activo, ThreadMonitor:activo
[22:50:49] [DEBUG] [HILO] Registry sync ejecutado
[22:50:51] [DEBUG] [MONITOR] Hilos activos: RegistrySync:activo, CEOListener:activo, ThreadMonitor:activo
[22:51:06] [DEBUG] [MONITOR] Hilos activos: RegistrySync:activo, CEOListener:activo, ThreadMonitor:activo
[22:51:19] [DEBUG] [HILO] Registry sync ejecutado
[22:51:21] [DEBUG] [MONITOR] Hilos activos: RegistrySync:activo, CEOListener:activo, ThreadMonitor:activo
[22:51:36] [DEBUG] [MONITOR] Hilos activos: RegistrySync:activo, CEOListener:activo, ThreadMonitor:activo
[22:51:49] [DEBUG] [HILO] Registry sync ejecutado
[22:51:51] [DEBUG] [MONITOR] Hilos activos: RegistrySync:activo, CEOListener:activo, ThreadMonitor:activo
[22:52:06] [DEBUG] [MONITOR] Hilos activos: RegistrySync:activo, CEOListener:activo, ThreadMonitor:activo
[22:52:19] [DEBUG] [HILO] Registry sync ejecutado
[22:52:21] [DEBUG] [MONITOR] Hilos activos: RegistrySync:activo, CEOListener:activo, ThreadMonitor:activo
[22:52:36] [DEBUG] [MONITOR] Hilos activos: RegistrySync:activo, CEOListener:activo, ThreadMonitor:activo
[22:52:49] [DEBUG] [HILO] Registry sync ejecutado
[22:52:51] [DEBUG] [MONITOR] Hilos activos: RegistrySync:activo, CEOListener:activo, ThreadMonitor:activo
[22:53:06] [DEBUG] [MONITOR] Hilos activos: RegistrySync:activo, CEOListener:activo, ThreadMonitor:activo
[22:53:19] [DEBUG] [HILO] Registry sync ejecutado
[22:53:21] [DEBUG] [MONITOR] Hilos activos: RegistrySync:activo, CEOListener:activo, ThreadMonitor:activo
[22:53:36] [DEBUG] [MONITOR] Hilos activos: RegistrySync:activo, CEOListener:activo, ThreadMonitor:activo
[22:53:49] [DEBUG] [HILO] Registry sync ejecutado
[22:53:51] [DEBUG] [MONITOR] Hilos activos: RegistrySync:activo, CEOListener:activo, ThreadMonitor:activo
[22:54:06] [DEBUG] [MONITOR] Hilos activos: RegistrySync:activo, CEOListener:activo, ThreadMonitor:activo
[22:54:19] [DEBUG] [HILO] Registry sync ejecutado
[22:54:21] [DEBUG] [MONITOR] Hilos activos: RegistrySync:activo, CEOListener:activo, ThreadMonitor:activo
[22:54:36] [DEBUG] [MONITOR] Hilos activos: RegistrySync:activo, CEOListener:activo, ThreadMonitor:activo
[22:54:49] [DEBUG] [HILO] Registry sync ejecutado
[22:54:51] [DEBUG] [MONITOR] Hilos activos: RegistrySync:activo, CEOListener:activo, ThreadMonitor:activo
[22:55:06] [DEBUG] [MONITOR] Hilos activos: RegistrySync:activo, CEOListener:activo, ThreadMonitor:activo
[22:55:19] [DEBUG] [HILO] Registry sync ejecutado
[22:55:21] [DEBUG] [MONITOR] Hilos activos: RegistrySync:activo, CEOListener:activo, ThreadMonitor:activo
[22:55:36] [DEBUG] [MONITOR] Hilos activos: RegistrySync:activo, CEOListener:activo, ThreadMonitor:activo
[22:55:49] [DEBUG] [HILO] Registry sync ejecutado
[22:55:51] [DEBUG] [MONITOR] Hilos activos: RegistrySync:activo, CEOListener:activo, ThreadMonitor:activo
[22:56:06] [DEBUG] [MONITOR] Hilos activos: RegistrySync:activo, CEOListener:activo, ThreadMonitor:activo
[22:56:19] [DEBUG] [HILO] Registry sync ejecutado
[22:56:21] [DEBUG] [MONITOR] Hilos activos: RegistrySync:activo, CEOListener:activo, ThreadMonitor:activo
[22:56:36] [DEBUG] [MONITOR] Hilos activos: RegistrySync:activo, CEOListener:activo, ThreadMonitor:activo
[22:56:49] [DEBUG] [HILO] Registry sync ejecutado
[22:56:51] [DEBUG] [MONITOR] Hilos activos: RegistrySync:activo, CEOListener:activo, ThreadMonitor:activo
[22:57:06] [DEBUG] [MONITOR] Hilos activos: RegistrySync:activo, CEOListener:activo, ThreadMonitor:activo
[22:57:19] [DEBUG] [HILO] Registry sync ejecutado
[22:57:21] [DEBUG] [MONITOR] Hilos activos: RegistrySync:activo, CEOListener:activo, ThreadMonitor:activo
[22:57:36] [DEBUG] [MONITOR] Hilos activos: RegistrySync:activo, CEOListener:activo, ThreadMonitor:activo
[22:57:49] [DEBUG] [HILO] Registry sync ejecutado
[22:57:51] [DEBUG] [MONITOR] Hilos activos: RegistrySync:activo, CEOListener:activo, ThreadMonitor:activo
[22:58:06] [DEBUG] [MONITOR] Hilos activos: RegistrySync:activo, CEOListener:activo, ThreadMonitor:activo
[22:58:19] [DEBUG] [HILO] Registry sync ejecutado
[22:58:21] [DEBUG] [MONITOR] Hilos activos: RegistrySync:activo, CEOListener:activo, ThreadMonitor:activo
[22:58:36] [DEBUG] [MONITOR] Hilos activos: RegistrySync:activo, CEOListener:activo, ThreadMonitor:activo
[22:58:49] [DEBUG] [HILO] Registry sync ejecutado
[22:58:51] [DEBUG] [MONITOR] Hilos activos: RegistrySync:activo, CEOListener:activo, ThreadMonitor:activo
[22:59:06] [DEBUG] [MONITOR] Hilos activos: RegistrySync:activo, CEOListener:activo, ThreadMonitor:activo
[22:59:19] [DEBUG] [HILO] Registry sync ejecutado
[22:59:21] [DEBUG] [MONITOR] Hilos activos: RegistrySync:activo, CEOListener:activo, ThreadMonitor:activo
[22:59:36] [DEBUG] [MONITOR] Hilos activos: RegistrySync:activo, CEOListener:activo, ThreadMonitor:activo
[22:59:49] [DEBUG] [HILO] Registry sync ejecutado
[22:59:51] [DEBUG] [MONITOR] Hilos activos: RegistrySync:activo, CEOListener:activo, ThreadMonitor:activo
[23:00:06] [DEBUG] [MONITOR] Hilos activos: RegistrySync:activo, CEOListener:activo, ThreadMonitor:activo
[23:00:19] [DEBUG] [HILO] Registry sync ejecutado
[23:00:21] [DEBUG] [MONITOR] Hilos activos: RegistrySync:activo, CEOListener:activo, ThreadMonitor:activo
[23:00:36] [DEBUG] [MONITOR] Hilos activos: RegistrySync:activo, CEOListener:activo, ThreadMonitor:activo
[23:00:49] [DEBUG] [HILO] Registry sync ejecutado
[23:00:51] [DEBUG] [MONITOR] Hilos activos: RegistrySync:activo, CEOListener:activo, ThreadMonitor:activo
[23:01:06] [DEBUG] [MONITOR] Hilos activos: RegistrySync:activo, CEOListener:activo, ThreadMonitor:activo
[23:01:19] [DEBUG] [HILO] Registry sync ejecutado
[23:01:21] [DEBUG] [MONITOR] Hilos activos: RegistrySync:activo, CEOListener:activo, ThreadMonitor:activo
[23:01:36] [DEBUG] [MONITOR] Hilos activos: RegistrySync:activo, CEOListener:activo, ThreadMonitor:activo
[23:01:49] [DEBUG] [HILO] Registry sync ejecutado
[23:01:51] [DEBUG] [MONITOR] Hilos activos: RegistrySync:activo, CEOListener:activo, ThreadMonitor:activo
[23:02:06] [DEBUG] [MONITOR] Hilos activos: RegistrySync:activo, CEOListener:activo, ThreadMonitor:activo
[23:02:19] [DEBUG] [HILO] Registry sync ejecutado
[23:02:21] [DEBUG] [MONITOR] Hilos activos: RegistrySync:activo, CEOListener:activo, ThreadMonitor:activo
[23:02:36] [DEBUG] [MONITOR] Hilos activos: RegistrySync:activo, CEOListener:activo, ThreadMonitor:activo
[23:02:49] [DEBUG] [HILO] Registry sync ejecutado
[23:02:51] [DEBUG] [MONITOR] Hilos activos: RegistrySync:activo, CEOListener:activo, ThreadMonitor:activo
[23:03:06] [DEBUG] [MONITOR] Hilos activos: RegistrySync:activo, CEOListener:activo, ThreadMonitor:activo
[23:03:19] [DEBUG] [HILO] Registry sync ejecutado
[23:03:21] [DEBUG] [MONITOR] Hilos activos: RegistrySync:activo, CEOListener:activo, ThreadMonitor:activo
[23:03:36] [DEBUG] [MONITOR] Hilos activos: RegistrySync:activo, CEOListener:activo, ThreadMonitor:activo
[23:03:49] [DEBUG] [HILO] Registry sync ejecutado
[23:03:51] [DEBUG] [MONITOR] Hilos activos: RegistrySync:activo, CEOListener:activo, ThreadMonitor:activo
[23:03:59] [INFO] CEOIA INICIALIZADO con dimension de estado 12
[23:03:59] [INFO] 
========================================
 TESTS BASICOS DEL SISTEMA
========================================
[23:03:59] [SUCCESS] Tests basicos completados
[23:03:59] [INFO] 
========================================
 DEMO: MATCHING ENGINE INTEGRADO
========================================
[23:03:59] [MATCH] Similaridad A0 ↔ A1: 0.266 | breakdown: {'preferences': 0.8409479888295059, 'rating': 0.8076018161165208, 'location': 0.9687425441667261, 'recency': 0.9999999999364882}
[23:03:59] [MATCH] Recomendaciones para A0: [('A3', '0.93'), ('A4', '0.93'), ('A1', '0.91'), ('A6', '0.90'), ('A7', '0.88'), ('A5', '0.86'), ('A2', '0.86'), ('A9', '0.86'), ('A8', '0.82')]
[23:03:59] [MATCH] Clusters geograficos: 3 celdas
[23:03:59] [INFO] 
========================================
 DEMO: RL + MATCHING INTEGRATION
========================================
[23:03:59] [INFO] 
========================================
 ENTRENAMIENTO RL
========================================
[23:03:59] [TRAIN] Agente: QLearningAgent
[23:03:59] [TRAIN] Episodios: 50
[23:03:59] [RL] Q-Table size: 44 estados
[23:03:59] [RL] Oferta seleccionada por RL+Matching: $30.00
[23:03:59] [RL] Negociacion simulada completada con RL+Matching
[23:03:59] [INFO] 
========================================
 DEMO: CEOIA ENSAMBLE
========================================
[23:03:59] [INFO] 
========================================
 AGENTE VIVO - PRESIONA CTRL+C PARA DETENER
========================================
[23:04:06] [DEBUG] [MONITOR] Hilos activos: RegistrySync:activo, CEOListener:activo, ThreadMonitor:activo
[23:04:09] [WARN] AGENTE DETENIDO POR USUARIO (CTRL+C)
[23:04:09] [SAVE] Estado y cerebro guardados
[23:04:19] [DEBUG] [HILO] Registry sync ejecutado
[23:04:21] [DEBUG] [MONITOR] Hilos activos: RegistrySync:activo, CEOListener:activo, ThreadMonitor:activo
[23:04:36] [DEBUG] [MONITOR] Hilos activos: RegistrySync:activo, CEOListener:activo, ThreadMonitor:activo
[23:04:49] [DEBUG] [HILO] Registry sync ejecutado
[23:04:51] [DEBUG] [MONITOR] Hilos activos: RegistrySync:activo, CEOListener:activo, ThreadMonitor:activo
[23:05:06] [DEBUG] [MONITOR] Hilos activos: RegistrySync:activo, CEOListener:activo, ThreadMonitor:activo
[23:05:19] [DEBUG] [HILO] Registry sync ejecutado
[23:05:21] [DEBUG] [MONITOR] Hilos activos: RegistrySync:activo, CEOListener:activo, ThreadMonitor:activo
[23:05:36] [DEBUG] [MONITOR] Hilos activos: RegistrySync:activo, CEOListener:activo, ThreadMonitor:activo
[23:05:49] [DEBUG] [HILO] Registry sync ejecutado
[23:05:51] [DEBUG] [MONITOR] Hilos activos: RegistrySync:activo, CEOListener:activo, ThreadMonitor:activo
[23:06:06] [DEBUG] [MONITOR] Hilos activos: RegistrySync:activo, CEOListener:activo, ThreadMonitor:activo
[23:06:19] [DEBUG] [HILO] Registry sync ejecutado
[23:06:21] [DEBUG] [MONITOR] Hilos activos: RegistrySync:activo, CEOListener:activo, ThreadMonitor:activo
[23:06:36] [DEBUG] [MONITOR] Hilos activos: RegistrySync:activo, CEOListener:activo, ThreadMonitor:activo
[23:06:49] [DEBUG] [HILO] Registry sync ejecutado
[23:06:51] [DEBUG] [MONITOR] Hilos activos: RegistrySync:activo, CEOListener:activo, ThreadMonitor:activo
[23:07:06] [DEBUG] [MONITOR] Hilos activos: RegistrySync:activo, CEOListener:activo, ThreadMonitor:activo
[23:07:19] [DEBUG] [HILO] Registry sync ejecutado
[23:07:21] [DEBUG] [MONITOR] Hilos activos: RegistrySync:activo, CEOListener:activo, ThreadMonitor:activo
[23:07:36] [DEBUG] [MONITOR] Hilos activos: RegistrySync:activo, CEOListener:activo, ThreadMonitor:activo
[23:07:49] [DEBUG] [HILO] Registry sync ejecutado
[23:07:51] [DEBUG] [MONITOR] Hilos activos: RegistrySync:activo, CEOListener:activo, ThreadMonitor:activo
[23:08:06] [DEBUG] [MONITOR] Hilos activos: RegistrySync:activo, CEOListener:activo, ThreadMonitor:activo
[23:08:19] [DEBUG] [HILO] Registry sync ejecutado
[23:08:21] [DEBUG] [MONITOR] Hilos activos: RegistrySync:activo, CEOListener:activo, ThreadMonitor:activo
[23:08:36] [DEBUG] [MONITOR] Hilos activos: RegistrySync:activo, CEOListener:activo, ThreadMonitor:activo
[23:08:49] [DEBUG] [HILO] Registry sync ejecutado
[23:08:51] [DEBUG] [MONITOR] Hilos activos: RegistrySync:activo, CEOListener:activo, ThreadMonitor:activo
[23:09:06] [DEBUG] [MONITOR] Hilos activos: RegistrySync:activo, CEOListener:activo, ThreadMonitor:activo
[23:09:19] [DEBUG] [HILO] Registry sync ejecutado
[23:09:21] [DEBUG] [MONITOR] Hilos activos: RegistrySync:activo, CEOListener:activo, ThreadMonitor:activo
[23:13:27] [INFO] CEOIA INICIALIZADO con dimension de estado 12
[23:13:27] [INFO] 
========================================
 TESTS BASICOS DEL SISTEMA
========================================
[23:13:27] [SUCCESS] Tests basicos completados
[23:13:27] [INFO] 
========================================
 DEMO: MATCHING ENGINE INTEGRADO
========================================
[23:13:27] [MATCH] Similaridad A0 ↔ A1: 0.239 | breakdown: {'preferences': 0.8999932653434901, 'rating': 0.6266924496449692, 'location': 0.9687425441667261, 'recency': 0.9999999999498592}
[23:13:27] [MATCH] Recomendaciones para A0: [('A3', '0.95'), ('A9', '0.95'), ('A7', '0.92'), ('A6', '0.91'), ('A1', '0.89'), ('A2', '0.88'), ('A4', '0.87'), ('A8', '0.85'), ('A5', '0.83')]
[23:13:27] [MATCH] Clusters geograficos: 3 celdas
[23:13:27] [INFO] 
========================================
 DEMO: RL + MATCHING INTEGRATION
========================================
[23:13:27] [INFO] 
========================================
 ENTRENAMIENTO RL
========================================
[23:13:27] [TRAIN] Agente: QLearningAgent
[23:13:27] [TRAIN] Episodios: 50
[23:13:27] [RL] Q-Table size: 46 estados
[23:13:27] [RL] Oferta seleccionada por RL+Matching: $30.00
[23:13:27] [RL] Negociacion simulada completada con RL+Matching
[23:13:27] [INFO] 
========================================
 DEMO: CEOIA ENSAMBLE
========================================
[23:13:27] [INFO] 
========================================
 AGENTE VIVO - PRESIONA CTRL+C PARA DETENER
========================================
[23:13:34] [WARN] AGENTE DETENIDO POR USUARIO (CTRL+C)
[23:13:34] [SAVE] Estado y cerebro guardados
[23:14:22] [INFO] CEOIA INICIALIZADO con dimension de estado 12
[23:14:22] [INFO] 
========================================
 TESTS BASICOS DEL SISTEMA
========================================
[23:14:22] [SUCCESS] Tests basicos completados
[23:14:22] [INFO] 
========================================
 DEMO: MATCHING ENGINE INTEGRADO
========================================
[23:14:22] [MATCH] Similaridad A0 ↔ A1: 0.251 | breakdown: {'preferences': 0.9832555785893926, 'rating': 0.7039815423145921, 'location': 0.9687425441667261, 'recency': 0.9999999999346163}
[23:14:22] [MATCH] Recomendaciones para A0: [('A3', '0.97'), ('A4', '0.97'), ('A1', '0.93'), ('A2', '0.93'), ('A8', '0.92'), ('A7', '0.89'), ('A9', '0.88'), ('A6', '0.87'), ('A5', '0.86')]
[23:14:22] [MATCH] Clusters geograficos: 3 celdas
[23:14:22] [INFO] 
========================================
 DEMO: RL + MATCHING INTEGRATION
========================================
[23:14:22] [INFO] 
========================================
 ENTRENAMIENTO RL
========================================
[23:14:22] [TRAIN] Agente: QLearningAgent
[23:14:22] [TRAIN] Episodios: 50
[23:14:22] [RL] Q-Table size: 49 estados
[23:14:22] [RL] Oferta seleccionada por RL+Matching: $30.00
[23:14:22] [RL] Negociacion simulada completada con RL+Matching
[23:14:22] [INFO] 
========================================
 DEMO: CEOIA ENSAMBLE
========================================
[23:14:22] [INFO] 
========================================
 AGENTE VIVO - PRESIONA CTRL+C PARA DETENER
========================================
[23:15:00] [WARN] AGENTE DETENIDO POR USUARIO (CTRL+C)
[23:15:00] [SAVE] Estado y cerebro guardados
[23:21:50] [INFO] CEOIA INICIALIZADO con dimension de estado 12
[23:21:50] [INFO] 
========================================
 TESTS BASICOS DEL SISTEMA
========================================
[23:21:50] [SUCCESS] Tests basicos completados
[23:21:50] [INFO] 
========================================
 DEMO: MATCHING ENGINE INTEGRADO
========================================
[23:21:50] [MATCH] Similaridad A0 ↔ A1: 0.288 | breakdown: {'preferences': 0.8074172523092573, 'rating': 0.9490315692859689, 'location': 0.9687425441667261, 'recency': 0.9999999999562772}
[23:21:50] [MATCH] Recomendaciones para A0: [('A4', '0.94'), ('A2', '0.92'), ('A1', '0.90'), ('A5', '0.90'), ('A7', '0.87'), ('A8', '0.87'), ('A3', '0.84'), ('A9', '0.82'), ('A6', '0.82')]
[23:21:50] [MATCH] Clusters geograficos: 3 celdas
[23:21:50] [INFO] 
========================================
 DEMO: RL + MATCHING INTEGRATION
========================================
[23:21:50] [INFO] 
========================================
 ENTRENAMIENTO RL
========================================
[23:21:50] [TRAIN] Agente: QLearningAgent
[23:21:50] [TRAIN] Episodios: 50
[23:21:50] [RL] Q-Table size: 51 estados
[23:21:50] [RL] Oferta seleccionada por RL+Matching: $30.00
[23:21:50] [RL] Negociacion simulada completada con RL+Matching
[23:21:50] [INFO] 
========================================
 DEMO: CEOIA ENSAMBLE
========================================
[23:21:50] [INFO] 
========================================
 AGENTE VIVO - PRESIONA CTRL+C PARA DETENER
========================================
[23:21:55] [WARN] AGENTE DETENIDO POR USUARIO (CTRL+C)
[23:21:55] [SAVE] Estado y cerebro guardados
